{
  "metadata": {
    "seed": 657259589,
    "num_simulations": 100000,
    "timestamp": "2026-01-07T22:54:38.923996",
    "final_score": -171,
    "num_turns": 6,
    "final_state": {
      "dungeon": [
        {
          "value": 2,
          "suit": "\u2663"
        },
        {
          "value": 14,
          "suit": "\u2660"
        },
        {
          "value": 5,
          "suit": "\u2663"
        },
        {
          "value": 4,
          "suit": "\u2660"
        },
        {
          "value": 3,
          "suit": "\u2666"
        },
        {
          "value": 3,
          "suit": "\u2665"
        },
        {
          "value": 4,
          "suit": "\u2666"
        },
        {
          "value": 12,
          "suit": "\u2663"
        },
        {
          "value": 4,
          "suit": "\u2663"
        },
        {
          "value": 10,
          "suit": "\u2665"
        },
        {
          "value": 7,
          "suit": "\u2665"
        },
        {
          "value": 8,
          "suit": "\u2666"
        },
        {
          "value": 2,
          "suit": "\u2660"
        },
        {
          "value": 12,
          "suit": "\u2660"
        },
        {
          "value": 6,
          "suit": "\u2666"
        },
        {
          "value": 5,
          "suit": "\u2660"
        },
        {
          "value": 5,
          "suit": "\u2665"
        },
        {
          "value": 3,
          "suit": "\u2663"
        },
        {
          "value": 10,
          "suit": "\u2663"
        },
        {
          "value": 2,
          "suit": "\u2666"
        },
        {
          "value": 9,
          "suit": "\u2660"
        },
        {
          "value": 2,
          "suit": "\u2665"
        },
        {
          "value": 11,
          "suit": "\u2663"
        },
        {
          "value": 7,
          "suit": "\u2666"
        },
        {
          "value": 13,
          "suit": "\u2663"
        },
        {
          "value": 3,
          "suit": "\u2660"
        },
        {
          "value": 7,
          "suit": "\u2660"
        },
        {
          "value": 9,
          "suit": "\u2666"
        },
        {
          "value": 5,
          "suit": "\u2666"
        },
        {
          "value": 10,
          "suit": "\u2666"
        },
        {
          "value": 6,
          "suit": "\u2665"
        },
        {
          "value": 7,
          "suit": "\u2663"
        },
        {
          "value": 9,
          "suit": "\u2663"
        },
        {
          "value": 4,
          "suit": "\u2665"
        }
      ],
      "room": [
        {
          "value": 6,
          "suit": "\u2663"
        },
        {
          "value": 8,
          "suit": "\u2660"
        },
        {
          "value": 8,
          "suit": "\u2663"
        },
        {
          "value": 13,
          "suit": "\u2660"
        }
      ],
      "discard": [
        {
          "value": 10,
          "suit": "\u2660"
        },
        {
          "value": 9,
          "suit": "\u2665"
        },
        {
          "value": 14,
          "suit": "\u2663"
        },
        {
          "value": 8,
          "suit": "\u2665"
        },
        {
          "value": 6,
          "suit": "\u2660"
        },
        {
          "value": 11,
          "suit": "\u2660"
        }
      ],
      "equipped_weapon": null,
      "weapon_monsters": [],
      "used_potion": false,
      "health": -4,
      "number_avoided": 0,
      "last_room_avoided": false,
      "exit": false,
      "score": -171,
      "can_avoid": true,
      "can_use_potion": true,
      "game_over": true
    }
  },
  "events": [
    {
      "turn": 0,
      "game_state": {
        "dungeon": [
          {
            "value": 11,
            "suit": "\u2660"
          },
          {
            "value": 6,
            "suit": "\u2660"
          },
          {
            "value": 6,
            "suit": "\u2663"
          },
          {
            "value": 8,
            "suit": "\u2660"
          },
          {
            "value": 8,
            "suit": "\u2663"
          },
          {
            "value": 13,
            "suit": "\u2660"
          },
          {
            "value": 2,
            "suit": "\u2663"
          },
          {
            "value": 14,
            "suit": "\u2660"
          },
          {
            "value": 5,
            "suit": "\u2663"
          },
          {
            "value": 4,
            "suit": "\u2660"
          },
          {
            "value": 3,
            "suit": "\u2666"
          },
          {
            "value": 3,
            "suit": "\u2665"
          },
          {
            "value": 4,
            "suit": "\u2666"
          },
          {
            "value": 12,
            "suit": "\u2663"
          },
          {
            "value": 4,
            "suit": "\u2663"
          },
          {
            "value": 10,
            "suit": "\u2665"
          },
          {
            "value": 7,
            "suit": "\u2665"
          },
          {
            "value": 8,
            "suit": "\u2666"
          },
          {
            "value": 2,
            "suit": "\u2660"
          },
          {
            "value": 12,
            "suit": "\u2660"
          },
          {
            "value": 6,
            "suit": "\u2666"
          },
          {
            "value": 5,
            "suit": "\u2660"
          },
          {
            "value": 5,
            "suit": "\u2665"
          },
          {
            "value": 3,
            "suit": "\u2663"
          },
          {
            "value": 10,
            "suit": "\u2663"
          },
          {
            "value": 2,
            "suit": "\u2666"
          },
          {
            "value": 9,
            "suit": "\u2660"
          },
          {
            "value": 2,
            "suit": "\u2665"
          },
          {
            "value": 11,
            "suit": "\u2663"
          },
          {
            "value": 7,
            "suit": "\u2666"
          },
          {
            "value": 13,
            "suit": "\u2663"
          },
          {
            "value": 3,
            "suit": "\u2660"
          },
          {
            "value": 7,
            "suit": "\u2660"
          },
          {
            "value": 9,
            "suit": "\u2666"
          },
          {
            "value": 5,
            "suit": "\u2666"
          },
          {
            "value": 10,
            "suit": "\u2666"
          },
          {
            "value": 6,
            "suit": "\u2665"
          },
          {
            "value": 7,
            "suit": "\u2663"
          },
          {
            "value": 9,
            "suit": "\u2663"
          },
          {
            "value": 4,
            "suit": "\u2665"
          }
        ],
        "room": [
          {
            "value": 14,
            "suit": "\u2663"
          },
          {
            "value": 10,
            "suit": "\u2660"
          },
          {
            "value": 8,
            "suit": "\u2665"
          },
          {
            "value": 9,
            "suit": "\u2665"
          }
        ],
        "discard": [],
        "equipped_weapon": null,
        "weapon_monsters": [],
        "used_potion": false,
        "health": 20,
        "number_avoided": 0,
        "last_room_avoided": false,
        "exit": false,
        "score": -188,
        "can_avoid": true,
        "can_use_potion": true,
        "game_over": false
      },
      "mcts_stats": [
        {
          "action": 0,
          "visits": 38255,
          "avg_value": 0.04122540796370156,
          "total_value": 1577.0779816514032,
          "ucb1": 0.06575544211424837
        },
        {
          "action": 1,
          "visits": 38576,
          "avg_value": 0.04136466938610939,
          "total_value": 1595.6834862385558,
          "ucb1": 0.06579243023047125
        },
        {
          "action": 2,
          "visits": 7723,
          "avg_value": 0.0,
          "total_value": 0.0,
          "ucb1": 0.05459454345378109
        },
        {
          "action": 3,
          "visits": 7723,
          "avg_value": 0.0,
          "total_value": 0.0,
          "ucb1": 0.05459454345378109
        },
        {
          "action": 4,
          "visits": 7723,
          "avg_value": 0.0,
          "total_value": 0.0,
          "ucb1": 0.05459454345378109
        }
      ],
      "selected_action": 1
    },
    {
      "turn": 1,
      "game_state": {
        "dungeon": [
          {
            "value": 11,
            "suit": "\u2660"
          },
          {
            "value": 6,
            "suit": "\u2660"
          },
          {
            "value": 6,
            "suit": "\u2663"
          },
          {
            "value": 8,
            "suit": "\u2660"
          },
          {
            "value": 8,
            "suit": "\u2663"
          },
          {
            "value": 13,
            "suit": "\u2660"
          },
          {
            "value": 2,
            "suit": "\u2663"
          },
          {
            "value": 14,
            "suit": "\u2660"
          },
          {
            "value": 5,
            "suit": "\u2663"
          },
          {
            "value": 4,
            "suit": "\u2660"
          },
          {
            "value": 3,
            "suit": "\u2666"
          },
          {
            "value": 3,
            "suit": "\u2665"
          },
          {
            "value": 4,
            "suit": "\u2666"
          },
          {
            "value": 12,
            "suit": "\u2663"
          },
          {
            "value": 4,
            "suit": "\u2663"
          },
          {
            "value": 10,
            "suit": "\u2665"
          },
          {
            "value": 7,
            "suit": "\u2665"
          },
          {
            "value": 8,
            "suit": "\u2666"
          },
          {
            "value": 2,
            "suit": "\u2660"
          },
          {
            "value": 12,
            "suit": "\u2660"
          },
          {
            "value": 6,
            "suit": "\u2666"
          },
          {
            "value": 5,
            "suit": "\u2660"
          },
          {
            "value": 5,
            "suit": "\u2665"
          },
          {
            "value": 3,
            "suit": "\u2663"
          },
          {
            "value": 10,
            "suit": "\u2663"
          },
          {
            "value": 2,
            "suit": "\u2666"
          },
          {
            "value": 9,
            "suit": "\u2660"
          },
          {
            "value": 2,
            "suit": "\u2665"
          },
          {
            "value": 11,
            "suit": "\u2663"
          },
          {
            "value": 7,
            "suit": "\u2666"
          },
          {
            "value": 13,
            "suit": "\u2663"
          },
          {
            "value": 3,
            "suit": "\u2660"
          },
          {
            "value": 7,
            "suit": "\u2660"
          },
          {
            "value": 9,
            "suit": "\u2666"
          },
          {
            "value": 5,
            "suit": "\u2666"
          },
          {
            "value": 10,
            "suit": "\u2666"
          },
          {
            "value": 6,
            "suit": "\u2665"
          },
          {
            "value": 7,
            "suit": "\u2663"
          },
          {
            "value": 9,
            "suit": "\u2663"
          },
          {
            "value": 4,
            "suit": "\u2665"
          }
        ],
        "room": [
          {
            "value": 14,
            "suit": "\u2663"
          },
          {
            "value": 8,
            "suit": "\u2665"
          },
          {
            "value": 9,
            "suit": "\u2665"
          }
        ],
        "discard": [
          {
            "value": 10,
            "suit": "\u2660"
          }
        ],
        "equipped_weapon": null,
        "weapon_monsters": [],
        "used_potion": false,
        "health": 10,
        "number_avoided": 0,
        "last_room_avoided": false,
        "exit": false,
        "score": -188,
        "can_avoid": false,
        "can_use_potion": true,
        "game_over": false
      },
      "mcts_stats": [
        {
          "action": 0,
          "visits": 6603,
          "avg_value": 0.0,
          "total_value": 0.0,
          "ucb1": 0.05904343386082642
        },
        {
          "action": 1,
          "visits": 42664,
          "avg_value": 0.049106459348669244,
          "total_value": 2095.0779816516247,
          "ucb1": 0.07233444080454533
        },
        {
          "action": 2,
          "visits": 50733,
          "avg_value": 0.05174906512725791,
          "total_value": 2625.3853211011756,
          "ucb1": 0.07304991756761571
        }
      ],
      "selected_action": 2
    },
    {
      "turn": 2,
      "game_state": {
        "dungeon": [
          {
            "value": 11,
            "suit": "\u2660"
          },
          {
            "value": 6,
            "suit": "\u2660"
          },
          {
            "value": 6,
            "suit": "\u2663"
          },
          {
            "value": 8,
            "suit": "\u2660"
          },
          {
            "value": 8,
            "suit": "\u2663"
          },
          {
            "value": 13,
            "suit": "\u2660"
          },
          {
            "value": 2,
            "suit": "\u2663"
          },
          {
            "value": 14,
            "suit": "\u2660"
          },
          {
            "value": 5,
            "suit": "\u2663"
          },
          {
            "value": 4,
            "suit": "\u2660"
          },
          {
            "value": 3,
            "suit": "\u2666"
          },
          {
            "value": 3,
            "suit": "\u2665"
          },
          {
            "value": 4,
            "suit": "\u2666"
          },
          {
            "value": 12,
            "suit": "\u2663"
          },
          {
            "value": 4,
            "suit": "\u2663"
          },
          {
            "value": 10,
            "suit": "\u2665"
          },
          {
            "value": 7,
            "suit": "\u2665"
          },
          {
            "value": 8,
            "suit": "\u2666"
          },
          {
            "value": 2,
            "suit": "\u2660"
          },
          {
            "value": 12,
            "suit": "\u2660"
          },
          {
            "value": 6,
            "suit": "\u2666"
          },
          {
            "value": 5,
            "suit": "\u2660"
          },
          {
            "value": 5,
            "suit": "\u2665"
          },
          {
            "value": 3,
            "suit": "\u2663"
          },
          {
            "value": 10,
            "suit": "\u2663"
          },
          {
            "value": 2,
            "suit": "\u2666"
          },
          {
            "value": 9,
            "suit": "\u2660"
          },
          {
            "value": 2,
            "suit": "\u2665"
          },
          {
            "value": 11,
            "suit": "\u2663"
          },
          {
            "value": 7,
            "suit": "\u2666"
          },
          {
            "value": 13,
            "suit": "\u2663"
          },
          {
            "value": 3,
            "suit": "\u2660"
          },
          {
            "value": 7,
            "suit": "\u2660"
          },
          {
            "value": 9,
            "suit": "\u2666"
          },
          {
            "value": 5,
            "suit": "\u2666"
          },
          {
            "value": 10,
            "suit": "\u2666"
          },
          {
            "value": 6,
            "suit": "\u2665"
          },
          {
            "value": 7,
            "suit": "\u2663"
          },
          {
            "value": 9,
            "suit": "\u2663"
          },
          {
            "value": 4,
            "suit": "\u2665"
          }
        ],
        "room": [
          {
            "value": 14,
            "suit": "\u2663"
          },
          {
            "value": 8,
            "suit": "\u2665"
          }
        ],
        "discard": [
          {
            "value": 10,
            "suit": "\u2660"
          },
          {
            "value": 9,
            "suit": "\u2665"
          }
        ],
        "equipped_weapon": null,
        "weapon_monsters": [],
        "used_potion": true,
        "health": 19,
        "number_avoided": 0,
        "last_room_avoided": false,
        "exit": false,
        "score": -179,
        "can_avoid": false,
        "can_use_potion": false,
        "game_over": false
      },
      "mcts_stats": [
        {
          "action": 0,
          "visits": 76587,
          "avg_value": 0.06089536837819542,
          "total_value": 4663.793577980852,
          "ucb1": 0.07823200023139022
        },
        {
          "action": 1,
          "visits": 23413,
          "avg_value": 0.04167566281887074,
          "total_value": 975.7522935782206,
          "ucb1": 0.07303116230749168
        }
      ],
      "selected_action": 0
    },
    {
      "turn": 3,
      "game_state": {
        "dungeon": [
          {
            "value": 8,
            "suit": "\u2660"
          },
          {
            "value": 8,
            "suit": "\u2663"
          },
          {
            "value": 13,
            "suit": "\u2660"
          },
          {
            "value": 2,
            "suit": "\u2663"
          },
          {
            "value": 14,
            "suit": "\u2660"
          },
          {
            "value": 5,
            "suit": "\u2663"
          },
          {
            "value": 4,
            "suit": "\u2660"
          },
          {
            "value": 3,
            "suit": "\u2666"
          },
          {
            "value": 3,
            "suit": "\u2665"
          },
          {
            "value": 4,
            "suit": "\u2666"
          },
          {
            "value": 12,
            "suit": "\u2663"
          },
          {
            "value": 4,
            "suit": "\u2663"
          },
          {
            "value": 10,
            "suit": "\u2665"
          },
          {
            "value": 7,
            "suit": "\u2665"
          },
          {
            "value": 8,
            "suit": "\u2666"
          },
          {
            "value": 2,
            "suit": "\u2660"
          },
          {
            "value": 12,
            "suit": "\u2660"
          },
          {
            "value": 6,
            "suit": "\u2666"
          },
          {
            "value": 5,
            "suit": "\u2660"
          },
          {
            "value": 5,
            "suit": "\u2665"
          },
          {
            "value": 3,
            "suit": "\u2663"
          },
          {
            "value": 10,
            "suit": "\u2663"
          },
          {
            "value": 2,
            "suit": "\u2666"
          },
          {
            "value": 9,
            "suit": "\u2660"
          },
          {
            "value": 2,
            "suit": "\u2665"
          },
          {
            "value": 11,
            "suit": "\u2663"
          },
          {
            "value": 7,
            "suit": "\u2666"
          },
          {
            "value": 13,
            "suit": "\u2663"
          },
          {
            "value": 3,
            "suit": "\u2660"
          },
          {
            "value": 7,
            "suit": "\u2660"
          },
          {
            "value": 9,
            "suit": "\u2666"
          },
          {
            "value": 5,
            "suit": "\u2666"
          },
          {
            "value": 10,
            "suit": "\u2666"
          },
          {
            "value": 6,
            "suit": "\u2665"
          },
          {
            "value": 7,
            "suit": "\u2663"
          },
          {
            "value": 9,
            "suit": "\u2663"
          },
          {
            "value": 4,
            "suit": "\u2665"
          }
        ],
        "room": [
          {
            "value": 8,
            "suit": "\u2665"
          },
          {
            "value": 11,
            "suit": "\u2660"
          },
          {
            "value": 6,
            "suit": "\u2660"
          },
          {
            "value": 6,
            "suit": "\u2663"
          }
        ],
        "discard": [
          {
            "value": 10,
            "suit": "\u2660"
          },
          {
            "value": 9,
            "suit": "\u2665"
          },
          {
            "value": 14,
            "suit": "\u2663"
          }
        ],
        "equipped_weapon": null,
        "weapon_monsters": [],
        "used_potion": false,
        "health": 5,
        "number_avoided": 0,
        "last_room_avoided": false,
        "exit": false,
        "score": -179,
        "can_avoid": true,
        "can_use_potion": true,
        "game_over": false
      },
      "mcts_stats": [
        {
          "action": 0,
          "visits": 57816,
          "avg_value": 0.07798165137612803,
          "total_value": 4508.587155962218,
          "ucb1": 0.09793511231262715
        },
        {
          "action": 1,
          "visits": 10546,
          "avg_value": 0.041284403669722435,
          "total_value": 435.3853211008928,
          "ucb1": 0.08800392370512403
        },
        {
          "action": 2,
          "visits": 10546,
          "avg_value": 0.041284403669722435,
          "total_value": 435.3853211008928,
          "ucb1": 0.08800392370512403
        },
        {
          "action": 3,
          "visits": 10546,
          "avg_value": 0.041284403669722435,
          "total_value": 435.3853211008928,
          "ucb1": 0.08800392370512403
        },
        {
          "action": 4,
          "visits": 10546,
          "avg_value": 0.041284403669722435,
          "total_value": 435.3853211008928,
          "ucb1": 0.08800392370512403
        }
      ],
      "selected_action": 0
    },
    {
      "turn": 4,
      "game_state": {
        "dungeon": [
          {
            "value": 8,
            "suit": "\u2660"
          },
          {
            "value": 8,
            "suit": "\u2663"
          },
          {
            "value": 13,
            "suit": "\u2660"
          },
          {
            "value": 2,
            "suit": "\u2663"
          },
          {
            "value": 14,
            "suit": "\u2660"
          },
          {
            "value": 5,
            "suit": "\u2663"
          },
          {
            "value": 4,
            "suit": "\u2660"
          },
          {
            "value": 3,
            "suit": "\u2666"
          },
          {
            "value": 3,
            "suit": "\u2665"
          },
          {
            "value": 4,
            "suit": "\u2666"
          },
          {
            "value": 12,
            "suit": "\u2663"
          },
          {
            "value": 4,
            "suit": "\u2663"
          },
          {
            "value": 10,
            "suit": "\u2665"
          },
          {
            "value": 7,
            "suit": "\u2665"
          },
          {
            "value": 8,
            "suit": "\u2666"
          },
          {
            "value": 2,
            "suit": "\u2660"
          },
          {
            "value": 12,
            "suit": "\u2660"
          },
          {
            "value": 6,
            "suit": "\u2666"
          },
          {
            "value": 5,
            "suit": "\u2660"
          },
          {
            "value": 5,
            "suit": "\u2665"
          },
          {
            "value": 3,
            "suit": "\u2663"
          },
          {
            "value": 10,
            "suit": "\u2663"
          },
          {
            "value": 2,
            "suit": "\u2666"
          },
          {
            "value": 9,
            "suit": "\u2660"
          },
          {
            "value": 2,
            "suit": "\u2665"
          },
          {
            "value": 11,
            "suit": "\u2663"
          },
          {
            "value": 7,
            "suit": "\u2666"
          },
          {
            "value": 13,
            "suit": "\u2663"
          },
          {
            "value": 3,
            "suit": "\u2660"
          },
          {
            "value": 7,
            "suit": "\u2660"
          },
          {
            "value": 9,
            "suit": "\u2666"
          },
          {
            "value": 5,
            "suit": "\u2666"
          },
          {
            "value": 10,
            "suit": "\u2666"
          },
          {
            "value": 6,
            "suit": "\u2665"
          },
          {
            "value": 7,
            "suit": "\u2663"
          },
          {
            "value": 9,
            "suit": "\u2663"
          },
          {
            "value": 4,
            "suit": "\u2665"
          }
        ],
        "room": [
          {
            "value": 11,
            "suit": "\u2660"
          },
          {
            "value": 6,
            "suit": "\u2660"
          },
          {
            "value": 6,
            "suit": "\u2663"
          }
        ],
        "discard": [
          {
            "value": 10,
            "suit": "\u2660"
          },
          {
            "value": 9,
            "suit": "\u2665"
          },
          {
            "value": 14,
            "suit": "\u2663"
          },
          {
            "value": 8,
            "suit": "\u2665"
          }
        ],
        "equipped_weapon": null,
        "weapon_monsters": [],
        "used_potion": true,
        "health": 13,
        "number_avoided": 0,
        "last_room_avoided": false,
        "exit": false,
        "score": -171,
        "can_avoid": false,
        "can_use_potion": false,
        "game_over": false
      },
      "mcts_stats": [
        {
          "action": 0,
          "visits": 33333,
          "avg_value": 0.07798165137614882,
          "total_value": 2599.3623853211684,
          "ucb1": 0.104260422645502
        },
        {
          "action": 1,
          "visits": 33334,
          "avg_value": 0.0779816513761488,
          "total_value": 2599.4403669725443,
          "ucb1": 0.10426002846886015
        },
        {
          "action": 2,
          "visits": 33333,
          "avg_value": 0.07798165137614882,
          "total_value": 2599.3623853211684,
          "ucb1": 0.104260422645502
        }
      ],
      "selected_action": 1
    },
    {
      "turn": 5,
      "game_state": {
        "dungeon": [
          {
            "value": 8,
            "suit": "\u2660"
          },
          {
            "value": 8,
            "suit": "\u2663"
          },
          {
            "value": 13,
            "suit": "\u2660"
          },
          {
            "value": 2,
            "suit": "\u2663"
          },
          {
            "value": 14,
            "suit": "\u2660"
          },
          {
            "value": 5,
            "suit": "\u2663"
          },
          {
            "value": 4,
            "suit": "\u2660"
          },
          {
            "value": 3,
            "suit": "\u2666"
          },
          {
            "value": 3,
            "suit": "\u2665"
          },
          {
            "value": 4,
            "suit": "\u2666"
          },
          {
            "value": 12,
            "suit": "\u2663"
          },
          {
            "value": 4,
            "suit": "\u2663"
          },
          {
            "value": 10,
            "suit": "\u2665"
          },
          {
            "value": 7,
            "suit": "\u2665"
          },
          {
            "value": 8,
            "suit": "\u2666"
          },
          {
            "value": 2,
            "suit": "\u2660"
          },
          {
            "value": 12,
            "suit": "\u2660"
          },
          {
            "value": 6,
            "suit": "\u2666"
          },
          {
            "value": 5,
            "suit": "\u2660"
          },
          {
            "value": 5,
            "suit": "\u2665"
          },
          {
            "value": 3,
            "suit": "\u2663"
          },
          {
            "value": 10,
            "suit": "\u2663"
          },
          {
            "value": 2,
            "suit": "\u2666"
          },
          {
            "value": 9,
            "suit": "\u2660"
          },
          {
            "value": 2,
            "suit": "\u2665"
          },
          {
            "value": 11,
            "suit": "\u2663"
          },
          {
            "value": 7,
            "suit": "\u2666"
          },
          {
            "value": 13,
            "suit": "\u2663"
          },
          {
            "value": 3,
            "suit": "\u2660"
          },
          {
            "value": 7,
            "suit": "\u2660"
          },
          {
            "value": 9,
            "suit": "\u2666"
          },
          {
            "value": 5,
            "suit": "\u2666"
          },
          {
            "value": 10,
            "suit": "\u2666"
          },
          {
            "value": 6,
            "suit": "\u2665"
          },
          {
            "value": 7,
            "suit": "\u2663"
          },
          {
            "value": 9,
            "suit": "\u2663"
          },
          {
            "value": 4,
            "suit": "\u2665"
          }
        ],
        "room": [
          {
            "value": 11,
            "suit": "\u2660"
          },
          {
            "value": 6,
            "suit": "\u2663"
          }
        ],
        "discard": [
          {
            "value": 10,
            "suit": "\u2660"
          },
          {
            "value": 9,
            "suit": "\u2665"
          },
          {
            "value": 14,
            "suit": "\u2663"
          },
          {
            "value": 8,
            "suit": "\u2665"
          },
          {
            "value": 6,
            "suit": "\u2660"
          }
        ],
        "equipped_weapon": null,
        "weapon_monsters": [],
        "used_potion": true,
        "health": 7,
        "number_avoided": 0,
        "last_room_avoided": false,
        "exit": false,
        "score": -171,
        "can_avoid": false,
        "can_use_potion": false,
        "game_over": false
      },
      "mcts_stats": [
        {
          "action": 0,
          "visits": 50000,
          "avg_value": 0.07798165137614883,
          "total_value": 3899.0825688074415,
          "ucb1": 0.0994380709856548
        },
        {
          "action": 1,
          "visits": 50000,
          "avg_value": 0.07798165137614883,
          "total_value": 3899.0825688074415,
          "ucb1": 0.0994380709856548
        }
      ],
      "selected_action": 0
    }
  ]
}