{
  "metadata": {
    "seed": 657259590,
    "num_simulations": 100000,
    "timestamp": "2026-01-07T22:55:29.252444",
    "final_score": -181,
    "num_turns": 5,
    "final_state": {
      "dungeon": [
        {
          "value": 12,
          "suit": "\u2663"
        },
        {
          "value": 11,
          "suit": "\u2660"
        },
        {
          "value": 4,
          "suit": "\u2663"
        },
        {
          "value": 2,
          "suit": "\u2660"
        },
        {
          "value": 7,
          "suit": "\u2666"
        },
        {
          "value": 3,
          "suit": "\u2663"
        },
        {
          "value": 2,
          "suit": "\u2665"
        },
        {
          "value": 8,
          "suit": "\u2666"
        },
        {
          "value": 10,
          "suit": "\u2666"
        },
        {
          "value": 4,
          "suit": "\u2665"
        },
        {
          "value": 9,
          "suit": "\u2665"
        },
        {
          "value": 6,
          "suit": "\u2663"
        },
        {
          "value": 6,
          "suit": "\u2665"
        },
        {
          "value": 12,
          "suit": "\u2660"
        },
        {
          "value": 8,
          "suit": "\u2665"
        },
        {
          "value": 8,
          "suit": "\u2663"
        },
        {
          "value": 14,
          "suit": "\u2663"
        },
        {
          "value": 4,
          "suit": "\u2660"
        },
        {
          "value": 5,
          "suit": "\u2666"
        },
        {
          "value": 2,
          "suit": "\u2666"
        },
        {
          "value": 9,
          "suit": "\u2663"
        },
        {
          "value": 9,
          "suit": "\u2666"
        },
        {
          "value": 5,
          "suit": "\u2665"
        },
        {
          "value": 11,
          "suit": "\u2663"
        },
        {
          "value": 9,
          "suit": "\u2660"
        },
        {
          "value": 13,
          "suit": "\u2660"
        },
        {
          "value": 2,
          "suit": "\u2663"
        },
        {
          "value": 10,
          "suit": "\u2663"
        },
        {
          "value": 5,
          "suit": "\u2660"
        },
        {
          "value": 13,
          "suit": "\u2663"
        },
        {
          "value": 6,
          "suit": "\u2666"
        },
        {
          "value": 10,
          "suit": "\u2665"
        },
        {
          "value": 3,
          "suit": "\u2665"
        },
        {
          "value": 3,
          "suit": "\u2666"
        },
        {
          "value": 4,
          "suit": "\u2666"
        },
        {
          "value": 10,
          "suit": "\u2660"
        },
        {
          "value": 6,
          "suit": "\u2660"
        }
      ],
      "room": [
        {
          "value": 8,
          "suit": "\u2660"
        },
        {
          "value": 5,
          "suit": "\u2663"
        }
      ],
      "discard": [
        {
          "value": 7,
          "suit": "\u2663"
        },
        {
          "value": 7,
          "suit": "\u2665"
        },
        {
          "value": 3,
          "suit": "\u2660"
        },
        {
          "value": 7,
          "suit": "\u2660"
        },
        {
          "value": 14,
          "suit": "\u2660"
        }
      ],
      "equipped_weapon": null,
      "weapon_monsters": [],
      "used_potion": false,
      "health": -4,
      "number_avoided": 0,
      "last_room_avoided": false,
      "exit": false,
      "score": -181,
      "can_avoid": false,
      "can_use_potion": true,
      "game_over": true
    }
  },
  "events": [
    {
      "turn": 0,
      "game_state": {
        "dungeon": [
          {
            "value": 5,
            "suit": "\u2663"
          },
          {
            "value": 7,
            "suit": "\u2660"
          },
          {
            "value": 14,
            "suit": "\u2660"
          },
          {
            "value": 12,
            "suit": "\u2663"
          },
          {
            "value": 11,
            "suit": "\u2660"
          },
          {
            "value": 4,
            "suit": "\u2663"
          },
          {
            "value": 2,
            "suit": "\u2660"
          },
          {
            "value": 7,
            "suit": "\u2666"
          },
          {
            "value": 3,
            "suit": "\u2663"
          },
          {
            "value": 2,
            "suit": "\u2665"
          },
          {
            "value": 8,
            "suit": "\u2666"
          },
          {
            "value": 10,
            "suit": "\u2666"
          },
          {
            "value": 4,
            "suit": "\u2665"
          },
          {
            "value": 9,
            "suit": "\u2665"
          },
          {
            "value": 6,
            "suit": "\u2663"
          },
          {
            "value": 6,
            "suit": "\u2665"
          },
          {
            "value": 12,
            "suit": "\u2660"
          },
          {
            "value": 8,
            "suit": "\u2665"
          },
          {
            "value": 8,
            "suit": "\u2663"
          },
          {
            "value": 14,
            "suit": "\u2663"
          },
          {
            "value": 4,
            "suit": "\u2660"
          },
          {
            "value": 5,
            "suit": "\u2666"
          },
          {
            "value": 2,
            "suit": "\u2666"
          },
          {
            "value": 9,
            "suit": "\u2663"
          },
          {
            "value": 9,
            "suit": "\u2666"
          },
          {
            "value": 5,
            "suit": "\u2665"
          },
          {
            "value": 11,
            "suit": "\u2663"
          },
          {
            "value": 9,
            "suit": "\u2660"
          },
          {
            "value": 13,
            "suit": "\u2660"
          },
          {
            "value": 2,
            "suit": "\u2663"
          },
          {
            "value": 10,
            "suit": "\u2663"
          },
          {
            "value": 5,
            "suit": "\u2660"
          },
          {
            "value": 13,
            "suit": "\u2663"
          },
          {
            "value": 6,
            "suit": "\u2666"
          },
          {
            "value": 10,
            "suit": "\u2665"
          },
          {
            "value": 3,
            "suit": "\u2665"
          },
          {
            "value": 3,
            "suit": "\u2666"
          },
          {
            "value": 4,
            "suit": "\u2666"
          },
          {
            "value": 10,
            "suit": "\u2660"
          },
          {
            "value": 6,
            "suit": "\u2660"
          }
        ],
        "room": [
          {
            "value": 7,
            "suit": "\u2665"
          },
          {
            "value": 7,
            "suit": "\u2663"
          },
          {
            "value": 8,
            "suit": "\u2660"
          },
          {
            "value": 3,
            "suit": "\u2660"
          }
        ],
        "discard": [],
        "equipped_weapon": null,
        "weapon_monsters": [],
        "used_potion": false,
        "health": 20,
        "number_avoided": 0,
        "last_room_avoided": false,
        "exit": false,
        "score": -188,
        "can_avoid": true,
        "can_use_potion": true,
        "game_over": false
      },
      "mcts_stats": [
        {
          "action": 0,
          "visits": 10110,
          "avg_value": 0.0,
          "total_value": 0.0,
          "ucb1": 0.04771629096688012
        },
        {
          "action": 1,
          "visits": 28910,
          "avg_value": 0.02673291677111803,
          "total_value": 772.8486238530222,
          "ucb1": 0.05495039574752811
        },
        {
          "action": 2,
          "visits": 28910,
          "avg_value": 0.02673307544133468,
          "total_value": 772.8532110089856,
          "ucb1": 0.054950554417744754
        },
        {
          "action": 3,
          "visits": 21960,
          "avg_value": 0.021031149212075714,
          "total_value": 461.8440366971827,
          "ucb1": 0.053407365157874837
        },
        {
          "action": 4,
          "visits": 10110,
          "avg_value": 0.0,
          "total_value": 0.0,
          "ucb1": 0.04771629096688012
        }
      ],
      "selected_action": 1
    },
    {
      "turn": 1,
      "game_state": {
        "dungeon": [
          {
            "value": 5,
            "suit": "\u2663"
          },
          {
            "value": 7,
            "suit": "\u2660"
          },
          {
            "value": 14,
            "suit": "\u2660"
          },
          {
            "value": 12,
            "suit": "\u2663"
          },
          {
            "value": 11,
            "suit": "\u2660"
          },
          {
            "value": 4,
            "suit": "\u2663"
          },
          {
            "value": 2,
            "suit": "\u2660"
          },
          {
            "value": 7,
            "suit": "\u2666"
          },
          {
            "value": 3,
            "suit": "\u2663"
          },
          {
            "value": 2,
            "suit": "\u2665"
          },
          {
            "value": 8,
            "suit": "\u2666"
          },
          {
            "value": 10,
            "suit": "\u2666"
          },
          {
            "value": 4,
            "suit": "\u2665"
          },
          {
            "value": 9,
            "suit": "\u2665"
          },
          {
            "value": 6,
            "suit": "\u2663"
          },
          {
            "value": 6,
            "suit": "\u2665"
          },
          {
            "value": 12,
            "suit": "\u2660"
          },
          {
            "value": 8,
            "suit": "\u2665"
          },
          {
            "value": 8,
            "suit": "\u2663"
          },
          {
            "value": 14,
            "suit": "\u2663"
          },
          {
            "value": 4,
            "suit": "\u2660"
          },
          {
            "value": 5,
            "suit": "\u2666"
          },
          {
            "value": 2,
            "suit": "\u2666"
          },
          {
            "value": 9,
            "suit": "\u2663"
          },
          {
            "value": 9,
            "suit": "\u2666"
          },
          {
            "value": 5,
            "suit": "\u2665"
          },
          {
            "value": 11,
            "suit": "\u2663"
          },
          {
            "value": 9,
            "suit": "\u2660"
          },
          {
            "value": 13,
            "suit": "\u2660"
          },
          {
            "value": 2,
            "suit": "\u2663"
          },
          {
            "value": 10,
            "suit": "\u2663"
          },
          {
            "value": 5,
            "suit": "\u2660"
          },
          {
            "value": 13,
            "suit": "\u2663"
          },
          {
            "value": 6,
            "suit": "\u2666"
          },
          {
            "value": 10,
            "suit": "\u2665"
          },
          {
            "value": 3,
            "suit": "\u2665"
          },
          {
            "value": 3,
            "suit": "\u2666"
          },
          {
            "value": 4,
            "suit": "\u2666"
          },
          {
            "value": 10,
            "suit": "\u2660"
          },
          {
            "value": 6,
            "suit": "\u2660"
          }
        ],
        "room": [
          {
            "value": 7,
            "suit": "\u2665"
          },
          {
            "value": 8,
            "suit": "\u2660"
          },
          {
            "value": 3,
            "suit": "\u2660"
          }
        ],
        "discard": [
          {
            "value": 7,
            "suit": "\u2663"
          }
        ],
        "equipped_weapon": null,
        "weapon_monsters": [],
        "used_potion": false,
        "health": 13,
        "number_avoided": 0,
        "last_room_avoided": false,
        "exit": false,
        "score": -188,
        "can_avoid": false,
        "can_use_potion": true,
        "game_over": false
      },
      "mcts_stats": [
        {
          "action": 0,
          "visits": 42481,
          "avg_value": 0.03211009174310938,
          "total_value": 1364.0688073390295,
          "ucb1": 0.05538805027836072
        },
        {
          "action": 1,
          "visits": 28758,
          "avg_value": 0.025235419135060406,
          "total_value": 725.7201834860672,
          "ucb1": 0.053527371376223126
        },
        {
          "action": 2,
          "visits": 28761,
          "avg_value": 0.0252372526634345,
          "total_value": 725.8486238530396,
          "ucb1": 0.053527729328815
        }
      ],
      "selected_action": 0
    },
    {
      "turn": 2,
      "game_state": {
        "dungeon": [
          {
            "value": 5,
            "suit": "\u2663"
          },
          {
            "value": 7,
            "suit": "\u2660"
          },
          {
            "value": 14,
            "suit": "\u2660"
          },
          {
            "value": 12,
            "suit": "\u2663"
          },
          {
            "value": 11,
            "suit": "\u2660"
          },
          {
            "value": 4,
            "suit": "\u2663"
          },
          {
            "value": 2,
            "suit": "\u2660"
          },
          {
            "value": 7,
            "suit": "\u2666"
          },
          {
            "value": 3,
            "suit": "\u2663"
          },
          {
            "value": 2,
            "suit": "\u2665"
          },
          {
            "value": 8,
            "suit": "\u2666"
          },
          {
            "value": 10,
            "suit": "\u2666"
          },
          {
            "value": 4,
            "suit": "\u2665"
          },
          {
            "value": 9,
            "suit": "\u2665"
          },
          {
            "value": 6,
            "suit": "\u2663"
          },
          {
            "value": 6,
            "suit": "\u2665"
          },
          {
            "value": 12,
            "suit": "\u2660"
          },
          {
            "value": 8,
            "suit": "\u2665"
          },
          {
            "value": 8,
            "suit": "\u2663"
          },
          {
            "value": 14,
            "suit": "\u2663"
          },
          {
            "value": 4,
            "suit": "\u2660"
          },
          {
            "value": 5,
            "suit": "\u2666"
          },
          {
            "value": 2,
            "suit": "\u2666"
          },
          {
            "value": 9,
            "suit": "\u2663"
          },
          {
            "value": 9,
            "suit": "\u2666"
          },
          {
            "value": 5,
            "suit": "\u2665"
          },
          {
            "value": 11,
            "suit": "\u2663"
          },
          {
            "value": 9,
            "suit": "\u2660"
          },
          {
            "value": 13,
            "suit": "\u2660"
          },
          {
            "value": 2,
            "suit": "\u2663"
          },
          {
            "value": 10,
            "suit": "\u2663"
          },
          {
            "value": 5,
            "suit": "\u2660"
          },
          {
            "value": 13,
            "suit": "\u2663"
          },
          {
            "value": 6,
            "suit": "\u2666"
          },
          {
            "value": 10,
            "suit": "\u2665"
          },
          {
            "value": 3,
            "suit": "\u2665"
          },
          {
            "value": 3,
            "suit": "\u2666"
          },
          {
            "value": 4,
            "suit": "\u2666"
          },
          {
            "value": 10,
            "suit": "\u2660"
          },
          {
            "value": 6,
            "suit": "\u2660"
          }
        ],
        "room": [
          {
            "value": 8,
            "suit": "\u2660"
          },
          {
            "value": 3,
            "suit": "\u2660"
          }
        ],
        "discard": [
          {
            "value": 7,
            "suit": "\u2663"
          },
          {
            "value": 7,
            "suit": "\u2665"
          }
        ],
        "equipped_weapon": null,
        "weapon_monsters": [],
        "used_potion": true,
        "health": 20,
        "number_avoided": 0,
        "last_room_avoided": false,
        "exit": false,
        "score": -181,
        "can_avoid": false,
        "can_use_potion": false,
        "game_over": false
      },
      "mcts_stats": [
        {
          "action": 0,
          "visits": 50000,
          "avg_value": 0.032110091743108984,
          "total_value": 1605.5045871554491,
          "ucb1": 0.05356651135261495
        },
        {
          "action": 1,
          "visits": 50000,
          "avg_value": 0.032110091743108984,
          "total_value": 1605.5045871554491,
          "ucb1": 0.05356651135261495
        }
      ],
      "selected_action": 1
    },
    {
      "turn": 3,
      "game_state": {
        "dungeon": [
          {
            "value": 12,
            "suit": "\u2663"
          },
          {
            "value": 11,
            "suit": "\u2660"
          },
          {
            "value": 4,
            "suit": "\u2663"
          },
          {
            "value": 2,
            "suit": "\u2660"
          },
          {
            "value": 7,
            "suit": "\u2666"
          },
          {
            "value": 3,
            "suit": "\u2663"
          },
          {
            "value": 2,
            "suit": "\u2665"
          },
          {
            "value": 8,
            "suit": "\u2666"
          },
          {
            "value": 10,
            "suit": "\u2666"
          },
          {
            "value": 4,
            "suit": "\u2665"
          },
          {
            "value": 9,
            "suit": "\u2665"
          },
          {
            "value": 6,
            "suit": "\u2663"
          },
          {
            "value": 6,
            "suit": "\u2665"
          },
          {
            "value": 12,
            "suit": "\u2660"
          },
          {
            "value": 8,
            "suit": "\u2665"
          },
          {
            "value": 8,
            "suit": "\u2663"
          },
          {
            "value": 14,
            "suit": "\u2663"
          },
          {
            "value": 4,
            "suit": "\u2660"
          },
          {
            "value": 5,
            "suit": "\u2666"
          },
          {
            "value": 2,
            "suit": "\u2666"
          },
          {
            "value": 9,
            "suit": "\u2663"
          },
          {
            "value": 9,
            "suit": "\u2666"
          },
          {
            "value": 5,
            "suit": "\u2665"
          },
          {
            "value": 11,
            "suit": "\u2663"
          },
          {
            "value": 9,
            "suit": "\u2660"
          },
          {
            "value": 13,
            "suit": "\u2660"
          },
          {
            "value": 2,
            "suit": "\u2663"
          },
          {
            "value": 10,
            "suit": "\u2663"
          },
          {
            "value": 5,
            "suit": "\u2660"
          },
          {
            "value": 13,
            "suit": "\u2663"
          },
          {
            "value": 6,
            "suit": "\u2666"
          },
          {
            "value": 10,
            "suit": "\u2665"
          },
          {
            "value": 3,
            "suit": "\u2665"
          },
          {
            "value": 3,
            "suit": "\u2666"
          },
          {
            "value": 4,
            "suit": "\u2666"
          },
          {
            "value": 10,
            "suit": "\u2660"
          },
          {
            "value": 6,
            "suit": "\u2660"
          }
        ],
        "room": [
          {
            "value": 8,
            "suit": "\u2660"
          },
          {
            "value": 5,
            "suit": "\u2663"
          },
          {
            "value": 7,
            "suit": "\u2660"
          },
          {
            "value": 14,
            "suit": "\u2660"
          }
        ],
        "discard": [
          {
            "value": 7,
            "suit": "\u2663"
          },
          {
            "value": 7,
            "suit": "\u2665"
          },
          {
            "value": 3,
            "suit": "\u2660"
          }
        ],
        "equipped_weapon": null,
        "weapon_monsters": [],
        "used_potion": false,
        "health": 17,
        "number_avoided": 0,
        "last_room_avoided": false,
        "exit": false,
        "score": -181,
        "can_avoid": true,
        "can_use_potion": true,
        "game_over": false
      },
      "mcts_stats": [
        {
          "action": 0,
          "visits": 20000,
          "avg_value": 0.03211009174311233,
          "total_value": 642.2018348622465,
          "ucb1": 0.06603566994228206
        },
        {
          "action": 1,
          "visits": 20000,
          "avg_value": 0.03211009174311233,
          "total_value": 642.2018348622465,
          "ucb1": 0.06603566994228206
        },
        {
          "action": 2,
          "visits": 20000,
          "avg_value": 0.03211009174311233,
          "total_value": 642.2018348622465,
          "ucb1": 0.06603566994228206
        },
        {
          "action": 3,
          "visits": 20000,
          "avg_value": 0.03211009174311233,
          "total_value": 642.2018348622465,
          "ucb1": 0.06603566994228206
        },
        {
          "action": 4,
          "visits": 20000,
          "avg_value": 0.03211009174311233,
          "total_value": 642.2018348622465,
          "ucb1": 0.06603566994228206
        }
      ],
      "selected_action": 2
    },
    {
      "turn": 4,
      "game_state": {
        "dungeon": [
          {
            "value": 12,
            "suit": "\u2663"
          },
          {
            "value": 11,
            "suit": "\u2660"
          },
          {
            "value": 4,
            "suit": "\u2663"
          },
          {
            "value": 2,
            "suit": "\u2660"
          },
          {
            "value": 7,
            "suit": "\u2666"
          },
          {
            "value": 3,
            "suit": "\u2663"
          },
          {
            "value": 2,
            "suit": "\u2665"
          },
          {
            "value": 8,
            "suit": "\u2666"
          },
          {
            "value": 10,
            "suit": "\u2666"
          },
          {
            "value": 4,
            "suit": "\u2665"
          },
          {
            "value": 9,
            "suit": "\u2665"
          },
          {
            "value": 6,
            "suit": "\u2663"
          },
          {
            "value": 6,
            "suit": "\u2665"
          },
          {
            "value": 12,
            "suit": "\u2660"
          },
          {
            "value": 8,
            "suit": "\u2665"
          },
          {
            "value": 8,
            "suit": "\u2663"
          },
          {
            "value": 14,
            "suit": "\u2663"
          },
          {
            "value": 4,
            "suit": "\u2660"
          },
          {
            "value": 5,
            "suit": "\u2666"
          },
          {
            "value": 2,
            "suit": "\u2666"
          },
          {
            "value": 9,
            "suit": "\u2663"
          },
          {
            "value": 9,
            "suit": "\u2666"
          },
          {
            "value": 5,
            "suit": "\u2665"
          },
          {
            "value": 11,
            "suit": "\u2663"
          },
          {
            "value": 9,
            "suit": "\u2660"
          },
          {
            "value": 13,
            "suit": "\u2660"
          },
          {
            "value": 2,
            "suit": "\u2663"
          },
          {
            "value": 10,
            "suit": "\u2663"
          },
          {
            "value": 5,
            "suit": "\u2660"
          },
          {
            "value": 13,
            "suit": "\u2663"
          },
          {
            "value": 6,
            "suit": "\u2666"
          },
          {
            "value": 10,
            "suit": "\u2665"
          },
          {
            "value": 3,
            "suit": "\u2665"
          },
          {
            "value": 3,
            "suit": "\u2666"
          },
          {
            "value": 4,
            "suit": "\u2666"
          },
          {
            "value": 10,
            "suit": "\u2660"
          },
          {
            "value": 6,
            "suit": "\u2660"
          }
        ],
        "room": [
          {
            "value": 8,
            "suit": "\u2660"
          },
          {
            "value": 5,
            "suit": "\u2663"
          },
          {
            "value": 14,
            "suit": "\u2660"
          }
        ],
        "discard": [
          {
            "value": 7,
            "suit": "\u2663"
          },
          {
            "value": 7,
            "suit": "\u2665"
          },
          {
            "value": 3,
            "suit": "\u2660"
          },
          {
            "value": 7,
            "suit": "\u2660"
          }
        ],
        "equipped_weapon": null,
        "weapon_monsters": [],
        "used_potion": false,
        "health": 10,
        "number_avoided": 0,
        "last_room_avoided": false,
        "exit": false,
        "score": -181,
        "can_avoid": false,
        "can_use_potion": true,
        "game_over": false
      },
      "mcts_stats": [
        {
          "action": 0,
          "visits": 33333,
          "avg_value": 0.0321100917431101,
          "total_value": 1070.325688073089,
          "ucb1": 0.05838886301246329
        },
        {
          "action": 1,
          "visits": 33333,
          "avg_value": 0.0321100917431101,
          "total_value": 1070.325688073089,
          "ucb1": 0.05838886301246329
        },
        {
          "action": 2,
          "visits": 33334,
          "avg_value": 0.0321100917431101,
          "total_value": 1070.357798164832,
          "ucb1": 0.05838846883582144
        }
      ],
      "selected_action": 2
    }
  ]
}