{
  "metadata": {
    "seed": 657259563,
    "num_simulations": 100000,
    "timestamp": "2026-01-07T17:13:19.601842",
    "final_score": -119,
    "num_turns": 17,
    "final_state": {
      "dungeon": [
        {
          "value": 13,
          "suit": "\u2660"
        },
        {
          "value": 9,
          "suit": "\u2663"
        },
        {
          "value": 8,
          "suit": "\u2663"
        },
        {
          "value": 5,
          "suit": "\u2663"
        },
        {
          "value": 10,
          "suit": "\u2665"
        },
        {
          "value": 6,
          "suit": "\u2660"
        },
        {
          "value": 4,
          "suit": "\u2665"
        },
        {
          "value": 2,
          "suit": "\u2666"
        },
        {
          "value": 8,
          "suit": "\u2660"
        },
        {
          "value": 3,
          "suit": "\u2663"
        },
        {
          "value": 6,
          "suit": "\u2666"
        },
        {
          "value": 5,
          "suit": "\u2666"
        },
        {
          "value": 7,
          "suit": "\u2660"
        },
        {
          "value": 4,
          "suit": "\u2663"
        },
        {
          "value": 2,
          "suit": "\u2663"
        },
        {
          "value": 8,
          "suit": "\u2666"
        },
        {
          "value": 4,
          "suit": "\u2660"
        },
        {
          "value": 12,
          "suit": "\u2663"
        },
        {
          "value": 10,
          "suit": "\u2666"
        },
        {
          "value": 5,
          "suit": "\u2665"
        },
        {
          "value": 7,
          "suit": "\u2663"
        },
        {
          "value": 4,
          "suit": "\u2666"
        },
        {
          "value": 9,
          "suit": "\u2666"
        },
        {
          "value": 3,
          "suit": "\u2665"
        },
        {
          "value": 6,
          "suit": "\u2663"
        }
      ],
      "room": [
        {
          "value": 12,
          "suit": "\u2660"
        },
        {
          "value": 10,
          "suit": "\u2660"
        }
      ],
      "discard": [
        {
          "value": 7,
          "suit": "\u2665"
        },
        {
          "value": 2,
          "suit": "\u2665"
        },
        {
          "value": 7,
          "suit": "\u2666"
        },
        {
          "value": 14,
          "suit": "\u2660"
        },
        {
          "value": 13,
          "suit": "\u2663"
        },
        {
          "value": 11,
          "suit": "\u2660"
        },
        {
          "value": 5,
          "suit": "\u2660"
        },
        {
          "value": 6,
          "suit": "\u2665"
        },
        {
          "value": 9,
          "suit": "\u2665"
        },
        {
          "value": 8,
          "suit": "\u2665"
        },
        {
          "value": 11,
          "suit": "\u2663"
        },
        {
          "value": 10,
          "suit": "\u2663"
        }
      ],
      "equipped_weapon": {
        "value": 3,
        "suit": "\u2666"
      },
      "weapon_monsters": [
        {
          "value": 14,
          "suit": "\u2663"
        },
        {
          "value": 9,
          "suit": "\u2660"
        },
        {
          "value": 3,
          "suit": "\u2660"
        },
        {
          "value": 2,
          "suit": "\u2660"
        }
      ],
      "used_potion": false,
      "health": -3,
      "number_avoided": 0,
      "last_room_avoided": false,
      "exit": false,
      "score": -119,
      "can_avoid": false,
      "can_use_potion": true,
      "game_over": true
    }
  },
  "events": [
    {
      "turn": 0,
      "game_state": {
        "dungeon": [
          {
            "value": 11,
            "suit": "\u2660"
          },
          {
            "value": 13,
            "suit": "\u2663"
          },
          {
            "value": 2,
            "suit": "\u2665"
          },
          {
            "value": 9,
            "suit": "\u2665"
          },
          {
            "value": 6,
            "suit": "\u2665"
          },
          {
            "value": 5,
            "suit": "\u2660"
          },
          {
            "value": 14,
            "suit": "\u2663"
          },
          {
            "value": 9,
            "suit": "\u2660"
          },
          {
            "value": 8,
            "suit": "\u2665"
          },
          {
            "value": 3,
            "suit": "\u2660"
          },
          {
            "value": 12,
            "suit": "\u2660"
          },
          {
            "value": 2,
            "suit": "\u2660"
          },
          {
            "value": 10,
            "suit": "\u2663"
          },
          {
            "value": 10,
            "suit": "\u2660"
          },
          {
            "value": 11,
            "suit": "\u2663"
          },
          {
            "value": 13,
            "suit": "\u2660"
          },
          {
            "value": 9,
            "suit": "\u2663"
          },
          {
            "value": 8,
            "suit": "\u2663"
          },
          {
            "value": 5,
            "suit": "\u2663"
          },
          {
            "value": 10,
            "suit": "\u2665"
          },
          {
            "value": 6,
            "suit": "\u2660"
          },
          {
            "value": 4,
            "suit": "\u2665"
          },
          {
            "value": 2,
            "suit": "\u2666"
          },
          {
            "value": 8,
            "suit": "\u2660"
          },
          {
            "value": 3,
            "suit": "\u2663"
          },
          {
            "value": 6,
            "suit": "\u2666"
          },
          {
            "value": 5,
            "suit": "\u2666"
          },
          {
            "value": 7,
            "suit": "\u2660"
          },
          {
            "value": 4,
            "suit": "\u2663"
          },
          {
            "value": 2,
            "suit": "\u2663"
          },
          {
            "value": 8,
            "suit": "\u2666"
          },
          {
            "value": 4,
            "suit": "\u2660"
          },
          {
            "value": 12,
            "suit": "\u2663"
          },
          {
            "value": 10,
            "suit": "\u2666"
          },
          {
            "value": 5,
            "suit": "\u2665"
          },
          {
            "value": 7,
            "suit": "\u2663"
          },
          {
            "value": 4,
            "suit": "\u2666"
          },
          {
            "value": 9,
            "suit": "\u2666"
          },
          {
            "value": 3,
            "suit": "\u2665"
          },
          {
            "value": 6,
            "suit": "\u2663"
          }
        ],
        "room": [
          {
            "value": 7,
            "suit": "\u2666"
          },
          {
            "value": 3,
            "suit": "\u2666"
          },
          {
            "value": 7,
            "suit": "\u2665"
          },
          {
            "value": 14,
            "suit": "\u2660"
          }
        ],
        "discard": [],
        "equipped_weapon": null,
        "weapon_monsters": [],
        "used_potion": false,
        "health": 20,
        "number_avoided": 0,
        "last_room_avoided": false,
        "exit": false,
        "score": -188,
        "can_avoid": true,
        "can_use_potion": true,
        "game_over": false
      },
      "mcts_stats": [
        {
          "action": 0,
          "visits": 74531,
          "avg_value": 0.17203333530692796,
          "total_value": 12821.816513760648,
          "ucb1": 0.18960746316919397
        },
        {
          "action": 1,
          "visits": 13714,
          "avg_value": 0.12919396638806047,
          "total_value": 1771.7660550458613,
          "ucb1": 0.17016342107347618
        },
        {
          "action": 2,
          "visits": 4054,
          "avg_value": 0.08384062857841126,
          "total_value": 339.88990825687927,
          "ucb1": 0.1591936001937881
        },
        {
          "action": 3,
          "visits": 6252,
          "avg_value": 0.10324035758098696,
          "total_value": 645.4587155963304,
          "ucb1": 0.16391856906716876
        },
        {
          "action": 4,
          "visits": 1449,
          "avg_value": 0.016734096909605426,
          "total_value": 24.247706422018265,
          "ucb1": 0.14277400077239652
        }
      ],
      "selected_action": 0
    },
    {
      "turn": 1,
      "game_state": {
        "dungeon": [
          {
            "value": 11,
            "suit": "\u2660"
          },
          {
            "value": 13,
            "suit": "\u2663"
          },
          {
            "value": 2,
            "suit": "\u2665"
          },
          {
            "value": 9,
            "suit": "\u2665"
          },
          {
            "value": 6,
            "suit": "\u2665"
          },
          {
            "value": 5,
            "suit": "\u2660"
          },
          {
            "value": 14,
            "suit": "\u2663"
          },
          {
            "value": 9,
            "suit": "\u2660"
          },
          {
            "value": 8,
            "suit": "\u2665"
          },
          {
            "value": 3,
            "suit": "\u2660"
          },
          {
            "value": 12,
            "suit": "\u2660"
          },
          {
            "value": 2,
            "suit": "\u2660"
          },
          {
            "value": 10,
            "suit": "\u2663"
          },
          {
            "value": 10,
            "suit": "\u2660"
          },
          {
            "value": 11,
            "suit": "\u2663"
          },
          {
            "value": 13,
            "suit": "\u2660"
          },
          {
            "value": 9,
            "suit": "\u2663"
          },
          {
            "value": 8,
            "suit": "\u2663"
          },
          {
            "value": 5,
            "suit": "\u2663"
          },
          {
            "value": 10,
            "suit": "\u2665"
          },
          {
            "value": 6,
            "suit": "\u2660"
          },
          {
            "value": 4,
            "suit": "\u2665"
          },
          {
            "value": 2,
            "suit": "\u2666"
          },
          {
            "value": 8,
            "suit": "\u2660"
          },
          {
            "value": 3,
            "suit": "\u2663"
          },
          {
            "value": 6,
            "suit": "\u2666"
          },
          {
            "value": 5,
            "suit": "\u2666"
          },
          {
            "value": 7,
            "suit": "\u2660"
          },
          {
            "value": 4,
            "suit": "\u2663"
          },
          {
            "value": 2,
            "suit": "\u2663"
          },
          {
            "value": 8,
            "suit": "\u2666"
          },
          {
            "value": 4,
            "suit": "\u2660"
          },
          {
            "value": 12,
            "suit": "\u2663"
          },
          {
            "value": 10,
            "suit": "\u2666"
          },
          {
            "value": 5,
            "suit": "\u2665"
          },
          {
            "value": 7,
            "suit": "\u2663"
          },
          {
            "value": 4,
            "suit": "\u2666"
          },
          {
            "value": 9,
            "suit": "\u2666"
          },
          {
            "value": 3,
            "suit": "\u2665"
          },
          {
            "value": 6,
            "suit": "\u2663"
          }
        ],
        "room": [
          {
            "value": 3,
            "suit": "\u2666"
          },
          {
            "value": 7,
            "suit": "\u2665"
          },
          {
            "value": 14,
            "suit": "\u2660"
          }
        ],
        "discard": [],
        "equipped_weapon": {
          "value": 7,
          "suit": "\u2666"
        },
        "weapon_monsters": [],
        "used_potion": false,
        "health": 20,
        "number_avoided": 0,
        "last_room_avoided": false,
        "exit": false,
        "score": -188,
        "can_avoid": false,
        "can_use_potion": true,
        "game_over": false
      },
      "mcts_stats": [
        {
          "action": 0,
          "visits": 2004,
          "avg_value": 0.05902644252778806,
          "total_value": 118.28899082568728,
          "ucb1": 0.16620141913268072
        },
        {
          "action": 1,
          "visits": 4477,
          "avg_value": 0.10639599338515131,
          "total_value": 476.3348623853224,
          "ucb1": 0.1781008726337381
        },
        {
          "action": 2,
          "visits": 93519,
          "avg_value": 0.1869268384945756,
          "total_value": 17481.211009174214,
          "ucb1": 0.2026157324977323
        }
      ],
      "selected_action": 2
    },
    {
      "turn": 2,
      "game_state": {
        "dungeon": [
          {
            "value": 11,
            "suit": "\u2660"
          },
          {
            "value": 13,
            "suit": "\u2663"
          },
          {
            "value": 2,
            "suit": "\u2665"
          },
          {
            "value": 9,
            "suit": "\u2665"
          },
          {
            "value": 6,
            "suit": "\u2665"
          },
          {
            "value": 5,
            "suit": "\u2660"
          },
          {
            "value": 14,
            "suit": "\u2663"
          },
          {
            "value": 9,
            "suit": "\u2660"
          },
          {
            "value": 8,
            "suit": "\u2665"
          },
          {
            "value": 3,
            "suit": "\u2660"
          },
          {
            "value": 12,
            "suit": "\u2660"
          },
          {
            "value": 2,
            "suit": "\u2660"
          },
          {
            "value": 10,
            "suit": "\u2663"
          },
          {
            "value": 10,
            "suit": "\u2660"
          },
          {
            "value": 11,
            "suit": "\u2663"
          },
          {
            "value": 13,
            "suit": "\u2660"
          },
          {
            "value": 9,
            "suit": "\u2663"
          },
          {
            "value": 8,
            "suit": "\u2663"
          },
          {
            "value": 5,
            "suit": "\u2663"
          },
          {
            "value": 10,
            "suit": "\u2665"
          },
          {
            "value": 6,
            "suit": "\u2660"
          },
          {
            "value": 4,
            "suit": "\u2665"
          },
          {
            "value": 2,
            "suit": "\u2666"
          },
          {
            "value": 8,
            "suit": "\u2660"
          },
          {
            "value": 3,
            "suit": "\u2663"
          },
          {
            "value": 6,
            "suit": "\u2666"
          },
          {
            "value": 5,
            "suit": "\u2666"
          },
          {
            "value": 7,
            "suit": "\u2660"
          },
          {
            "value": 4,
            "suit": "\u2663"
          },
          {
            "value": 2,
            "suit": "\u2663"
          },
          {
            "value": 8,
            "suit": "\u2666"
          },
          {
            "value": 4,
            "suit": "\u2660"
          },
          {
            "value": 12,
            "suit": "\u2663"
          },
          {
            "value": 10,
            "suit": "\u2666"
          },
          {
            "value": 5,
            "suit": "\u2665"
          },
          {
            "value": 7,
            "suit": "\u2663"
          },
          {
            "value": 4,
            "suit": "\u2666"
          },
          {
            "value": 9,
            "suit": "\u2666"
          },
          {
            "value": 3,
            "suit": "\u2665"
          },
          {
            "value": 6,
            "suit": "\u2663"
          }
        ],
        "room": [
          {
            "value": 3,
            "suit": "\u2666"
          },
          {
            "value": 7,
            "suit": "\u2665"
          }
        ],
        "discard": [],
        "equipped_weapon": {
          "value": 7,
          "suit": "\u2666"
        },
        "weapon_monsters": [
          {
            "value": 14,
            "suit": "\u2660"
          }
        ],
        "used_potion": false,
        "health": 13,
        "number_avoided": 0,
        "last_room_avoided": false,
        "exit": false,
        "score": -181,
        "can_avoid": false,
        "can_use_potion": true,
        "game_over": false
      },
      "mcts_stats": [
        {
          "action": 0,
          "visits": 3558,
          "avg_value": 0.10191917941736121,
          "total_value": 362.6284403669712,
          "ucb1": 0.18235310854043957
        },
        {
          "action": 1,
          "visits": 96442,
          "avg_value": 0.19170009297788929,
          "total_value": 18487.9403669736,
          "ucb1": 0.20714940526382794
        }
      ],
      "selected_action": 1
    },
    {
      "turn": 3,
      "game_state": {
        "dungeon": [
          {
            "value": 9,
            "suit": "\u2665"
          },
          {
            "value": 6,
            "suit": "\u2665"
          },
          {
            "value": 5,
            "suit": "\u2660"
          },
          {
            "value": 14,
            "suit": "\u2663"
          },
          {
            "value": 9,
            "suit": "\u2660"
          },
          {
            "value": 8,
            "suit": "\u2665"
          },
          {
            "value": 3,
            "suit": "\u2660"
          },
          {
            "value": 12,
            "suit": "\u2660"
          },
          {
            "value": 2,
            "suit": "\u2660"
          },
          {
            "value": 10,
            "suit": "\u2663"
          },
          {
            "value": 10,
            "suit": "\u2660"
          },
          {
            "value": 11,
            "suit": "\u2663"
          },
          {
            "value": 13,
            "suit": "\u2660"
          },
          {
            "value": 9,
            "suit": "\u2663"
          },
          {
            "value": 8,
            "suit": "\u2663"
          },
          {
            "value": 5,
            "suit": "\u2663"
          },
          {
            "value": 10,
            "suit": "\u2665"
          },
          {
            "value": 6,
            "suit": "\u2660"
          },
          {
            "value": 4,
            "suit": "\u2665"
          },
          {
            "value": 2,
            "suit": "\u2666"
          },
          {
            "value": 8,
            "suit": "\u2660"
          },
          {
            "value": 3,
            "suit": "\u2663"
          },
          {
            "value": 6,
            "suit": "\u2666"
          },
          {
            "value": 5,
            "suit": "\u2666"
          },
          {
            "value": 7,
            "suit": "\u2660"
          },
          {
            "value": 4,
            "suit": "\u2663"
          },
          {
            "value": 2,
            "suit": "\u2663"
          },
          {
            "value": 8,
            "suit": "\u2666"
          },
          {
            "value": 4,
            "suit": "\u2660"
          },
          {
            "value": 12,
            "suit": "\u2663"
          },
          {
            "value": 10,
            "suit": "\u2666"
          },
          {
            "value": 5,
            "suit": "\u2665"
          },
          {
            "value": 7,
            "suit": "\u2663"
          },
          {
            "value": 4,
            "suit": "\u2666"
          },
          {
            "value": 9,
            "suit": "\u2666"
          },
          {
            "value": 3,
            "suit": "\u2665"
          },
          {
            "value": 6,
            "suit": "\u2663"
          }
        ],
        "room": [
          {
            "value": 3,
            "suit": "\u2666"
          },
          {
            "value": 11,
            "suit": "\u2660"
          },
          {
            "value": 13,
            "suit": "\u2663"
          },
          {
            "value": 2,
            "suit": "\u2665"
          }
        ],
        "discard": [
          {
            "value": 7,
            "suit": "\u2665"
          }
        ],
        "equipped_weapon": {
          "value": 7,
          "suit": "\u2666"
        },
        "weapon_monsters": [
          {
            "value": 14,
            "suit": "\u2660"
          }
        ],
        "used_potion": false,
        "health": 20,
        "number_avoided": 0,
        "last_room_avoided": false,
        "exit": false,
        "score": -174,
        "can_avoid": true,
        "can_use_potion": true,
        "game_over": false
      },
      "mcts_stats": [
        {
          "action": 0,
          "visits": 4399,
          "avg_value": 0.13432994571326715,
          "total_value": 590.9174311926622,
          "ucb1": 0.20666774213292854
        },
        {
          "action": 1,
          "visits": 10625,
          "avg_value": 0.16970232056125076,
          "total_value": 1803.0871559632892,
          "ucb1": 0.21624782985164398
        },
        {
          "action": 2,
          "visits": 62791,
          "avg_value": 0.20727083689167522,
          "total_value": 13014.743119265178,
          "ucb1": 0.22641752029605078
        },
        {
          "action": 3,
          "visits": 13687,
          "avg_value": 0.17728970703466726,
          "total_value": 2426.5642201834908,
          "ucb1": 0.21829955151634578
        },
        {
          "action": 4,
          "visits": 8498,
          "avg_value": 0.1621541819877727,
          "total_value": 1377.9862385320926,
          "ucb1": 0.21419976676829994
        }
      ],
      "selected_action": 2
    },
    {
      "turn": 4,
      "game_state": {
        "dungeon": [
          {
            "value": 9,
            "suit": "\u2665"
          },
          {
            "value": 6,
            "suit": "\u2665"
          },
          {
            "value": 5,
            "suit": "\u2660"
          },
          {
            "value": 14,
            "suit": "\u2663"
          },
          {
            "value": 9,
            "suit": "\u2660"
          },
          {
            "value": 8,
            "suit": "\u2665"
          },
          {
            "value": 3,
            "suit": "\u2660"
          },
          {
            "value": 12,
            "suit": "\u2660"
          },
          {
            "value": 2,
            "suit": "\u2660"
          },
          {
            "value": 10,
            "suit": "\u2663"
          },
          {
            "value": 10,
            "suit": "\u2660"
          },
          {
            "value": 11,
            "suit": "\u2663"
          },
          {
            "value": 13,
            "suit": "\u2660"
          },
          {
            "value": 9,
            "suit": "\u2663"
          },
          {
            "value": 8,
            "suit": "\u2663"
          },
          {
            "value": 5,
            "suit": "\u2663"
          },
          {
            "value": 10,
            "suit": "\u2665"
          },
          {
            "value": 6,
            "suit": "\u2660"
          },
          {
            "value": 4,
            "suit": "\u2665"
          },
          {
            "value": 2,
            "suit": "\u2666"
          },
          {
            "value": 8,
            "suit": "\u2660"
          },
          {
            "value": 3,
            "suit": "\u2663"
          },
          {
            "value": 6,
            "suit": "\u2666"
          },
          {
            "value": 5,
            "suit": "\u2666"
          },
          {
            "value": 7,
            "suit": "\u2660"
          },
          {
            "value": 4,
            "suit": "\u2663"
          },
          {
            "value": 2,
            "suit": "\u2663"
          },
          {
            "value": 8,
            "suit": "\u2666"
          },
          {
            "value": 4,
            "suit": "\u2660"
          },
          {
            "value": 12,
            "suit": "\u2663"
          },
          {
            "value": 10,
            "suit": "\u2666"
          },
          {
            "value": 5,
            "suit": "\u2665"
          },
          {
            "value": 7,
            "suit": "\u2663"
          },
          {
            "value": 4,
            "suit": "\u2666"
          },
          {
            "value": 9,
            "suit": "\u2666"
          },
          {
            "value": 3,
            "suit": "\u2665"
          },
          {
            "value": 6,
            "suit": "\u2663"
          }
        ],
        "room": [
          {
            "value": 3,
            "suit": "\u2666"
          },
          {
            "value": 11,
            "suit": "\u2660"
          },
          {
            "value": 2,
            "suit": "\u2665"
          }
        ],
        "discard": [
          {
            "value": 7,
            "suit": "\u2665"
          }
        ],
        "equipped_weapon": {
          "value": 7,
          "suit": "\u2666"
        },
        "weapon_monsters": [
          {
            "value": 14,
            "suit": "\u2660"
          },
          {
            "value": 13,
            "suit": "\u2663"
          }
        ],
        "used_potion": false,
        "health": 14,
        "number_avoided": 0,
        "last_room_avoided": false,
        "exit": false,
        "score": -167,
        "can_avoid": false,
        "can_use_potion": true,
        "game_over": false
      },
      "mcts_stats": [
        {
          "action": 0,
          "visits": 7197,
          "avg_value": 0.1682008176189615,
          "total_value": 1210.541284403666,
          "ucb1": 0.22475523134800302
        },
        {
          "action": 1,
          "visits": 44729,
          "avg_value": 0.2146512914368429,
          "total_value": 9601.137614678546,
          "ucb1": 0.23733675517455302
        },
        {
          "action": 2,
          "visits": 48074,
          "avg_value": 0.2157493817825884,
          "total_value": 10371.935779816155,
          "ucb1": 0.23763138746181375
        }
      ],
      "selected_action": 2
    },
    {
      "turn": 5,
      "game_state": {
        "dungeon": [
          {
            "value": 9,
            "suit": "\u2665"
          },
          {
            "value": 6,
            "suit": "\u2665"
          },
          {
            "value": 5,
            "suit": "\u2660"
          },
          {
            "value": 14,
            "suit": "\u2663"
          },
          {
            "value": 9,
            "suit": "\u2660"
          },
          {
            "value": 8,
            "suit": "\u2665"
          },
          {
            "value": 3,
            "suit": "\u2660"
          },
          {
            "value": 12,
            "suit": "\u2660"
          },
          {
            "value": 2,
            "suit": "\u2660"
          },
          {
            "value": 10,
            "suit": "\u2663"
          },
          {
            "value": 10,
            "suit": "\u2660"
          },
          {
            "value": 11,
            "suit": "\u2663"
          },
          {
            "value": 13,
            "suit": "\u2660"
          },
          {
            "value": 9,
            "suit": "\u2663"
          },
          {
            "value": 8,
            "suit": "\u2663"
          },
          {
            "value": 5,
            "suit": "\u2663"
          },
          {
            "value": 10,
            "suit": "\u2665"
          },
          {
            "value": 6,
            "suit": "\u2660"
          },
          {
            "value": 4,
            "suit": "\u2665"
          },
          {
            "value": 2,
            "suit": "\u2666"
          },
          {
            "value": 8,
            "suit": "\u2660"
          },
          {
            "value": 3,
            "suit": "\u2663"
          },
          {
            "value": 6,
            "suit": "\u2666"
          },
          {
            "value": 5,
            "suit": "\u2666"
          },
          {
            "value": 7,
            "suit": "\u2660"
          },
          {
            "value": 4,
            "suit": "\u2663"
          },
          {
            "value": 2,
            "suit": "\u2663"
          },
          {
            "value": 8,
            "suit": "\u2666"
          },
          {
            "value": 4,
            "suit": "\u2660"
          },
          {
            "value": 12,
            "suit": "\u2663"
          },
          {
            "value": 10,
            "suit": "\u2666"
          },
          {
            "value": 5,
            "suit": "\u2665"
          },
          {
            "value": 7,
            "suit": "\u2663"
          },
          {
            "value": 4,
            "suit": "\u2666"
          },
          {
            "value": 9,
            "suit": "\u2666"
          },
          {
            "value": 3,
            "suit": "\u2665"
          },
          {
            "value": 6,
            "suit": "\u2663"
          }
        ],
        "room": [
          {
            "value": 3,
            "suit": "\u2666"
          },
          {
            "value": 11,
            "suit": "\u2660"
          }
        ],
        "discard": [
          {
            "value": 7,
            "suit": "\u2665"
          },
          {
            "value": 2,
            "suit": "\u2665"
          }
        ],
        "equipped_weapon": {
          "value": 7,
          "suit": "\u2666"
        },
        "weapon_monsters": [
          {
            "value": 14,
            "suit": "\u2660"
          },
          {
            "value": 13,
            "suit": "\u2663"
          }
        ],
        "used_potion": true,
        "health": 16,
        "number_avoided": 0,
        "last_room_avoided": false,
        "exit": false,
        "score": -165,
        "can_avoid": false,
        "can_use_potion": false,
        "game_over": false
      },
      "mcts_stats": [
        {
          "action": 0,
          "visits": 7273,
          "avg_value": 0.1712990235343236,
          "total_value": 1245.8577981651356,
          "ucb1": 0.22755717554511587
        },
        {
          "action": 1,
          "visits": 92727,
          "avg_value": 0.22683554753758117,
          "total_value": 21033.77981651729,
          "ucb1": 0.24259130008442648
        }
      ],
      "selected_action": 1
    },
    {
      "turn": 6,
      "game_state": {
        "dungeon": [
          {
            "value": 14,
            "suit": "\u2663"
          },
          {
            "value": 9,
            "suit": "\u2660"
          },
          {
            "value": 8,
            "suit": "\u2665"
          },
          {
            "value": 3,
            "suit": "\u2660"
          },
          {
            "value": 12,
            "suit": "\u2660"
          },
          {
            "value": 2,
            "suit": "\u2660"
          },
          {
            "value": 10,
            "suit": "\u2663"
          },
          {
            "value": 10,
            "suit": "\u2660"
          },
          {
            "value": 11,
            "suit": "\u2663"
          },
          {
            "value": 13,
            "suit": "\u2660"
          },
          {
            "value": 9,
            "suit": "\u2663"
          },
          {
            "value": 8,
            "suit": "\u2663"
          },
          {
            "value": 5,
            "suit": "\u2663"
          },
          {
            "value": 10,
            "suit": "\u2665"
          },
          {
            "value": 6,
            "suit": "\u2660"
          },
          {
            "value": 4,
            "suit": "\u2665"
          },
          {
            "value": 2,
            "suit": "\u2666"
          },
          {
            "value": 8,
            "suit": "\u2660"
          },
          {
            "value": 3,
            "suit": "\u2663"
          },
          {
            "value": 6,
            "suit": "\u2666"
          },
          {
            "value": 5,
            "suit": "\u2666"
          },
          {
            "value": 7,
            "suit": "\u2660"
          },
          {
            "value": 4,
            "suit": "\u2663"
          },
          {
            "value": 2,
            "suit": "\u2663"
          },
          {
            "value": 8,
            "suit": "\u2666"
          },
          {
            "value": 4,
            "suit": "\u2660"
          },
          {
            "value": 12,
            "suit": "\u2663"
          },
          {
            "value": 10,
            "suit": "\u2666"
          },
          {
            "value": 5,
            "suit": "\u2665"
          },
          {
            "value": 7,
            "suit": "\u2663"
          },
          {
            "value": 4,
            "suit": "\u2666"
          },
          {
            "value": 9,
            "suit": "\u2666"
          },
          {
            "value": 3,
            "suit": "\u2665"
          },
          {
            "value": 6,
            "suit": "\u2663"
          }
        ],
        "room": [
          {
            "value": 3,
            "suit": "\u2666"
          },
          {
            "value": 9,
            "suit": "\u2665"
          },
          {
            "value": 6,
            "suit": "\u2665"
          },
          {
            "value": 5,
            "suit": "\u2660"
          }
        ],
        "discard": [
          {
            "value": 7,
            "suit": "\u2665"
          },
          {
            "value": 2,
            "suit": "\u2665"
          }
        ],
        "equipped_weapon": {
          "value": 7,
          "suit": "\u2666"
        },
        "weapon_monsters": [
          {
            "value": 14,
            "suit": "\u2660"
          },
          {
            "value": 13,
            "suit": "\u2663"
          },
          {
            "value": 11,
            "suit": "\u2660"
          }
        ],
        "used_potion": false,
        "health": 12,
        "number_avoided": 0,
        "last_room_avoided": false,
        "exit": false,
        "score": -158,
        "can_avoid": true,
        "can_use_potion": true,
        "game_over": false
      },
      "mcts_stats": [
        {
          "action": 0,
          "visits": 12987,
          "avg_value": 0.21439470522039397,
          "total_value": 2784.3440366972563,
          "ucb1": 0.2564952616410013
        },
        {
          "action": 1,
          "visits": 21869,
          "avg_value": 0.22763318358147014,
          "total_value": 4978.11009174317,
          "ucb1": 0.2600766906033492
        },
        {
          "action": 2,
          "visits": 18019,
          "avg_value": 0.2231126064179975,
          "total_value": 4020.266055045897,
          "ucb1": 0.2588544469932899
        },
        {
          "action": 3,
          "visits": 41024,
          "avg_value": 0.239638868811635,
          "total_value": 9830.944954128514,
          "ucb1": 0.2633265884506084
        },
        {
          "action": 4,
          "visits": 6101,
          "avg_value": 0.187893697679275,
          "total_value": 1146.3394495412567,
          "ucb1": 0.24931821373291704
        }
      ],
      "selected_action": 3
    },
    {
      "turn": 7,
      "game_state": {
        "dungeon": [
          {
            "value": 14,
            "suit": "\u2663"
          },
          {
            "value": 9,
            "suit": "\u2660"
          },
          {
            "value": 8,
            "suit": "\u2665"
          },
          {
            "value": 3,
            "suit": "\u2660"
          },
          {
            "value": 12,
            "suit": "\u2660"
          },
          {
            "value": 2,
            "suit": "\u2660"
          },
          {
            "value": 10,
            "suit": "\u2663"
          },
          {
            "value": 10,
            "suit": "\u2660"
          },
          {
            "value": 11,
            "suit": "\u2663"
          },
          {
            "value": 13,
            "suit": "\u2660"
          },
          {
            "value": 9,
            "suit": "\u2663"
          },
          {
            "value": 8,
            "suit": "\u2663"
          },
          {
            "value": 5,
            "suit": "\u2663"
          },
          {
            "value": 10,
            "suit": "\u2665"
          },
          {
            "value": 6,
            "suit": "\u2660"
          },
          {
            "value": 4,
            "suit": "\u2665"
          },
          {
            "value": 2,
            "suit": "\u2666"
          },
          {
            "value": 8,
            "suit": "\u2660"
          },
          {
            "value": 3,
            "suit": "\u2663"
          },
          {
            "value": 6,
            "suit": "\u2666"
          },
          {
            "value": 5,
            "suit": "\u2666"
          },
          {
            "value": 7,
            "suit": "\u2660"
          },
          {
            "value": 4,
            "suit": "\u2663"
          },
          {
            "value": 2,
            "suit": "\u2663"
          },
          {
            "value": 8,
            "suit": "\u2666"
          },
          {
            "value": 4,
            "suit": "\u2660"
          },
          {
            "value": 12,
            "suit": "\u2663"
          },
          {
            "value": 10,
            "suit": "\u2666"
          },
          {
            "value": 5,
            "suit": "\u2665"
          },
          {
            "value": 7,
            "suit": "\u2663"
          },
          {
            "value": 4,
            "suit": "\u2666"
          },
          {
            "value": 9,
            "suit": "\u2666"
          },
          {
            "value": 3,
            "suit": "\u2665"
          },
          {
            "value": 6,
            "suit": "\u2663"
          }
        ],
        "room": [
          {
            "value": 3,
            "suit": "\u2666"
          },
          {
            "value": 9,
            "suit": "\u2665"
          },
          {
            "value": 6,
            "suit": "\u2665"
          }
        ],
        "discard": [
          {
            "value": 7,
            "suit": "\u2665"
          },
          {
            "value": 2,
            "suit": "\u2665"
          }
        ],
        "equipped_weapon": {
          "value": 7,
          "suit": "\u2666"
        },
        "weapon_monsters": [
          {
            "value": 14,
            "suit": "\u2660"
          },
          {
            "value": 13,
            "suit": "\u2663"
          },
          {
            "value": 11,
            "suit": "\u2660"
          },
          {
            "value": 5,
            "suit": "\u2660"
          }
        ],
        "used_potion": false,
        "health": 12,
        "number_avoided": 0,
        "last_room_avoided": false,
        "exit": false,
        "score": -153,
        "can_avoid": false,
        "can_use_potion": true,
        "game_over": false
      },
      "mcts_stats": [
        {
          "action": 0,
          "visits": 43683,
          "avg_value": 0.2501156686192292,
          "total_value": 10925.802752293788,
          "ucb1": 0.2730711300860944
        },
        {
          "action": 1,
          "visits": 28604,
          "avg_value": 0.24269445217773603,
          "total_value": 6942.032110091961,
          "ucb1": 0.27106246217409763
        },
        {
          "action": 2,
          "visits": 27713,
          "avg_value": 0.2420698463311843,
          "total_value": 6708.481651376111,
          "ucb1": 0.2708902782495426
        }
      ],
      "selected_action": 0
    },
    {
      "turn": 8,
      "game_state": {
        "dungeon": [
          {
            "value": 14,
            "suit": "\u2663"
          },
          {
            "value": 9,
            "suit": "\u2660"
          },
          {
            "value": 8,
            "suit": "\u2665"
          },
          {
            "value": 3,
            "suit": "\u2660"
          },
          {
            "value": 12,
            "suit": "\u2660"
          },
          {
            "value": 2,
            "suit": "\u2660"
          },
          {
            "value": 10,
            "suit": "\u2663"
          },
          {
            "value": 10,
            "suit": "\u2660"
          },
          {
            "value": 11,
            "suit": "\u2663"
          },
          {
            "value": 13,
            "suit": "\u2660"
          },
          {
            "value": 9,
            "suit": "\u2663"
          },
          {
            "value": 8,
            "suit": "\u2663"
          },
          {
            "value": 5,
            "suit": "\u2663"
          },
          {
            "value": 10,
            "suit": "\u2665"
          },
          {
            "value": 6,
            "suit": "\u2660"
          },
          {
            "value": 4,
            "suit": "\u2665"
          },
          {
            "value": 2,
            "suit": "\u2666"
          },
          {
            "value": 8,
            "suit": "\u2660"
          },
          {
            "value": 3,
            "suit": "\u2663"
          },
          {
            "value": 6,
            "suit": "\u2666"
          },
          {
            "value": 5,
            "suit": "\u2666"
          },
          {
            "value": 7,
            "suit": "\u2660"
          },
          {
            "value": 4,
            "suit": "\u2663"
          },
          {
            "value": 2,
            "suit": "\u2663"
          },
          {
            "value": 8,
            "suit": "\u2666"
          },
          {
            "value": 4,
            "suit": "\u2660"
          },
          {
            "value": 12,
            "suit": "\u2663"
          },
          {
            "value": 10,
            "suit": "\u2666"
          },
          {
            "value": 5,
            "suit": "\u2665"
          },
          {
            "value": 7,
            "suit": "\u2663"
          },
          {
            "value": 4,
            "suit": "\u2666"
          },
          {
            "value": 9,
            "suit": "\u2666"
          },
          {
            "value": 3,
            "suit": "\u2665"
          },
          {
            "value": 6,
            "suit": "\u2663"
          }
        ],
        "room": [
          {
            "value": 9,
            "suit": "\u2665"
          },
          {
            "value": 6,
            "suit": "\u2665"
          }
        ],
        "discard": [
          {
            "value": 7,
            "suit": "\u2665"
          },
          {
            "value": 2,
            "suit": "\u2665"
          },
          {
            "value": 7,
            "suit": "\u2666"
          },
          {
            "value": 14,
            "suit": "\u2660"
          },
          {
            "value": 13,
            "suit": "\u2663"
          },
          {
            "value": 11,
            "suit": "\u2660"
          },
          {
            "value": 5,
            "suit": "\u2660"
          }
        ],
        "equipped_weapon": {
          "value": 3,
          "suit": "\u2666"
        },
        "weapon_monsters": [],
        "used_potion": false,
        "health": 12,
        "number_avoided": 0,
        "last_room_avoided": false,
        "exit": false,
        "score": -153,
        "can_avoid": false,
        "can_use_potion": true,
        "game_over": false
      },
      "mcts_stats": [
        {
          "action": 0,
          "visits": 38809,
          "avg_value": 0.25470765908126697,
          "total_value": 9884.94954128489,
          "ucb1": 0.2790619802998532
        },
        {
          "action": 1,
          "visits": 61191,
          "avg_value": 0.26150927034151267,
          "total_value": 16002.0137614675,
          "ucb1": 0.2809046587297775
        }
      ],
      "selected_action": 1
    },
    {
      "turn": 9,
      "game_state": {
        "dungeon": [
          {
            "value": 3,
            "suit": "\u2660"
          },
          {
            "value": 12,
            "suit": "\u2660"
          },
          {
            "value": 2,
            "suit": "\u2660"
          },
          {
            "value": 10,
            "suit": "\u2663"
          },
          {
            "value": 10,
            "suit": "\u2660"
          },
          {
            "value": 11,
            "suit": "\u2663"
          },
          {
            "value": 13,
            "suit": "\u2660"
          },
          {
            "value": 9,
            "suit": "\u2663"
          },
          {
            "value": 8,
            "suit": "\u2663"
          },
          {
            "value": 5,
            "suit": "\u2663"
          },
          {
            "value": 10,
            "suit": "\u2665"
          },
          {
            "value": 6,
            "suit": "\u2660"
          },
          {
            "value": 4,
            "suit": "\u2665"
          },
          {
            "value": 2,
            "suit": "\u2666"
          },
          {
            "value": 8,
            "suit": "\u2660"
          },
          {
            "value": 3,
            "suit": "\u2663"
          },
          {
            "value": 6,
            "suit": "\u2666"
          },
          {
            "value": 5,
            "suit": "\u2666"
          },
          {
            "value": 7,
            "suit": "\u2660"
          },
          {
            "value": 4,
            "suit": "\u2663"
          },
          {
            "value": 2,
            "suit": "\u2663"
          },
          {
            "value": 8,
            "suit": "\u2666"
          },
          {
            "value": 4,
            "suit": "\u2660"
          },
          {
            "value": 12,
            "suit": "\u2663"
          },
          {
            "value": 10,
            "suit": "\u2666"
          },
          {
            "value": 5,
            "suit": "\u2665"
          },
          {
            "value": 7,
            "suit": "\u2663"
          },
          {
            "value": 4,
            "suit": "\u2666"
          },
          {
            "value": 9,
            "suit": "\u2666"
          },
          {
            "value": 3,
            "suit": "\u2665"
          },
          {
            "value": 6,
            "suit": "\u2663"
          }
        ],
        "room": [
          {
            "value": 9,
            "suit": "\u2665"
          },
          {
            "value": 14,
            "suit": "\u2663"
          },
          {
            "value": 9,
            "suit": "\u2660"
          },
          {
            "value": 8,
            "suit": "\u2665"
          }
        ],
        "discard": [
          {
            "value": 7,
            "suit": "\u2665"
          },
          {
            "value": 2,
            "suit": "\u2665"
          },
          {
            "value": 7,
            "suit": "\u2666"
          },
          {
            "value": 14,
            "suit": "\u2660"
          },
          {
            "value": 13,
            "suit": "\u2663"
          },
          {
            "value": 11,
            "suit": "\u2660"
          },
          {
            "value": 5,
            "suit": "\u2660"
          },
          {
            "value": 6,
            "suit": "\u2665"
          }
        ],
        "equipped_weapon": {
          "value": 3,
          "suit": "\u2666"
        },
        "weapon_monsters": [],
        "used_potion": false,
        "health": 18,
        "number_avoided": 0,
        "last_room_avoided": false,
        "exit": false,
        "score": -147,
        "can_avoid": true,
        "can_use_potion": true,
        "game_over": false
      },
      "mcts_stats": [
        {
          "action": 0,
          "visits": 6545,
          "avg_value": 0.22699097987819342,
          "total_value": 1485.655963302776,
          "ucb1": 0.28629545008790047
        },
        {
          "action": 1,
          "visits": 68970,
          "avg_value": 0.28326010644166477,
          "total_value": 19536.449541281618,
          "ucb1": 0.301528995690398
        },
        {
          "action": 2,
          "visits": 12743,
          "avg_value": 0.25003185774956693,
          "total_value": 3186.1559633027314,
          "ucb1": 0.29253356880260356
        },
        {
          "action": 3,
          "visits": 6726,
          "avg_value": 0.22809336355973442,
          "total_value": 1534.1559633027737,
          "ucb1": 0.2865944355767699
        },
        {
          "action": 4,
          "visits": 5016,
          "avg_value": 0.2154244033770832,
          "total_value": 1080.5688073394494,
          "ucb1": 0.2831672577807699
        }
      ],
      "selected_action": 1
    },
    {
      "turn": 10,
      "game_state": {
        "dungeon": [
          {
            "value": 3,
            "suit": "\u2660"
          },
          {
            "value": 12,
            "suit": "\u2660"
          },
          {
            "value": 2,
            "suit": "\u2660"
          },
          {
            "value": 10,
            "suit": "\u2663"
          },
          {
            "value": 10,
            "suit": "\u2660"
          },
          {
            "value": 11,
            "suit": "\u2663"
          },
          {
            "value": 13,
            "suit": "\u2660"
          },
          {
            "value": 9,
            "suit": "\u2663"
          },
          {
            "value": 8,
            "suit": "\u2663"
          },
          {
            "value": 5,
            "suit": "\u2663"
          },
          {
            "value": 10,
            "suit": "\u2665"
          },
          {
            "value": 6,
            "suit": "\u2660"
          },
          {
            "value": 4,
            "suit": "\u2665"
          },
          {
            "value": 2,
            "suit": "\u2666"
          },
          {
            "value": 8,
            "suit": "\u2660"
          },
          {
            "value": 3,
            "suit": "\u2663"
          },
          {
            "value": 6,
            "suit": "\u2666"
          },
          {
            "value": 5,
            "suit": "\u2666"
          },
          {
            "value": 7,
            "suit": "\u2660"
          },
          {
            "value": 4,
            "suit": "\u2663"
          },
          {
            "value": 2,
            "suit": "\u2663"
          },
          {
            "value": 8,
            "suit": "\u2666"
          },
          {
            "value": 4,
            "suit": "\u2660"
          },
          {
            "value": 12,
            "suit": "\u2663"
          },
          {
            "value": 10,
            "suit": "\u2666"
          },
          {
            "value": 5,
            "suit": "\u2665"
          },
          {
            "value": 7,
            "suit": "\u2663"
          },
          {
            "value": 4,
            "suit": "\u2666"
          },
          {
            "value": 9,
            "suit": "\u2666"
          },
          {
            "value": 3,
            "suit": "\u2665"
          },
          {
            "value": 6,
            "suit": "\u2663"
          }
        ],
        "room": [
          {
            "value": 9,
            "suit": "\u2665"
          },
          {
            "value": 9,
            "suit": "\u2660"
          },
          {
            "value": 8,
            "suit": "\u2665"
          }
        ],
        "discard": [
          {
            "value": 7,
            "suit": "\u2665"
          },
          {
            "value": 2,
            "suit": "\u2665"
          },
          {
            "value": 7,
            "suit": "\u2666"
          },
          {
            "value": 14,
            "suit": "\u2660"
          },
          {
            "value": 13,
            "suit": "\u2663"
          },
          {
            "value": 11,
            "suit": "\u2660"
          },
          {
            "value": 5,
            "suit": "\u2660"
          },
          {
            "value": 6,
            "suit": "\u2665"
          }
        ],
        "equipped_weapon": {
          "value": 3,
          "suit": "\u2666"
        },
        "weapon_monsters": [
          {
            "value": 14,
            "suit": "\u2663"
          }
        ],
        "used_potion": false,
        "health": 7,
        "number_avoided": 0,
        "last_room_avoided": false,
        "exit": false,
        "score": -144,
        "can_avoid": false,
        "can_use_potion": true,
        "game_over": false
      },
      "mcts_stats": [
        {
          "action": 0,
          "visits": 29501,
          "avg_value": 0.28306100026465886,
          "total_value": 8350.5825688077,
          "ucb1": 0.3109944058462106
        },
        {
          "action": 1,
          "visits": 43539,
          "avg_value": 0.28983084026111106,
          "total_value": 12618.944954128514,
          "ucb1": 0.312824231604116
        },
        {
          "action": 2,
          "visits": 26960,
          "avg_value": 0.28129372771078764,
          "total_value": 7583.678899082835,
          "ucb1": 0.31051386903254524
        }
      ],
      "selected_action": 1
    },
    {
      "turn": 11,
      "game_state": {
        "dungeon": [
          {
            "value": 3,
            "suit": "\u2660"
          },
          {
            "value": 12,
            "suit": "\u2660"
          },
          {
            "value": 2,
            "suit": "\u2660"
          },
          {
            "value": 10,
            "suit": "\u2663"
          },
          {
            "value": 10,
            "suit": "\u2660"
          },
          {
            "value": 11,
            "suit": "\u2663"
          },
          {
            "value": 13,
            "suit": "\u2660"
          },
          {
            "value": 9,
            "suit": "\u2663"
          },
          {
            "value": 8,
            "suit": "\u2663"
          },
          {
            "value": 5,
            "suit": "\u2663"
          },
          {
            "value": 10,
            "suit": "\u2665"
          },
          {
            "value": 6,
            "suit": "\u2660"
          },
          {
            "value": 4,
            "suit": "\u2665"
          },
          {
            "value": 2,
            "suit": "\u2666"
          },
          {
            "value": 8,
            "suit": "\u2660"
          },
          {
            "value": 3,
            "suit": "\u2663"
          },
          {
            "value": 6,
            "suit": "\u2666"
          },
          {
            "value": 5,
            "suit": "\u2666"
          },
          {
            "value": 7,
            "suit": "\u2660"
          },
          {
            "value": 4,
            "suit": "\u2663"
          },
          {
            "value": 2,
            "suit": "\u2663"
          },
          {
            "value": 8,
            "suit": "\u2666"
          },
          {
            "value": 4,
            "suit": "\u2660"
          },
          {
            "value": 12,
            "suit": "\u2663"
          },
          {
            "value": 10,
            "suit": "\u2666"
          },
          {
            "value": 5,
            "suit": "\u2665"
          },
          {
            "value": 7,
            "suit": "\u2663"
          },
          {
            "value": 4,
            "suit": "\u2666"
          },
          {
            "value": 9,
            "suit": "\u2666"
          },
          {
            "value": 3,
            "suit": "\u2665"
          },
          {
            "value": 6,
            "suit": "\u2663"
          }
        ],
        "room": [
          {
            "value": 9,
            "suit": "\u2665"
          },
          {
            "value": 8,
            "suit": "\u2665"
          }
        ],
        "discard": [
          {
            "value": 7,
            "suit": "\u2665"
          },
          {
            "value": 2,
            "suit": "\u2665"
          },
          {
            "value": 7,
            "suit": "\u2666"
          },
          {
            "value": 14,
            "suit": "\u2660"
          },
          {
            "value": 13,
            "suit": "\u2663"
          },
          {
            "value": 11,
            "suit": "\u2660"
          },
          {
            "value": 5,
            "suit": "\u2660"
          },
          {
            "value": 6,
            "suit": "\u2665"
          }
        ],
        "equipped_weapon": {
          "value": 3,
          "suit": "\u2666"
        },
        "weapon_monsters": [
          {
            "value": 14,
            "suit": "\u2663"
          },
          {
            "value": 9,
            "suit": "\u2660"
          }
        ],
        "used_potion": false,
        "health": 1,
        "number_avoided": 0,
        "last_room_avoided": false,
        "exit": false,
        "score": -141,
        "can_avoid": false,
        "can_use_potion": true,
        "game_over": false
      },
      "mcts_stats": [
        {
          "action": 0,
          "visits": 51116,
          "avg_value": 0.29425219917137646,
          "total_value": 15040.99541284408,
          "ucb1": 0.31547310046221655
        },
        {
          "action": 1,
          "visits": 48884,
          "avg_value": 0.29359477857711613,
          "total_value": 14352.087155963745,
          "ucb1": 0.3152947363266537
        }
      ],
      "selected_action": 0
    },
    {
      "turn": 12,
      "game_state": {
        "dungeon": [
          {
            "value": 10,
            "suit": "\u2663"
          },
          {
            "value": 10,
            "suit": "\u2660"
          },
          {
            "value": 11,
            "suit": "\u2663"
          },
          {
            "value": 13,
            "suit": "\u2660"
          },
          {
            "value": 9,
            "suit": "\u2663"
          },
          {
            "value": 8,
            "suit": "\u2663"
          },
          {
            "value": 5,
            "suit": "\u2663"
          },
          {
            "value": 10,
            "suit": "\u2665"
          },
          {
            "value": 6,
            "suit": "\u2660"
          },
          {
            "value": 4,
            "suit": "\u2665"
          },
          {
            "value": 2,
            "suit": "\u2666"
          },
          {
            "value": 8,
            "suit": "\u2660"
          },
          {
            "value": 3,
            "suit": "\u2663"
          },
          {
            "value": 6,
            "suit": "\u2666"
          },
          {
            "value": 5,
            "suit": "\u2666"
          },
          {
            "value": 7,
            "suit": "\u2660"
          },
          {
            "value": 4,
            "suit": "\u2663"
          },
          {
            "value": 2,
            "suit": "\u2663"
          },
          {
            "value": 8,
            "suit": "\u2666"
          },
          {
            "value": 4,
            "suit": "\u2660"
          },
          {
            "value": 12,
            "suit": "\u2663"
          },
          {
            "value": 10,
            "suit": "\u2666"
          },
          {
            "value": 5,
            "suit": "\u2665"
          },
          {
            "value": 7,
            "suit": "\u2663"
          },
          {
            "value": 4,
            "suit": "\u2666"
          },
          {
            "value": 9,
            "suit": "\u2666"
          },
          {
            "value": 3,
            "suit": "\u2665"
          },
          {
            "value": 6,
            "suit": "\u2663"
          }
        ],
        "room": [
          {
            "value": 8,
            "suit": "\u2665"
          },
          {
            "value": 3,
            "suit": "\u2660"
          },
          {
            "value": 12,
            "suit": "\u2660"
          },
          {
            "value": 2,
            "suit": "\u2660"
          }
        ],
        "discard": [
          {
            "value": 7,
            "suit": "\u2665"
          },
          {
            "value": 2,
            "suit": "\u2665"
          },
          {
            "value": 7,
            "suit": "\u2666"
          },
          {
            "value": 14,
            "suit": "\u2660"
          },
          {
            "value": 13,
            "suit": "\u2663"
          },
          {
            "value": 11,
            "suit": "\u2660"
          },
          {
            "value": 5,
            "suit": "\u2660"
          },
          {
            "value": 6,
            "suit": "\u2665"
          },
          {
            "value": 9,
            "suit": "\u2665"
          }
        ],
        "equipped_weapon": {
          "value": 3,
          "suit": "\u2666"
        },
        "weapon_monsters": [
          {
            "value": 14,
            "suit": "\u2663"
          },
          {
            "value": 9,
            "suit": "\u2660"
          }
        ],
        "used_potion": false,
        "health": 10,
        "number_avoided": 0,
        "last_room_avoided": false,
        "exit": false,
        "score": -132,
        "can_avoid": true,
        "can_use_potion": true,
        "game_over": false
      },
      "mcts_stats": [
        {
          "action": 0,
          "visits": 38936,
          "avg_value": 0.3080651758802859,
          "total_value": 11994.825688074812,
          "ucb1": 0.33237974564682676
        },
        {
          "action": 1,
          "visits": 31541,
          "avg_value": 0.3043626920428723,
          "total_value": 9599.903669724235,
          "ucb1": 0.33137766435545846
        },
        {
          "action": 2,
          "visits": 6058,
          "avg_value": 0.25688073394496536,
          "total_value": 1556.1834862386002,
          "ucb1": 0.31852286173605754
        },
        {
          "action": 3,
          "visits": 17407,
          "avg_value": 0.2915435791675186,
          "total_value": 5074.899082568996,
          "ucb1": 0.3279083027987394
        },
        {
          "action": 4,
          "visits": 6058,
          "avg_value": 0.25688073394496536,
          "total_value": 1556.1834862386002,
          "ucb1": 0.31852286173605754
        }
      ],
      "selected_action": 0
    },
    {
      "turn": 13,
      "game_state": {
        "dungeon": [
          {
            "value": 10,
            "suit": "\u2663"
          },
          {
            "value": 10,
            "suit": "\u2660"
          },
          {
            "value": 11,
            "suit": "\u2663"
          },
          {
            "value": 13,
            "suit": "\u2660"
          },
          {
            "value": 9,
            "suit": "\u2663"
          },
          {
            "value": 8,
            "suit": "\u2663"
          },
          {
            "value": 5,
            "suit": "\u2663"
          },
          {
            "value": 10,
            "suit": "\u2665"
          },
          {
            "value": 6,
            "suit": "\u2660"
          },
          {
            "value": 4,
            "suit": "\u2665"
          },
          {
            "value": 2,
            "suit": "\u2666"
          },
          {
            "value": 8,
            "suit": "\u2660"
          },
          {
            "value": 3,
            "suit": "\u2663"
          },
          {
            "value": 6,
            "suit": "\u2666"
          },
          {
            "value": 5,
            "suit": "\u2666"
          },
          {
            "value": 7,
            "suit": "\u2660"
          },
          {
            "value": 4,
            "suit": "\u2663"
          },
          {
            "value": 2,
            "suit": "\u2663"
          },
          {
            "value": 8,
            "suit": "\u2666"
          },
          {
            "value": 4,
            "suit": "\u2660"
          },
          {
            "value": 12,
            "suit": "\u2663"
          },
          {
            "value": 10,
            "suit": "\u2666"
          },
          {
            "value": 5,
            "suit": "\u2665"
          },
          {
            "value": 7,
            "suit": "\u2663"
          },
          {
            "value": 4,
            "suit": "\u2666"
          },
          {
            "value": 9,
            "suit": "\u2666"
          },
          {
            "value": 3,
            "suit": "\u2665"
          },
          {
            "value": 6,
            "suit": "\u2663"
          }
        ],
        "room": [
          {
            "value": 3,
            "suit": "\u2660"
          },
          {
            "value": 12,
            "suit": "\u2660"
          },
          {
            "value": 2,
            "suit": "\u2660"
          }
        ],
        "discard": [
          {
            "value": 7,
            "suit": "\u2665"
          },
          {
            "value": 2,
            "suit": "\u2665"
          },
          {
            "value": 7,
            "suit": "\u2666"
          },
          {
            "value": 14,
            "suit": "\u2660"
          },
          {
            "value": 13,
            "suit": "\u2663"
          },
          {
            "value": 11,
            "suit": "\u2660"
          },
          {
            "value": 5,
            "suit": "\u2660"
          },
          {
            "value": 6,
            "suit": "\u2665"
          },
          {
            "value": 9,
            "suit": "\u2665"
          },
          {
            "value": 8,
            "suit": "\u2665"
          }
        ],
        "equipped_weapon": {
          "value": 3,
          "suit": "\u2666"
        },
        "weapon_monsters": [
          {
            "value": 14,
            "suit": "\u2663"
          },
          {
            "value": 9,
            "suit": "\u2660"
          }
        ],
        "used_potion": true,
        "health": 18,
        "number_avoided": 0,
        "last_room_avoided": false,
        "exit": false,
        "score": -124,
        "can_avoid": false,
        "can_use_potion": false,
        "game_over": false
      },
      "mcts_stats": [
        {
          "action": 0,
          "visits": 45004,
          "avg_value": 0.31339416108984847,
          "total_value": 14103.99082568754,
          "ucb1": 0.3360102080873198
        },
        {
          "action": 1,
          "visits": 29858,
          "avg_value": 0.30633392553503974,
          "total_value": 9146.518348625217,
          "ucb1": 0.3340998347369854
        },
        {
          "action": 2,
          "visits": 25138,
          "avg_value": 0.302913969931896,
          "total_value": 7614.651376148002,
          "ucb1": 0.3331745253500623
        }
      ],
      "selected_action": 0
    },
    {
      "turn": 14,
      "game_state": {
        "dungeon": [
          {
            "value": 10,
            "suit": "\u2663"
          },
          {
            "value": 10,
            "suit": "\u2660"
          },
          {
            "value": 11,
            "suit": "\u2663"
          },
          {
            "value": 13,
            "suit": "\u2660"
          },
          {
            "value": 9,
            "suit": "\u2663"
          },
          {
            "value": 8,
            "suit": "\u2663"
          },
          {
            "value": 5,
            "suit": "\u2663"
          },
          {
            "value": 10,
            "suit": "\u2665"
          },
          {
            "value": 6,
            "suit": "\u2660"
          },
          {
            "value": 4,
            "suit": "\u2665"
          },
          {
            "value": 2,
            "suit": "\u2666"
          },
          {
            "value": 8,
            "suit": "\u2660"
          },
          {
            "value": 3,
            "suit": "\u2663"
          },
          {
            "value": 6,
            "suit": "\u2666"
          },
          {
            "value": 5,
            "suit": "\u2666"
          },
          {
            "value": 7,
            "suit": "\u2660"
          },
          {
            "value": 4,
            "suit": "\u2663"
          },
          {
            "value": 2,
            "suit": "\u2663"
          },
          {
            "value": 8,
            "suit": "\u2666"
          },
          {
            "value": 4,
            "suit": "\u2660"
          },
          {
            "value": 12,
            "suit": "\u2663"
          },
          {
            "value": 10,
            "suit": "\u2666"
          },
          {
            "value": 5,
            "suit": "\u2665"
          },
          {
            "value": 7,
            "suit": "\u2663"
          },
          {
            "value": 4,
            "suit": "\u2666"
          },
          {
            "value": 9,
            "suit": "\u2666"
          },
          {
            "value": 3,
            "suit": "\u2665"
          },
          {
            "value": 6,
            "suit": "\u2663"
          }
        ],
        "room": [
          {
            "value": 12,
            "suit": "\u2660"
          },
          {
            "value": 2,
            "suit": "\u2660"
          }
        ],
        "discard": [
          {
            "value": 7,
            "suit": "\u2665"
          },
          {
            "value": 2,
            "suit": "\u2665"
          },
          {
            "value": 7,
            "suit": "\u2666"
          },
          {
            "value": 14,
            "suit": "\u2660"
          },
          {
            "value": 13,
            "suit": "\u2663"
          },
          {
            "value": 11,
            "suit": "\u2660"
          },
          {
            "value": 5,
            "suit": "\u2660"
          },
          {
            "value": 6,
            "suit": "\u2665"
          },
          {
            "value": 9,
            "suit": "\u2665"
          },
          {
            "value": 8,
            "suit": "\u2665"
          }
        ],
        "equipped_weapon": {
          "value": 3,
          "suit": "\u2666"
        },
        "weapon_monsters": [
          {
            "value": 14,
            "suit": "\u2663"
          },
          {
            "value": 9,
            "suit": "\u2660"
          },
          {
            "value": 3,
            "suit": "\u2660"
          }
        ],
        "used_potion": true,
        "health": 18,
        "number_avoided": 0,
        "last_room_avoided": false,
        "exit": false,
        "score": -121,
        "can_avoid": false,
        "can_use_potion": false,
        "game_over": false
      },
      "mcts_stats": [
        {
          "action": 0,
          "visits": 38626,
          "avg_value": 0.30959633122532865,
          "total_value": 11958.467889909543,
          "ucb1": 0.33400827651075055
        },
        {
          "action": 1,
          "visits": 61374,
          "avg_value": 0.31651376146798293,
          "total_value": 19425.715596335984,
          "ucb1": 0.3358802124737876
        }
      ],
      "selected_action": 1
    },
    {
      "turn": 15,
      "game_state": {
        "dungeon": [
          {
            "value": 13,
            "suit": "\u2660"
          },
          {
            "value": 9,
            "suit": "\u2663"
          },
          {
            "value": 8,
            "suit": "\u2663"
          },
          {
            "value": 5,
            "suit": "\u2663"
          },
          {
            "value": 10,
            "suit": "\u2665"
          },
          {
            "value": 6,
            "suit": "\u2660"
          },
          {
            "value": 4,
            "suit": "\u2665"
          },
          {
            "value": 2,
            "suit": "\u2666"
          },
          {
            "value": 8,
            "suit": "\u2660"
          },
          {
            "value": 3,
            "suit": "\u2663"
          },
          {
            "value": 6,
            "suit": "\u2666"
          },
          {
            "value": 5,
            "suit": "\u2666"
          },
          {
            "value": 7,
            "suit": "\u2660"
          },
          {
            "value": 4,
            "suit": "\u2663"
          },
          {
            "value": 2,
            "suit": "\u2663"
          },
          {
            "value": 8,
            "suit": "\u2666"
          },
          {
            "value": 4,
            "suit": "\u2660"
          },
          {
            "value": 12,
            "suit": "\u2663"
          },
          {
            "value": 10,
            "suit": "\u2666"
          },
          {
            "value": 5,
            "suit": "\u2665"
          },
          {
            "value": 7,
            "suit": "\u2663"
          },
          {
            "value": 4,
            "suit": "\u2666"
          },
          {
            "value": 9,
            "suit": "\u2666"
          },
          {
            "value": 3,
            "suit": "\u2665"
          },
          {
            "value": 6,
            "suit": "\u2663"
          }
        ],
        "room": [
          {
            "value": 12,
            "suit": "\u2660"
          },
          {
            "value": 10,
            "suit": "\u2663"
          },
          {
            "value": 10,
            "suit": "\u2660"
          },
          {
            "value": 11,
            "suit": "\u2663"
          }
        ],
        "discard": [
          {
            "value": 7,
            "suit": "\u2665"
          },
          {
            "value": 2,
            "suit": "\u2665"
          },
          {
            "value": 7,
            "suit": "\u2666"
          },
          {
            "value": 14,
            "suit": "\u2660"
          },
          {
            "value": 13,
            "suit": "\u2663"
          },
          {
            "value": 11,
            "suit": "\u2660"
          },
          {
            "value": 5,
            "suit": "\u2660"
          },
          {
            "value": 6,
            "suit": "\u2665"
          },
          {
            "value": 9,
            "suit": "\u2665"
          },
          {
            "value": 8,
            "suit": "\u2665"
          }
        ],
        "equipped_weapon": {
          "value": 3,
          "suit": "\u2666"
        },
        "weapon_monsters": [
          {
            "value": 14,
            "suit": "\u2663"
          },
          {
            "value": 9,
            "suit": "\u2660"
          },
          {
            "value": 3,
            "suit": "\u2660"
          },
          {
            "value": 2,
            "suit": "\u2660"
          }
        ],
        "used_potion": false,
        "health": 18,
        "number_avoided": 0,
        "last_room_avoided": false,
        "exit": false,
        "score": -119,
        "can_avoid": true,
        "can_use_potion": true,
        "game_over": false
      },
      "mcts_stats": [
        {
          "action": 0,
          "visits": 20000,
          "avg_value": 0.3165137614678591,
          "total_value": 6330.275229357182,
          "ucb1": 0.35043933966702884
        },
        {
          "action": 1,
          "visits": 20000,
          "avg_value": 0.3165137614678591,
          "total_value": 6330.275229357182,
          "ucb1": 0.35043933966702884
        },
        {
          "action": 2,
          "visits": 20000,
          "avg_value": 0.3165137614678591,
          "total_value": 6330.275229357182,
          "ucb1": 0.35043933966702884
        },
        {
          "action": 3,
          "visits": 20000,
          "avg_value": 0.3165137614678591,
          "total_value": 6330.275229357182,
          "ucb1": 0.35043933966702884
        },
        {
          "action": 4,
          "visits": 20000,
          "avg_value": 0.3165137614678591,
          "total_value": 6330.275229357182,
          "ucb1": 0.35043933966702884
        }
      ],
      "selected_action": 3
    },
    {
      "turn": 16,
      "game_state": {
        "dungeon": [
          {
            "value": 13,
            "suit": "\u2660"
          },
          {
            "value": 9,
            "suit": "\u2663"
          },
          {
            "value": 8,
            "suit": "\u2663"
          },
          {
            "value": 5,
            "suit": "\u2663"
          },
          {
            "value": 10,
            "suit": "\u2665"
          },
          {
            "value": 6,
            "suit": "\u2660"
          },
          {
            "value": 4,
            "suit": "\u2665"
          },
          {
            "value": 2,
            "suit": "\u2666"
          },
          {
            "value": 8,
            "suit": "\u2660"
          },
          {
            "value": 3,
            "suit": "\u2663"
          },
          {
            "value": 6,
            "suit": "\u2666"
          },
          {
            "value": 5,
            "suit": "\u2666"
          },
          {
            "value": 7,
            "suit": "\u2660"
          },
          {
            "value": 4,
            "suit": "\u2663"
          },
          {
            "value": 2,
            "suit": "\u2663"
          },
          {
            "value": 8,
            "suit": "\u2666"
          },
          {
            "value": 4,
            "suit": "\u2660"
          },
          {
            "value": 12,
            "suit": "\u2663"
          },
          {
            "value": 10,
            "suit": "\u2666"
          },
          {
            "value": 5,
            "suit": "\u2665"
          },
          {
            "value": 7,
            "suit": "\u2663"
          },
          {
            "value": 4,
            "suit": "\u2666"
          },
          {
            "value": 9,
            "suit": "\u2666"
          },
          {
            "value": 3,
            "suit": "\u2665"
          },
          {
            "value": 6,
            "suit": "\u2663"
          }
        ],
        "room": [
          {
            "value": 12,
            "suit": "\u2660"
          },
          {
            "value": 10,
            "suit": "\u2663"
          },
          {
            "value": 10,
            "suit": "\u2660"
          }
        ],
        "discard": [
          {
            "value": 7,
            "suit": "\u2665"
          },
          {
            "value": 2,
            "suit": "\u2665"
          },
          {
            "value": 7,
            "suit": "\u2666"
          },
          {
            "value": 14,
            "suit": "\u2660"
          },
          {
            "value": 13,
            "suit": "\u2663"
          },
          {
            "value": 11,
            "suit": "\u2660"
          },
          {
            "value": 5,
            "suit": "\u2660"
          },
          {
            "value": 6,
            "suit": "\u2665"
          },
          {
            "value": 9,
            "suit": "\u2665"
          },
          {
            "value": 8,
            "suit": "\u2665"
          },
          {
            "value": 11,
            "suit": "\u2663"
          }
        ],
        "equipped_weapon": {
          "value": 3,
          "suit": "\u2666"
        },
        "weapon_monsters": [
          {
            "value": 14,
            "suit": "\u2663"
          },
          {
            "value": 9,
            "suit": "\u2660"
          },
          {
            "value": 3,
            "suit": "\u2660"
          },
          {
            "value": 2,
            "suit": "\u2660"
          }
        ],
        "used_potion": false,
        "health": 7,
        "number_avoided": 0,
        "last_room_avoided": false,
        "exit": false,
        "score": -119,
        "can_avoid": false,
        "can_use_potion": true,
        "game_over": false
      },
      "mcts_stats": [
        {
          "action": 0,
          "visits": 33332,
          "avg_value": 0.3165137614678481,
          "total_value": 10550.036697246313,
          "ucb1": 0.34279292693158164
        },
        {
          "action": 1,
          "visits": 33334,
          "avg_value": 0.3165137614678481,
          "total_value": 10550.669724769248,
          "ucb1": 0.34279213856055946
        },
        {
          "action": 2,
          "visits": 33334,
          "avg_value": 0.3165137614678481,
          "total_value": 10550.669724769248,
          "ucb1": 0.34279213856055946
        }
      ],
      "selected_action": 1
    }
  ]
}