{
  "metadata": {
    "seed": 657257922,
    "num_simulations": 100000,
    "timestamp": "2025-12-21T06:29:38.349271",
    "final_score": -139,
    "num_turns": 15,
    "final_state": {
      "dungeon": [
        {
          "value": 6,
          "suit": "\u2666"
        },
        {
          "value": 6,
          "suit": "\u2665"
        },
        {
          "value": 2,
          "suit": "\u2660"
        },
        {
          "value": 9,
          "suit": "\u2665"
        },
        {
          "value": 9,
          "suit": "\u2663"
        },
        {
          "value": 7,
          "suit": "\u2660"
        },
        {
          "value": 10,
          "suit": "\u2665"
        },
        {
          "value": 2,
          "suit": "\u2666"
        },
        {
          "value": 4,
          "suit": "\u2660"
        },
        {
          "value": 8,
          "suit": "\u2663"
        },
        {
          "value": 3,
          "suit": "\u2665"
        },
        {
          "value": 7,
          "suit": "\u2666"
        },
        {
          "value": 8,
          "suit": "\u2666"
        },
        {
          "value": 10,
          "suit": "\u2666"
        },
        {
          "value": 2,
          "suit": "\u2665"
        },
        {
          "value": 11,
          "suit": "\u2663"
        },
        {
          "value": 3,
          "suit": "\u2660"
        },
        {
          "value": 5,
          "suit": "\u2666"
        },
        {
          "value": 12,
          "suit": "\u2663"
        },
        {
          "value": 4,
          "suit": "\u2666"
        },
        {
          "value": 13,
          "suit": "\u2663"
        },
        {
          "value": 6,
          "suit": "\u2660"
        },
        {
          "value": 11,
          "suit": "\u2660"
        },
        {
          "value": 10,
          "suit": "\u2663"
        },
        {
          "value": 13,
          "suit": "\u2660"
        },
        {
          "value": 8,
          "suit": "\u2665"
        },
        {
          "value": 5,
          "suit": "\u2663"
        },
        {
          "value": 6,
          "suit": "\u2663"
        }
      ],
      "room": [
        {
          "value": 7,
          "suit": "\u2663"
        },
        {
          "value": 4,
          "suit": "\u2663"
        },
        {
          "value": 3,
          "suit": "\u2663"
        }
      ],
      "discard": [
        {
          "value": 12,
          "suit": "\u2660"
        },
        {
          "value": 5,
          "suit": "\u2665"
        },
        {
          "value": 4,
          "suit": "\u2665"
        },
        {
          "value": 9,
          "suit": "\u2666"
        },
        {
          "value": 14,
          "suit": "\u2660"
        },
        {
          "value": 10,
          "suit": "\u2660"
        },
        {
          "value": 9,
          "suit": "\u2660"
        },
        {
          "value": 5,
          "suit": "\u2660"
        },
        {
          "value": 7,
          "suit": "\u2665"
        },
        {
          "value": 14,
          "suit": "\u2663"
        }
      ],
      "equipped_weapon": {
        "value": 3,
        "suit": "\u2666"
      },
      "weapon_monsters": [
        {
          "value": 8,
          "suit": "\u2660"
        },
        {
          "value": 2,
          "suit": "\u2663"
        }
      ],
      "used_potion": false,
      "health": -5,
      "number_avoided": 2,
      "last_room_avoided": true,
      "exit": false,
      "score": -139,
      "can_avoid": false,
      "can_use_potion": true,
      "game_over": true
    }
  },
  "events": [
    {
      "turn": 0,
      "game_state": {
        "dungeon": [
          {
            "value": 6,
            "suit": "\u2660"
          },
          {
            "value": 11,
            "suit": "\u2660"
          },
          {
            "value": 10,
            "suit": "\u2663"
          },
          {
            "value": 14,
            "suit": "\u2660"
          },
          {
            "value": 9,
            "suit": "\u2660"
          },
          {
            "value": 10,
            "suit": "\u2660"
          },
          {
            "value": 9,
            "suit": "\u2666"
          },
          {
            "value": 5,
            "suit": "\u2660"
          },
          {
            "value": 13,
            "suit": "\u2660"
          },
          {
            "value": 3,
            "suit": "\u2666"
          },
          {
            "value": 2,
            "suit": "\u2663"
          },
          {
            "value": 8,
            "suit": "\u2660"
          },
          {
            "value": 7,
            "suit": "\u2665"
          },
          {
            "value": 8,
            "suit": "\u2665"
          },
          {
            "value": 5,
            "suit": "\u2663"
          },
          {
            "value": 6,
            "suit": "\u2663"
          },
          {
            "value": 14,
            "suit": "\u2663"
          },
          {
            "value": 7,
            "suit": "\u2663"
          },
          {
            "value": 4,
            "suit": "\u2663"
          },
          {
            "value": 3,
            "suit": "\u2663"
          },
          {
            "value": 6,
            "suit": "\u2666"
          },
          {
            "value": 6,
            "suit": "\u2665"
          },
          {
            "value": 2,
            "suit": "\u2660"
          },
          {
            "value": 9,
            "suit": "\u2665"
          },
          {
            "value": 9,
            "suit": "\u2663"
          },
          {
            "value": 7,
            "suit": "\u2660"
          },
          {
            "value": 10,
            "suit": "\u2665"
          },
          {
            "value": 2,
            "suit": "\u2666"
          },
          {
            "value": 4,
            "suit": "\u2660"
          },
          {
            "value": 8,
            "suit": "\u2663"
          },
          {
            "value": 3,
            "suit": "\u2665"
          },
          {
            "value": 7,
            "suit": "\u2666"
          },
          {
            "value": 8,
            "suit": "\u2666"
          },
          {
            "value": 10,
            "suit": "\u2666"
          },
          {
            "value": 2,
            "suit": "\u2665"
          },
          {
            "value": 11,
            "suit": "\u2663"
          },
          {
            "value": 3,
            "suit": "\u2660"
          },
          {
            "value": 5,
            "suit": "\u2666"
          },
          {
            "value": 12,
            "suit": "\u2663"
          },
          {
            "value": 4,
            "suit": "\u2666"
          }
        ],
        "room": [
          {
            "value": 5,
            "suit": "\u2665"
          },
          {
            "value": 12,
            "suit": "\u2660"
          },
          {
            "value": 4,
            "suit": "\u2665"
          },
          {
            "value": 13,
            "suit": "\u2663"
          }
        ],
        "discard": [],
        "equipped_weapon": null,
        "weapon_monsters": [],
        "used_potion": false,
        "health": 20,
        "number_avoided": 0,
        "last_room_avoided": false,
        "exit": false,
        "score": -188,
        "can_avoid": true,
        "can_use_potion": true,
        "game_over": false
      },
      "mcts_stats": [
        {
          "action": 0,
          "visits": 12198,
          "avg_value": 0.0043054884918718745,
          "total_value": 52.51834862385313,
          "ucb1": 0.0477463011855787
        },
        {
          "action": 1,
          "visits": 37686,
          "avg_value": 0.03325353342223961,
          "total_value": 1253.192660550522,
          "ucb1": 0.05796805649400772
        },
        {
          "action": 2,
          "visits": 12204,
          "avg_value": 0.004316903166054741,
          "total_value": 52.683486238532055,
          "ucb1": 0.047747035881064534
        },
        {
          "action": 3,
          "visits": 27306,
          "avg_value": 0.024009408827042306,
          "total_value": 655.6009174312172,
          "ucb1": 0.053043832715967104
        },
        {
          "action": 4,
          "visits": 10606,
          "avg_value": 0.0,
          "total_value": 0.0,
          "ucb1": 0.046587182350905615
        }
      ],
      "selected_action": 1
    },
    {
      "turn": 1,
      "game_state": {
        "dungeon": [
          {
            "value": 6,
            "suit": "\u2660"
          },
          {
            "value": 11,
            "suit": "\u2660"
          },
          {
            "value": 10,
            "suit": "\u2663"
          },
          {
            "value": 14,
            "suit": "\u2660"
          },
          {
            "value": 9,
            "suit": "\u2660"
          },
          {
            "value": 10,
            "suit": "\u2660"
          },
          {
            "value": 9,
            "suit": "\u2666"
          },
          {
            "value": 5,
            "suit": "\u2660"
          },
          {
            "value": 13,
            "suit": "\u2660"
          },
          {
            "value": 3,
            "suit": "\u2666"
          },
          {
            "value": 2,
            "suit": "\u2663"
          },
          {
            "value": 8,
            "suit": "\u2660"
          },
          {
            "value": 7,
            "suit": "\u2665"
          },
          {
            "value": 8,
            "suit": "\u2665"
          },
          {
            "value": 5,
            "suit": "\u2663"
          },
          {
            "value": 6,
            "suit": "\u2663"
          },
          {
            "value": 14,
            "suit": "\u2663"
          },
          {
            "value": 7,
            "suit": "\u2663"
          },
          {
            "value": 4,
            "suit": "\u2663"
          },
          {
            "value": 3,
            "suit": "\u2663"
          },
          {
            "value": 6,
            "suit": "\u2666"
          },
          {
            "value": 6,
            "suit": "\u2665"
          },
          {
            "value": 2,
            "suit": "\u2660"
          },
          {
            "value": 9,
            "suit": "\u2665"
          },
          {
            "value": 9,
            "suit": "\u2663"
          },
          {
            "value": 7,
            "suit": "\u2660"
          },
          {
            "value": 10,
            "suit": "\u2665"
          },
          {
            "value": 2,
            "suit": "\u2666"
          },
          {
            "value": 4,
            "suit": "\u2660"
          },
          {
            "value": 8,
            "suit": "\u2663"
          },
          {
            "value": 3,
            "suit": "\u2665"
          },
          {
            "value": 7,
            "suit": "\u2666"
          },
          {
            "value": 8,
            "suit": "\u2666"
          },
          {
            "value": 10,
            "suit": "\u2666"
          },
          {
            "value": 2,
            "suit": "\u2665"
          },
          {
            "value": 11,
            "suit": "\u2663"
          },
          {
            "value": 3,
            "suit": "\u2660"
          },
          {
            "value": 5,
            "suit": "\u2666"
          },
          {
            "value": 12,
            "suit": "\u2663"
          },
          {
            "value": 4,
            "suit": "\u2666"
          }
        ],
        "room": [
          {
            "value": 5,
            "suit": "\u2665"
          },
          {
            "value": 4,
            "suit": "\u2665"
          },
          {
            "value": 13,
            "suit": "\u2663"
          }
        ],
        "discard": [
          {
            "value": 12,
            "suit": "\u2660"
          }
        ],
        "equipped_weapon": null,
        "weapon_monsters": [],
        "used_potion": false,
        "health": 8,
        "number_avoided": 0,
        "last_room_avoided": false,
        "exit": false,
        "score": -188,
        "can_avoid": false,
        "can_use_potion": true,
        "game_over": false
      },
      "mcts_stats": [
        {
          "action": 0,
          "visits": 83079,
          "avg_value": 0.17374647607984953,
          "total_value": 14434.683486237818,
          "ucb1": 0.1903919676740035
        },
        {
          "action": 1,
          "visits": 11613,
          "avg_value": 0.02769357655964504,
          "total_value": 321.60550458715784,
          "ucb1": 0.07221510269878358
        },
        {
          "action": 2,
          "visits": 5308,
          "avg_value": 0.0,
          "total_value": 0.0,
          "ucb1": 0.06585318717644639
        }
      ],
      "selected_action": 0
    },
    {
      "turn": 2,
      "game_state": {
        "dungeon": [
          {
            "value": 6,
            "suit": "\u2660"
          },
          {
            "value": 11,
            "suit": "\u2660"
          },
          {
            "value": 10,
            "suit": "\u2663"
          },
          {
            "value": 14,
            "suit": "\u2660"
          },
          {
            "value": 9,
            "suit": "\u2660"
          },
          {
            "value": 10,
            "suit": "\u2660"
          },
          {
            "value": 9,
            "suit": "\u2666"
          },
          {
            "value": 5,
            "suit": "\u2660"
          },
          {
            "value": 13,
            "suit": "\u2660"
          },
          {
            "value": 3,
            "suit": "\u2666"
          },
          {
            "value": 2,
            "suit": "\u2663"
          },
          {
            "value": 8,
            "suit": "\u2660"
          },
          {
            "value": 7,
            "suit": "\u2665"
          },
          {
            "value": 8,
            "suit": "\u2665"
          },
          {
            "value": 5,
            "suit": "\u2663"
          },
          {
            "value": 6,
            "suit": "\u2663"
          },
          {
            "value": 14,
            "suit": "\u2663"
          },
          {
            "value": 7,
            "suit": "\u2663"
          },
          {
            "value": 4,
            "suit": "\u2663"
          },
          {
            "value": 3,
            "suit": "\u2663"
          },
          {
            "value": 6,
            "suit": "\u2666"
          },
          {
            "value": 6,
            "suit": "\u2665"
          },
          {
            "value": 2,
            "suit": "\u2660"
          },
          {
            "value": 9,
            "suit": "\u2665"
          },
          {
            "value": 9,
            "suit": "\u2663"
          },
          {
            "value": 7,
            "suit": "\u2660"
          },
          {
            "value": 10,
            "suit": "\u2665"
          },
          {
            "value": 2,
            "suit": "\u2666"
          },
          {
            "value": 4,
            "suit": "\u2660"
          },
          {
            "value": 8,
            "suit": "\u2663"
          },
          {
            "value": 3,
            "suit": "\u2665"
          },
          {
            "value": 7,
            "suit": "\u2666"
          },
          {
            "value": 8,
            "suit": "\u2666"
          },
          {
            "value": 10,
            "suit": "\u2666"
          },
          {
            "value": 2,
            "suit": "\u2665"
          },
          {
            "value": 11,
            "suit": "\u2663"
          },
          {
            "value": 3,
            "suit": "\u2660"
          },
          {
            "value": 5,
            "suit": "\u2666"
          },
          {
            "value": 12,
            "suit": "\u2663"
          },
          {
            "value": 4,
            "suit": "\u2666"
          }
        ],
        "room": [
          {
            "value": 4,
            "suit": "\u2665"
          },
          {
            "value": 13,
            "suit": "\u2663"
          }
        ],
        "discard": [
          {
            "value": 12,
            "suit": "\u2660"
          },
          {
            "value": 5,
            "suit": "\u2665"
          }
        ],
        "equipped_weapon": null,
        "weapon_monsters": [],
        "used_potion": true,
        "health": 13,
        "number_avoided": 0,
        "last_room_avoided": false,
        "exit": false,
        "score": -183,
        "can_avoid": false,
        "can_use_potion": false,
        "game_over": false
      },
      "mcts_stats": [
        {
          "action": 0,
          "visits": 94154,
          "avg_value": 0.19750938000655918,
          "total_value": 18596.298165137574,
          "ucb1": 0.21314527943734404
        },
        {
          "action": 1,
          "visits": 5846,
          "avg_value": 0.022935779816513627,
          "total_value": 134.08256880733867,
          "ucb1": 0.08568565271338345
        }
      ],
      "selected_action": 0
    },
    {
      "turn": 3,
      "game_state": {
        "dungeon": [
          {
            "value": 14,
            "suit": "\u2660"
          },
          {
            "value": 9,
            "suit": "\u2660"
          },
          {
            "value": 10,
            "suit": "\u2660"
          },
          {
            "value": 9,
            "suit": "\u2666"
          },
          {
            "value": 5,
            "suit": "\u2660"
          },
          {
            "value": 13,
            "suit": "\u2660"
          },
          {
            "value": 3,
            "suit": "\u2666"
          },
          {
            "value": 2,
            "suit": "\u2663"
          },
          {
            "value": 8,
            "suit": "\u2660"
          },
          {
            "value": 7,
            "suit": "\u2665"
          },
          {
            "value": 8,
            "suit": "\u2665"
          },
          {
            "value": 5,
            "suit": "\u2663"
          },
          {
            "value": 6,
            "suit": "\u2663"
          },
          {
            "value": 14,
            "suit": "\u2663"
          },
          {
            "value": 7,
            "suit": "\u2663"
          },
          {
            "value": 4,
            "suit": "\u2663"
          },
          {
            "value": 3,
            "suit": "\u2663"
          },
          {
            "value": 6,
            "suit": "\u2666"
          },
          {
            "value": 6,
            "suit": "\u2665"
          },
          {
            "value": 2,
            "suit": "\u2660"
          },
          {
            "value": 9,
            "suit": "\u2665"
          },
          {
            "value": 9,
            "suit": "\u2663"
          },
          {
            "value": 7,
            "suit": "\u2660"
          },
          {
            "value": 10,
            "suit": "\u2665"
          },
          {
            "value": 2,
            "suit": "\u2666"
          },
          {
            "value": 4,
            "suit": "\u2660"
          },
          {
            "value": 8,
            "suit": "\u2663"
          },
          {
            "value": 3,
            "suit": "\u2665"
          },
          {
            "value": 7,
            "suit": "\u2666"
          },
          {
            "value": 8,
            "suit": "\u2666"
          },
          {
            "value": 10,
            "suit": "\u2666"
          },
          {
            "value": 2,
            "suit": "\u2665"
          },
          {
            "value": 11,
            "suit": "\u2663"
          },
          {
            "value": 3,
            "suit": "\u2660"
          },
          {
            "value": 5,
            "suit": "\u2666"
          },
          {
            "value": 12,
            "suit": "\u2663"
          },
          {
            "value": 4,
            "suit": "\u2666"
          }
        ],
        "room": [
          {
            "value": 13,
            "suit": "\u2663"
          },
          {
            "value": 6,
            "suit": "\u2660"
          },
          {
            "value": 11,
            "suit": "\u2660"
          },
          {
            "value": 10,
            "suit": "\u2663"
          }
        ],
        "discard": [
          {
            "value": 12,
            "suit": "\u2660"
          },
          {
            "value": 5,
            "suit": "\u2665"
          },
          {
            "value": 4,
            "suit": "\u2665"
          }
        ],
        "equipped_weapon": null,
        "weapon_monsters": [],
        "used_potion": false,
        "health": 13,
        "number_avoided": 0,
        "last_room_avoided": false,
        "exit": false,
        "score": -183,
        "can_avoid": true,
        "can_use_potion": true,
        "game_over": false
      },
      "mcts_stats": [
        {
          "action": 0,
          "visits": 2027,
          "avg_value": 0.022935779816513936,
          "total_value": 46.49082568807375,
          "ucb1": 0.12950097424009474
        },
        {
          "action": 1,
          "visits": 2027,
          "avg_value": 0.022935779816513936,
          "total_value": 46.49082568807375,
          "ucb1": 0.12950097424009474
        },
        {
          "action": 2,
          "visits": 2027,
          "avg_value": 0.022935779816513936,
          "total_value": 46.49082568807375,
          "ucb1": 0.12950097424009474
        },
        {
          "action": 3,
          "visits": 2027,
          "avg_value": 0.022935779816513936,
          "total_value": 46.49082568807375,
          "ucb1": 0.12950097424009474
        },
        {
          "action": 4,
          "visits": 91892,
          "avg_value": 0.22163872467760012,
          "total_value": 20366.82568807403,
          "ucb1": 0.2374658996656838
        }
      ],
      "selected_action": 4
    },
    {
      "turn": 4,
      "game_state": {
        "dungeon": [
          {
            "value": 5,
            "suit": "\u2660"
          },
          {
            "value": 13,
            "suit": "\u2660"
          },
          {
            "value": 3,
            "suit": "\u2666"
          },
          {
            "value": 2,
            "suit": "\u2663"
          },
          {
            "value": 8,
            "suit": "\u2660"
          },
          {
            "value": 7,
            "suit": "\u2665"
          },
          {
            "value": 8,
            "suit": "\u2665"
          },
          {
            "value": 5,
            "suit": "\u2663"
          },
          {
            "value": 6,
            "suit": "\u2663"
          },
          {
            "value": 14,
            "suit": "\u2663"
          },
          {
            "value": 7,
            "suit": "\u2663"
          },
          {
            "value": 4,
            "suit": "\u2663"
          },
          {
            "value": 3,
            "suit": "\u2663"
          },
          {
            "value": 6,
            "suit": "\u2666"
          },
          {
            "value": 6,
            "suit": "\u2665"
          },
          {
            "value": 2,
            "suit": "\u2660"
          },
          {
            "value": 9,
            "suit": "\u2665"
          },
          {
            "value": 9,
            "suit": "\u2663"
          },
          {
            "value": 7,
            "suit": "\u2660"
          },
          {
            "value": 10,
            "suit": "\u2665"
          },
          {
            "value": 2,
            "suit": "\u2666"
          },
          {
            "value": 4,
            "suit": "\u2660"
          },
          {
            "value": 8,
            "suit": "\u2663"
          },
          {
            "value": 3,
            "suit": "\u2665"
          },
          {
            "value": 7,
            "suit": "\u2666"
          },
          {
            "value": 8,
            "suit": "\u2666"
          },
          {
            "value": 10,
            "suit": "\u2666"
          },
          {
            "value": 2,
            "suit": "\u2665"
          },
          {
            "value": 11,
            "suit": "\u2663"
          },
          {
            "value": 3,
            "suit": "\u2660"
          },
          {
            "value": 5,
            "suit": "\u2666"
          },
          {
            "value": 12,
            "suit": "\u2663"
          },
          {
            "value": 4,
            "suit": "\u2666"
          },
          {
            "value": 13,
            "suit": "\u2663"
          },
          {
            "value": 6,
            "suit": "\u2660"
          },
          {
            "value": 11,
            "suit": "\u2660"
          },
          {
            "value": 10,
            "suit": "\u2663"
          }
        ],
        "room": [
          {
            "value": 14,
            "suit": "\u2660"
          },
          {
            "value": 9,
            "suit": "\u2660"
          },
          {
            "value": 10,
            "suit": "\u2660"
          },
          {
            "value": 9,
            "suit": "\u2666"
          }
        ],
        "discard": [
          {
            "value": 12,
            "suit": "\u2660"
          },
          {
            "value": 5,
            "suit": "\u2665"
          },
          {
            "value": 4,
            "suit": "\u2665"
          }
        ],
        "equipped_weapon": null,
        "weapon_monsters": [],
        "used_potion": false,
        "health": 13,
        "number_avoided": 1,
        "last_room_avoided": true,
        "exit": false,
        "score": -183,
        "can_avoid": false,
        "can_use_potion": true,
        "game_over": false
      },
      "mcts_stats": [
        {
          "action": 0,
          "visits": 1098,
          "avg_value": 0.022935779816513922,
          "total_value": 25.183486238532286,
          "ucb1": 0.16772661923455287
        },
        {
          "action": 1,
          "visits": 1524,
          "avg_value": 0.05208709576440584,
          "total_value": 79.3807339449545,
          "ucb1": 0.1749864985458748
        },
        {
          "action": 2,
          "visits": 1539,
          "avg_value": 0.05291771733104446,
          "total_value": 81.44036697247742,
          "ucb1": 0.175216728623314
        },
        {
          "action": 3,
          "visits": 95839,
          "avg_value": 0.2012690721470719,
          "total_value": 19289.426605503224,
          "ucb1": 0.21676691023003264
        }
      ],
      "selected_action": 3
    },
    {
      "turn": 5,
      "game_state": {
        "dungeon": [
          {
            "value": 5,
            "suit": "\u2660"
          },
          {
            "value": 13,
            "suit": "\u2660"
          },
          {
            "value": 3,
            "suit": "\u2666"
          },
          {
            "value": 2,
            "suit": "\u2663"
          },
          {
            "value": 8,
            "suit": "\u2660"
          },
          {
            "value": 7,
            "suit": "\u2665"
          },
          {
            "value": 8,
            "suit": "\u2665"
          },
          {
            "value": 5,
            "suit": "\u2663"
          },
          {
            "value": 6,
            "suit": "\u2663"
          },
          {
            "value": 14,
            "suit": "\u2663"
          },
          {
            "value": 7,
            "suit": "\u2663"
          },
          {
            "value": 4,
            "suit": "\u2663"
          },
          {
            "value": 3,
            "suit": "\u2663"
          },
          {
            "value": 6,
            "suit": "\u2666"
          },
          {
            "value": 6,
            "suit": "\u2665"
          },
          {
            "value": 2,
            "suit": "\u2660"
          },
          {
            "value": 9,
            "suit": "\u2665"
          },
          {
            "value": 9,
            "suit": "\u2663"
          },
          {
            "value": 7,
            "suit": "\u2660"
          },
          {
            "value": 10,
            "suit": "\u2665"
          },
          {
            "value": 2,
            "suit": "\u2666"
          },
          {
            "value": 4,
            "suit": "\u2660"
          },
          {
            "value": 8,
            "suit": "\u2663"
          },
          {
            "value": 3,
            "suit": "\u2665"
          },
          {
            "value": 7,
            "suit": "\u2666"
          },
          {
            "value": 8,
            "suit": "\u2666"
          },
          {
            "value": 10,
            "suit": "\u2666"
          },
          {
            "value": 2,
            "suit": "\u2665"
          },
          {
            "value": 11,
            "suit": "\u2663"
          },
          {
            "value": 3,
            "suit": "\u2660"
          },
          {
            "value": 5,
            "suit": "\u2666"
          },
          {
            "value": 12,
            "suit": "\u2663"
          },
          {
            "value": 4,
            "suit": "\u2666"
          },
          {
            "value": 13,
            "suit": "\u2663"
          },
          {
            "value": 6,
            "suit": "\u2660"
          },
          {
            "value": 11,
            "suit": "\u2660"
          },
          {
            "value": 10,
            "suit": "\u2663"
          }
        ],
        "room": [
          {
            "value": 14,
            "suit": "\u2660"
          },
          {
            "value": 9,
            "suit": "\u2660"
          },
          {
            "value": 10,
            "suit": "\u2660"
          }
        ],
        "discard": [
          {
            "value": 12,
            "suit": "\u2660"
          },
          {
            "value": 5,
            "suit": "\u2665"
          },
          {
            "value": 4,
            "suit": "\u2665"
          }
        ],
        "equipped_weapon": {
          "value": 9,
          "suit": "\u2666"
        },
        "weapon_monsters": [],
        "used_potion": false,
        "health": 13,
        "number_avoided": 1,
        "last_room_avoided": true,
        "exit": false,
        "score": -183,
        "can_avoid": false,
        "can_use_potion": true,
        "game_over": false
      },
      "mcts_stats": [
        {
          "action": 0,
          "visits": 87698,
          "avg_value": 0.20843241014146666,
          "total_value": 18279.105504586343,
          "ucb1": 0.22463361865012715
        },
        {
          "action": 1,
          "visits": 2134,
          "avg_value": 0.0881791527303692,
          "total_value": 188.17431192660788,
          "ucb1": 0.19203837076623434
        },
        {
          "action": 2,
          "visits": 10168,
          "avg_value": 0.1653284454197035,
          "total_value": 1681.0596330275453,
          "ucb1": 0.2129084508432571
        }
      ],
      "selected_action": 0
    },
    {
      "turn": 6,
      "game_state": {
        "dungeon": [
          {
            "value": 5,
            "suit": "\u2660"
          },
          {
            "value": 13,
            "suit": "\u2660"
          },
          {
            "value": 3,
            "suit": "\u2666"
          },
          {
            "value": 2,
            "suit": "\u2663"
          },
          {
            "value": 8,
            "suit": "\u2660"
          },
          {
            "value": 7,
            "suit": "\u2665"
          },
          {
            "value": 8,
            "suit": "\u2665"
          },
          {
            "value": 5,
            "suit": "\u2663"
          },
          {
            "value": 6,
            "suit": "\u2663"
          },
          {
            "value": 14,
            "suit": "\u2663"
          },
          {
            "value": 7,
            "suit": "\u2663"
          },
          {
            "value": 4,
            "suit": "\u2663"
          },
          {
            "value": 3,
            "suit": "\u2663"
          },
          {
            "value": 6,
            "suit": "\u2666"
          },
          {
            "value": 6,
            "suit": "\u2665"
          },
          {
            "value": 2,
            "suit": "\u2660"
          },
          {
            "value": 9,
            "suit": "\u2665"
          },
          {
            "value": 9,
            "suit": "\u2663"
          },
          {
            "value": 7,
            "suit": "\u2660"
          },
          {
            "value": 10,
            "suit": "\u2665"
          },
          {
            "value": 2,
            "suit": "\u2666"
          },
          {
            "value": 4,
            "suit": "\u2660"
          },
          {
            "value": 8,
            "suit": "\u2663"
          },
          {
            "value": 3,
            "suit": "\u2665"
          },
          {
            "value": 7,
            "suit": "\u2666"
          },
          {
            "value": 8,
            "suit": "\u2666"
          },
          {
            "value": 10,
            "suit": "\u2666"
          },
          {
            "value": 2,
            "suit": "\u2665"
          },
          {
            "value": 11,
            "suit": "\u2663"
          },
          {
            "value": 3,
            "suit": "\u2660"
          },
          {
            "value": 5,
            "suit": "\u2666"
          },
          {
            "value": 12,
            "suit": "\u2663"
          },
          {
            "value": 4,
            "suit": "\u2666"
          },
          {
            "value": 13,
            "suit": "\u2663"
          },
          {
            "value": 6,
            "suit": "\u2660"
          },
          {
            "value": 11,
            "suit": "\u2660"
          },
          {
            "value": 10,
            "suit": "\u2663"
          }
        ],
        "room": [
          {
            "value": 9,
            "suit": "\u2660"
          },
          {
            "value": 10,
            "suit": "\u2660"
          }
        ],
        "discard": [
          {
            "value": 12,
            "suit": "\u2660"
          },
          {
            "value": 5,
            "suit": "\u2665"
          },
          {
            "value": 4,
            "suit": "\u2665"
          }
        ],
        "equipped_weapon": {
          "value": 9,
          "suit": "\u2666"
        },
        "weapon_monsters": [
          {
            "value": 14,
            "suit": "\u2660"
          }
        ],
        "used_potion": false,
        "health": 8,
        "number_avoided": 1,
        "last_room_avoided": true,
        "exit": false,
        "score": -174,
        "can_avoid": false,
        "can_use_potion": true,
        "game_over": false
      },
      "mcts_stats": [
        {
          "action": 0,
          "visits": 9480,
          "avg_value": 0.1690739557929817,
          "total_value": 1602.8211009174665,
          "ucb1": 0.21835025542022182
        },
        {
          "action": 1,
          "visits": 90520,
          "avg_value": 0.21479879756917766,
          "total_value": 19443.587155961963,
          "ucb1": 0.2307454666987999
        }
      ],
      "selected_action": 1
    },
    {
      "turn": 7,
      "game_state": {
        "dungeon": [
          {
            "value": 2,
            "suit": "\u2663"
          },
          {
            "value": 8,
            "suit": "\u2660"
          },
          {
            "value": 7,
            "suit": "\u2665"
          },
          {
            "value": 8,
            "suit": "\u2665"
          },
          {
            "value": 5,
            "suit": "\u2663"
          },
          {
            "value": 6,
            "suit": "\u2663"
          },
          {
            "value": 14,
            "suit": "\u2663"
          },
          {
            "value": 7,
            "suit": "\u2663"
          },
          {
            "value": 4,
            "suit": "\u2663"
          },
          {
            "value": 3,
            "suit": "\u2663"
          },
          {
            "value": 6,
            "suit": "\u2666"
          },
          {
            "value": 6,
            "suit": "\u2665"
          },
          {
            "value": 2,
            "suit": "\u2660"
          },
          {
            "value": 9,
            "suit": "\u2665"
          },
          {
            "value": 9,
            "suit": "\u2663"
          },
          {
            "value": 7,
            "suit": "\u2660"
          },
          {
            "value": 10,
            "suit": "\u2665"
          },
          {
            "value": 2,
            "suit": "\u2666"
          },
          {
            "value": 4,
            "suit": "\u2660"
          },
          {
            "value": 8,
            "suit": "\u2663"
          },
          {
            "value": 3,
            "suit": "\u2665"
          },
          {
            "value": 7,
            "suit": "\u2666"
          },
          {
            "value": 8,
            "suit": "\u2666"
          },
          {
            "value": 10,
            "suit": "\u2666"
          },
          {
            "value": 2,
            "suit": "\u2665"
          },
          {
            "value": 11,
            "suit": "\u2663"
          },
          {
            "value": 3,
            "suit": "\u2660"
          },
          {
            "value": 5,
            "suit": "\u2666"
          },
          {
            "value": 12,
            "suit": "\u2663"
          },
          {
            "value": 4,
            "suit": "\u2666"
          },
          {
            "value": 13,
            "suit": "\u2663"
          },
          {
            "value": 6,
            "suit": "\u2660"
          },
          {
            "value": 11,
            "suit": "\u2660"
          },
          {
            "value": 10,
            "suit": "\u2663"
          }
        ],
        "room": [
          {
            "value": 9,
            "suit": "\u2660"
          },
          {
            "value": 5,
            "suit": "\u2660"
          },
          {
            "value": 13,
            "suit": "\u2660"
          },
          {
            "value": 3,
            "suit": "\u2666"
          }
        ],
        "discard": [
          {
            "value": 12,
            "suit": "\u2660"
          },
          {
            "value": 5,
            "suit": "\u2665"
          },
          {
            "value": 4,
            "suit": "\u2665"
          }
        ],
        "equipped_weapon": {
          "value": 9,
          "suit": "\u2666"
        },
        "weapon_monsters": [
          {
            "value": 14,
            "suit": "\u2660"
          },
          {
            "value": 10,
            "suit": "\u2660"
          }
        ],
        "used_potion": false,
        "health": 7,
        "number_avoided": 1,
        "last_room_avoided": false,
        "exit": false,
        "score": -165,
        "can_avoid": true,
        "can_use_potion": true,
        "game_over": false
      },
      "mcts_stats": [
        {
          "action": 0,
          "visits": 67062,
          "avg_value": 0.21819710036913198,
          "total_value": 14632.733944954729,
          "ucb1": 0.2367240536056134
        },
        {
          "action": 1,
          "visits": 4136,
          "avg_value": 0.14100624634003847,
          "total_value": 583.2018348623991,
          "ucb1": 0.21560850749983607
        },
        {
          "action": 2,
          "visits": 2274,
          "avg_value": 0.10550458715596284,
          "total_value": 239.91743119265948,
          "ucb1": 0.20611594860343024
        },
        {
          "action": 3,
          "visits": 2929,
          "avg_value": 0.12185014768480805,
          "total_value": 356.8990825688028,
          "ucb1": 0.21050092952482666
        },
        {
          "action": 4,
          "visits": 23599,
          "avg_value": 0.1999521049523594,
          "total_value": 4718.66972477073,
          "ucb1": 0.23118379283535193
        }
      ],
      "selected_action": 0
    },
    {
      "turn": 8,
      "game_state": {
        "dungeon": [
          {
            "value": 2,
            "suit": "\u2663"
          },
          {
            "value": 8,
            "suit": "\u2660"
          },
          {
            "value": 7,
            "suit": "\u2665"
          },
          {
            "value": 8,
            "suit": "\u2665"
          },
          {
            "value": 5,
            "suit": "\u2663"
          },
          {
            "value": 6,
            "suit": "\u2663"
          },
          {
            "value": 14,
            "suit": "\u2663"
          },
          {
            "value": 7,
            "suit": "\u2663"
          },
          {
            "value": 4,
            "suit": "\u2663"
          },
          {
            "value": 3,
            "suit": "\u2663"
          },
          {
            "value": 6,
            "suit": "\u2666"
          },
          {
            "value": 6,
            "suit": "\u2665"
          },
          {
            "value": 2,
            "suit": "\u2660"
          },
          {
            "value": 9,
            "suit": "\u2665"
          },
          {
            "value": 9,
            "suit": "\u2663"
          },
          {
            "value": 7,
            "suit": "\u2660"
          },
          {
            "value": 10,
            "suit": "\u2665"
          },
          {
            "value": 2,
            "suit": "\u2666"
          },
          {
            "value": 4,
            "suit": "\u2660"
          },
          {
            "value": 8,
            "suit": "\u2663"
          },
          {
            "value": 3,
            "suit": "\u2665"
          },
          {
            "value": 7,
            "suit": "\u2666"
          },
          {
            "value": 8,
            "suit": "\u2666"
          },
          {
            "value": 10,
            "suit": "\u2666"
          },
          {
            "value": 2,
            "suit": "\u2665"
          },
          {
            "value": 11,
            "suit": "\u2663"
          },
          {
            "value": 3,
            "suit": "\u2660"
          },
          {
            "value": 5,
            "suit": "\u2666"
          },
          {
            "value": 12,
            "suit": "\u2663"
          },
          {
            "value": 4,
            "suit": "\u2666"
          },
          {
            "value": 13,
            "suit": "\u2663"
          },
          {
            "value": 6,
            "suit": "\u2660"
          },
          {
            "value": 11,
            "suit": "\u2660"
          },
          {
            "value": 10,
            "suit": "\u2663"
          }
        ],
        "room": [
          {
            "value": 5,
            "suit": "\u2660"
          },
          {
            "value": 13,
            "suit": "\u2660"
          },
          {
            "value": 3,
            "suit": "\u2666"
          }
        ],
        "discard": [
          {
            "value": 12,
            "suit": "\u2660"
          },
          {
            "value": 5,
            "suit": "\u2665"
          },
          {
            "value": 4,
            "suit": "\u2665"
          }
        ],
        "equipped_weapon": {
          "value": 9,
          "suit": "\u2666"
        },
        "weapon_monsters": [
          {
            "value": 14,
            "suit": "\u2660"
          },
          {
            "value": 10,
            "suit": "\u2660"
          },
          {
            "value": 9,
            "suit": "\u2660"
          }
        ],
        "used_potion": false,
        "health": 7,
        "number_avoided": 1,
        "last_room_avoided": false,
        "exit": false,
        "score": -156,
        "can_avoid": false,
        "can_use_potion": true,
        "game_over": false
      },
      "mcts_stats": [
        {
          "action": 0,
          "visits": 86802,
          "avg_value": 0.2316777992474211,
          "total_value": 20110.096330274646,
          "ucb1": 0.24796241029527202
        },
        {
          "action": 1,
          "visits": 3766,
          "avg_value": 0.146788990825687,
          "total_value": 552.8073394495373,
          "ucb1": 0.22497014870540633
        },
        {
          "action": 2,
          "visits": 9432,
          "avg_value": 0.18623940752154378,
          "total_value": 1756.6100917432009,
          "ucb1": 0.23564093301685354
        }
      ],
      "selected_action": 0
    },
    {
      "turn": 9,
      "game_state": {
        "dungeon": [
          {
            "value": 2,
            "suit": "\u2663"
          },
          {
            "value": 8,
            "suit": "\u2660"
          },
          {
            "value": 7,
            "suit": "\u2665"
          },
          {
            "value": 8,
            "suit": "\u2665"
          },
          {
            "value": 5,
            "suit": "\u2663"
          },
          {
            "value": 6,
            "suit": "\u2663"
          },
          {
            "value": 14,
            "suit": "\u2663"
          },
          {
            "value": 7,
            "suit": "\u2663"
          },
          {
            "value": 4,
            "suit": "\u2663"
          },
          {
            "value": 3,
            "suit": "\u2663"
          },
          {
            "value": 6,
            "suit": "\u2666"
          },
          {
            "value": 6,
            "suit": "\u2665"
          },
          {
            "value": 2,
            "suit": "\u2660"
          },
          {
            "value": 9,
            "suit": "\u2665"
          },
          {
            "value": 9,
            "suit": "\u2663"
          },
          {
            "value": 7,
            "suit": "\u2660"
          },
          {
            "value": 10,
            "suit": "\u2665"
          },
          {
            "value": 2,
            "suit": "\u2666"
          },
          {
            "value": 4,
            "suit": "\u2660"
          },
          {
            "value": 8,
            "suit": "\u2663"
          },
          {
            "value": 3,
            "suit": "\u2665"
          },
          {
            "value": 7,
            "suit": "\u2666"
          },
          {
            "value": 8,
            "suit": "\u2666"
          },
          {
            "value": 10,
            "suit": "\u2666"
          },
          {
            "value": 2,
            "suit": "\u2665"
          },
          {
            "value": 11,
            "suit": "\u2663"
          },
          {
            "value": 3,
            "suit": "\u2660"
          },
          {
            "value": 5,
            "suit": "\u2666"
          },
          {
            "value": 12,
            "suit": "\u2663"
          },
          {
            "value": 4,
            "suit": "\u2666"
          },
          {
            "value": 13,
            "suit": "\u2663"
          },
          {
            "value": 6,
            "suit": "\u2660"
          },
          {
            "value": 11,
            "suit": "\u2660"
          },
          {
            "value": 10,
            "suit": "\u2663"
          }
        ],
        "room": [
          {
            "value": 13,
            "suit": "\u2660"
          },
          {
            "value": 3,
            "suit": "\u2666"
          }
        ],
        "discard": [
          {
            "value": 12,
            "suit": "\u2660"
          },
          {
            "value": 5,
            "suit": "\u2665"
          },
          {
            "value": 4,
            "suit": "\u2665"
          }
        ],
        "equipped_weapon": {
          "value": 9,
          "suit": "\u2666"
        },
        "weapon_monsters": [
          {
            "value": 14,
            "suit": "\u2660"
          },
          {
            "value": 10,
            "suit": "\u2660"
          },
          {
            "value": 9,
            "suit": "\u2660"
          },
          {
            "value": 5,
            "suit": "\u2660"
          }
        ],
        "used_potion": false,
        "health": 7,
        "number_avoided": 1,
        "last_room_avoided": false,
        "exit": false,
        "score": -151,
        "can_avoid": false,
        "can_use_potion": true,
        "game_over": false
      },
      "mcts_stats": [
        {
          "action": 0,
          "visits": 5583,
          "avg_value": 0.1697247706421914,
          "total_value": 947.5733944953547,
          "ucb1": 0.23393562405246848
        },
        {
          "action": 1,
          "visits": 94417,
          "avg_value": 0.23636249419784644,
          "total_value": 22316.637614678068,
          "ucb1": 0.2519766014237126
        }
      ],
      "selected_action": 1
    },
    {
      "turn": 10,
      "game_state": {
        "dungeon": [
          {
            "value": 8,
            "suit": "\u2665"
          },
          {
            "value": 5,
            "suit": "\u2663"
          },
          {
            "value": 6,
            "suit": "\u2663"
          },
          {
            "value": 14,
            "suit": "\u2663"
          },
          {
            "value": 7,
            "suit": "\u2663"
          },
          {
            "value": 4,
            "suit": "\u2663"
          },
          {
            "value": 3,
            "suit": "\u2663"
          },
          {
            "value": 6,
            "suit": "\u2666"
          },
          {
            "value": 6,
            "suit": "\u2665"
          },
          {
            "value": 2,
            "suit": "\u2660"
          },
          {
            "value": 9,
            "suit": "\u2665"
          },
          {
            "value": 9,
            "suit": "\u2663"
          },
          {
            "value": 7,
            "suit": "\u2660"
          },
          {
            "value": 10,
            "suit": "\u2665"
          },
          {
            "value": 2,
            "suit": "\u2666"
          },
          {
            "value": 4,
            "suit": "\u2660"
          },
          {
            "value": 8,
            "suit": "\u2663"
          },
          {
            "value": 3,
            "suit": "\u2665"
          },
          {
            "value": 7,
            "suit": "\u2666"
          },
          {
            "value": 8,
            "suit": "\u2666"
          },
          {
            "value": 10,
            "suit": "\u2666"
          },
          {
            "value": 2,
            "suit": "\u2665"
          },
          {
            "value": 11,
            "suit": "\u2663"
          },
          {
            "value": 3,
            "suit": "\u2660"
          },
          {
            "value": 5,
            "suit": "\u2666"
          },
          {
            "value": 12,
            "suit": "\u2663"
          },
          {
            "value": 4,
            "suit": "\u2666"
          },
          {
            "value": 13,
            "suit": "\u2663"
          },
          {
            "value": 6,
            "suit": "\u2660"
          },
          {
            "value": 11,
            "suit": "\u2660"
          },
          {
            "value": 10,
            "suit": "\u2663"
          }
        ],
        "room": [
          {
            "value": 13,
            "suit": "\u2660"
          },
          {
            "value": 2,
            "suit": "\u2663"
          },
          {
            "value": 8,
            "suit": "\u2660"
          },
          {
            "value": 7,
            "suit": "\u2665"
          }
        ],
        "discard": [
          {
            "value": 12,
            "suit": "\u2660"
          },
          {
            "value": 5,
            "suit": "\u2665"
          },
          {
            "value": 4,
            "suit": "\u2665"
          },
          {
            "value": 9,
            "suit": "\u2666"
          },
          {
            "value": 14,
            "suit": "\u2660"
          },
          {
            "value": 10,
            "suit": "\u2660"
          },
          {
            "value": 9,
            "suit": "\u2660"
          },
          {
            "value": 5,
            "suit": "\u2660"
          }
        ],
        "equipped_weapon": {
          "value": 3,
          "suit": "\u2666"
        },
        "weapon_monsters": [],
        "used_potion": false,
        "health": 7,
        "number_avoided": 1,
        "last_room_avoided": false,
        "exit": false,
        "score": -151,
        "can_avoid": true,
        "can_use_potion": true,
        "game_over": false
      },
      "mcts_stats": [
        {
          "action": 0,
          "visits": 3791,
          "avg_value": 0.18348623853211157,
          "total_value": 695.596330275235,
          "ucb1": 0.2614091846031454
        },
        {
          "action": 1,
          "visits": 7124,
          "avg_value": 0.2123935630431345,
          "total_value": 1513.0917431192902,
          "ucb1": 0.2692369962750792
        },
        {
          "action": 2,
          "visits": 36308,
          "avg_value": 0.25585080953675177,
          "total_value": 9289.431192660384,
          "ucb1": 0.2810299611325516
        },
        {
          "action": 3,
          "visits": 26569,
          "avg_value": 0.24997280751761744,
          "total_value": 6641.5275229355775,
          "ucb1": 0.27940717119897623
        },
        {
          "action": 4,
          "visits": 26208,
          "avg_value": 0.24969422460821883,
          "total_value": 6543.986238532199,
          "ucb1": 0.2793306156108966
        }
      ],
      "selected_action": 2
    },
    {
      "turn": 11,
      "game_state": {
        "dungeon": [
          {
            "value": 8,
            "suit": "\u2665"
          },
          {
            "value": 5,
            "suit": "\u2663"
          },
          {
            "value": 6,
            "suit": "\u2663"
          },
          {
            "value": 14,
            "suit": "\u2663"
          },
          {
            "value": 7,
            "suit": "\u2663"
          },
          {
            "value": 4,
            "suit": "\u2663"
          },
          {
            "value": 3,
            "suit": "\u2663"
          },
          {
            "value": 6,
            "suit": "\u2666"
          },
          {
            "value": 6,
            "suit": "\u2665"
          },
          {
            "value": 2,
            "suit": "\u2660"
          },
          {
            "value": 9,
            "suit": "\u2665"
          },
          {
            "value": 9,
            "suit": "\u2663"
          },
          {
            "value": 7,
            "suit": "\u2660"
          },
          {
            "value": 10,
            "suit": "\u2665"
          },
          {
            "value": 2,
            "suit": "\u2666"
          },
          {
            "value": 4,
            "suit": "\u2660"
          },
          {
            "value": 8,
            "suit": "\u2663"
          },
          {
            "value": 3,
            "suit": "\u2665"
          },
          {
            "value": 7,
            "suit": "\u2666"
          },
          {
            "value": 8,
            "suit": "\u2666"
          },
          {
            "value": 10,
            "suit": "\u2666"
          },
          {
            "value": 2,
            "suit": "\u2665"
          },
          {
            "value": 11,
            "suit": "\u2663"
          },
          {
            "value": 3,
            "suit": "\u2660"
          },
          {
            "value": 5,
            "suit": "\u2666"
          },
          {
            "value": 12,
            "suit": "\u2663"
          },
          {
            "value": 4,
            "suit": "\u2666"
          },
          {
            "value": 13,
            "suit": "\u2663"
          },
          {
            "value": 6,
            "suit": "\u2660"
          },
          {
            "value": 11,
            "suit": "\u2660"
          },
          {
            "value": 10,
            "suit": "\u2663"
          }
        ],
        "room": [
          {
            "value": 13,
            "suit": "\u2660"
          },
          {
            "value": 2,
            "suit": "\u2663"
          },
          {
            "value": 7,
            "suit": "\u2665"
          }
        ],
        "discard": [
          {
            "value": 12,
            "suit": "\u2660"
          },
          {
            "value": 5,
            "suit": "\u2665"
          },
          {
            "value": 4,
            "suit": "\u2665"
          },
          {
            "value": 9,
            "suit": "\u2666"
          },
          {
            "value": 14,
            "suit": "\u2660"
          },
          {
            "value": 10,
            "suit": "\u2660"
          },
          {
            "value": 9,
            "suit": "\u2660"
          },
          {
            "value": 5,
            "suit": "\u2660"
          }
        ],
        "equipped_weapon": {
          "value": 3,
          "suit": "\u2666"
        },
        "weapon_monsters": [
          {
            "value": 8,
            "suit": "\u2660"
          }
        ],
        "used_potion": false,
        "health": 2,
        "number_avoided": 1,
        "last_room_avoided": false,
        "exit": false,
        "score": -148,
        "can_avoid": false,
        "can_use_potion": true,
        "game_over": false
      },
      "mcts_stats": [
        {
          "action": 0,
          "visits": 3282,
          "avg_value": 0.18348623853211155,
          "total_value": 602.2018348623901,
          "ucb1": 0.2672339537600431
        },
        {
          "action": 1,
          "visits": 50673,
          "avg_value": 0.26909694593345784,
          "total_value": 13635.94954128611,
          "ucb1": 0.29041040541353225
        },
        {
          "action": 2,
          "visits": 46045,
          "avg_value": 0.26772513127865927,
          "total_value": 12327.403669725867,
          "ucb1": 0.290084061332039
        }
      ],
      "selected_action": 1
    },
    {
      "turn": 12,
      "game_state": {
        "dungeon": [
          {
            "value": 8,
            "suit": "\u2665"
          },
          {
            "value": 5,
            "suit": "\u2663"
          },
          {
            "value": 6,
            "suit": "\u2663"
          },
          {
            "value": 14,
            "suit": "\u2663"
          },
          {
            "value": 7,
            "suit": "\u2663"
          },
          {
            "value": 4,
            "suit": "\u2663"
          },
          {
            "value": 3,
            "suit": "\u2663"
          },
          {
            "value": 6,
            "suit": "\u2666"
          },
          {
            "value": 6,
            "suit": "\u2665"
          },
          {
            "value": 2,
            "suit": "\u2660"
          },
          {
            "value": 9,
            "suit": "\u2665"
          },
          {
            "value": 9,
            "suit": "\u2663"
          },
          {
            "value": 7,
            "suit": "\u2660"
          },
          {
            "value": 10,
            "suit": "\u2665"
          },
          {
            "value": 2,
            "suit": "\u2666"
          },
          {
            "value": 4,
            "suit": "\u2660"
          },
          {
            "value": 8,
            "suit": "\u2663"
          },
          {
            "value": 3,
            "suit": "\u2665"
          },
          {
            "value": 7,
            "suit": "\u2666"
          },
          {
            "value": 8,
            "suit": "\u2666"
          },
          {
            "value": 10,
            "suit": "\u2666"
          },
          {
            "value": 2,
            "suit": "\u2665"
          },
          {
            "value": 11,
            "suit": "\u2663"
          },
          {
            "value": 3,
            "suit": "\u2660"
          },
          {
            "value": 5,
            "suit": "\u2666"
          },
          {
            "value": 12,
            "suit": "\u2663"
          },
          {
            "value": 4,
            "suit": "\u2666"
          },
          {
            "value": 13,
            "suit": "\u2663"
          },
          {
            "value": 6,
            "suit": "\u2660"
          },
          {
            "value": 11,
            "suit": "\u2660"
          },
          {
            "value": 10,
            "suit": "\u2663"
          }
        ],
        "room": [
          {
            "value": 13,
            "suit": "\u2660"
          },
          {
            "value": 7,
            "suit": "\u2665"
          }
        ],
        "discard": [
          {
            "value": 12,
            "suit": "\u2660"
          },
          {
            "value": 5,
            "suit": "\u2665"
          },
          {
            "value": 4,
            "suit": "\u2665"
          },
          {
            "value": 9,
            "suit": "\u2666"
          },
          {
            "value": 14,
            "suit": "\u2660"
          },
          {
            "value": 10,
            "suit": "\u2660"
          },
          {
            "value": 9,
            "suit": "\u2660"
          },
          {
            "value": 5,
            "suit": "\u2660"
          }
        ],
        "equipped_weapon": {
          "value": 3,
          "suit": "\u2666"
        },
        "weapon_monsters": [
          {
            "value": 8,
            "suit": "\u2660"
          },
          {
            "value": 2,
            "suit": "\u2663"
          }
        ],
        "used_potion": false,
        "health": 2,
        "number_avoided": 1,
        "last_room_avoided": false,
        "exit": false,
        "score": -146,
        "can_avoid": false,
        "can_use_potion": true,
        "game_over": false
      },
      "mcts_stats": [
        {
          "action": 0,
          "visits": 3837,
          "avg_value": 0.19266055045871303,
          "total_value": 739.2385321100819,
          "ucb1": 0.2701149972473161
        },
        {
          "action": 1,
          "visits": 96163,
          "avg_value": 0.27766802105033034,
          "total_value": 26701.389908262918,
          "ucb1": 0.2931397288325556
        }
      ],
      "selected_action": 1
    },
    {
      "turn": 13,
      "game_state": {
        "dungeon": [
          {
            "value": 14,
            "suit": "\u2663"
          },
          {
            "value": 7,
            "suit": "\u2663"
          },
          {
            "value": 4,
            "suit": "\u2663"
          },
          {
            "value": 3,
            "suit": "\u2663"
          },
          {
            "value": 6,
            "suit": "\u2666"
          },
          {
            "value": 6,
            "suit": "\u2665"
          },
          {
            "value": 2,
            "suit": "\u2660"
          },
          {
            "value": 9,
            "suit": "\u2665"
          },
          {
            "value": 9,
            "suit": "\u2663"
          },
          {
            "value": 7,
            "suit": "\u2660"
          },
          {
            "value": 10,
            "suit": "\u2665"
          },
          {
            "value": 2,
            "suit": "\u2666"
          },
          {
            "value": 4,
            "suit": "\u2660"
          },
          {
            "value": 8,
            "suit": "\u2663"
          },
          {
            "value": 3,
            "suit": "\u2665"
          },
          {
            "value": 7,
            "suit": "\u2666"
          },
          {
            "value": 8,
            "suit": "\u2666"
          },
          {
            "value": 10,
            "suit": "\u2666"
          },
          {
            "value": 2,
            "suit": "\u2665"
          },
          {
            "value": 11,
            "suit": "\u2663"
          },
          {
            "value": 3,
            "suit": "\u2660"
          },
          {
            "value": 5,
            "suit": "\u2666"
          },
          {
            "value": 12,
            "suit": "\u2663"
          },
          {
            "value": 4,
            "suit": "\u2666"
          },
          {
            "value": 13,
            "suit": "\u2663"
          },
          {
            "value": 6,
            "suit": "\u2660"
          },
          {
            "value": 11,
            "suit": "\u2660"
          },
          {
            "value": 10,
            "suit": "\u2663"
          }
        ],
        "room": [
          {
            "value": 13,
            "suit": "\u2660"
          },
          {
            "value": 8,
            "suit": "\u2665"
          },
          {
            "value": 5,
            "suit": "\u2663"
          },
          {
            "value": 6,
            "suit": "\u2663"
          }
        ],
        "discard": [
          {
            "value": 12,
            "suit": "\u2660"
          },
          {
            "value": 5,
            "suit": "\u2665"
          },
          {
            "value": 4,
            "suit": "\u2665"
          },
          {
            "value": 9,
            "suit": "\u2666"
          },
          {
            "value": 14,
            "suit": "\u2660"
          },
          {
            "value": 10,
            "suit": "\u2660"
          },
          {
            "value": 9,
            "suit": "\u2660"
          },
          {
            "value": 5,
            "suit": "\u2660"
          },
          {
            "value": 7,
            "suit": "\u2665"
          }
        ],
        "equipped_weapon": {
          "value": 3,
          "suit": "\u2666"
        },
        "weapon_monsters": [
          {
            "value": 8,
            "suit": "\u2660"
          },
          {
            "value": 2,
            "suit": "\u2663"
          }
        ],
        "used_potion": false,
        "health": 9,
        "number_avoided": 1,
        "last_room_avoided": false,
        "exit": false,
        "score": -139,
        "can_avoid": true,
        "can_use_potion": true,
        "game_over": false
      },
      "mcts_stats": [
        {
          "action": 0,
          "visits": 4760,
          "avg_value": 0.2247706422018475,
          "total_value": 1069.9082568807942,
          "ucb1": 0.29431129762674474
        },
        {
          "action": 1,
          "visits": 25633,
          "avg_value": 0.2790321535777927,
          "total_value": 7152.431192659561,
          "ucb1": 0.3089991031631365
        },
        {
          "action": 2,
          "visits": 12480,
          "avg_value": 0.2612315484591841,
          "total_value": 3260.1697247706174,
          "ucb1": 0.30417875920090237
        },
        {
          "action": 3,
          "visits": 11960,
          "avg_value": 0.25998780338129945,
          "total_value": 3109.4541284403413,
          "ucb1": 0.30385871572741135
        },
        {
          "action": 4,
          "visits": 45167,
          "avg_value": 0.28916327439680073,
          "total_value": 13060.637614680298,
          "ucb1": 0.3117384757814703
        }
      ],
      "selected_action": 4
    },
    {
      "turn": 14,
      "game_state": {
        "dungeon": [
          {
            "value": 6,
            "suit": "\u2666"
          },
          {
            "value": 6,
            "suit": "\u2665"
          },
          {
            "value": 2,
            "suit": "\u2660"
          },
          {
            "value": 9,
            "suit": "\u2665"
          },
          {
            "value": 9,
            "suit": "\u2663"
          },
          {
            "value": 7,
            "suit": "\u2660"
          },
          {
            "value": 10,
            "suit": "\u2665"
          },
          {
            "value": 2,
            "suit": "\u2666"
          },
          {
            "value": 4,
            "suit": "\u2660"
          },
          {
            "value": 8,
            "suit": "\u2663"
          },
          {
            "value": 3,
            "suit": "\u2665"
          },
          {
            "value": 7,
            "suit": "\u2666"
          },
          {
            "value": 8,
            "suit": "\u2666"
          },
          {
            "value": 10,
            "suit": "\u2666"
          },
          {
            "value": 2,
            "suit": "\u2665"
          },
          {
            "value": 11,
            "suit": "\u2663"
          },
          {
            "value": 3,
            "suit": "\u2660"
          },
          {
            "value": 5,
            "suit": "\u2666"
          },
          {
            "value": 12,
            "suit": "\u2663"
          },
          {
            "value": 4,
            "suit": "\u2666"
          },
          {
            "value": 13,
            "suit": "\u2663"
          },
          {
            "value": 6,
            "suit": "\u2660"
          },
          {
            "value": 11,
            "suit": "\u2660"
          },
          {
            "value": 10,
            "suit": "\u2663"
          },
          {
            "value": 13,
            "suit": "\u2660"
          },
          {
            "value": 8,
            "suit": "\u2665"
          },
          {
            "value": 5,
            "suit": "\u2663"
          },
          {
            "value": 6,
            "suit": "\u2663"
          }
        ],
        "room": [
          {
            "value": 14,
            "suit": "\u2663"
          },
          {
            "value": 7,
            "suit": "\u2663"
          },
          {
            "value": 4,
            "suit": "\u2663"
          },
          {
            "value": 3,
            "suit": "\u2663"
          }
        ],
        "discard": [
          {
            "value": 12,
            "suit": "\u2660"
          },
          {
            "value": 5,
            "suit": "\u2665"
          },
          {
            "value": 4,
            "suit": "\u2665"
          },
          {
            "value": 9,
            "suit": "\u2666"
          },
          {
            "value": 14,
            "suit": "\u2660"
          },
          {
            "value": 10,
            "suit": "\u2660"
          },
          {
            "value": 9,
            "suit": "\u2660"
          },
          {
            "value": 5,
            "suit": "\u2660"
          },
          {
            "value": 7,
            "suit": "\u2665"
          }
        ],
        "equipped_weapon": {
          "value": 3,
          "suit": "\u2666"
        },
        "weapon_monsters": [
          {
            "value": 8,
            "suit": "\u2660"
          },
          {
            "value": 2,
            "suit": "\u2663"
          }
        ],
        "used_potion": false,
        "health": 9,
        "number_avoided": 2,
        "last_room_avoided": true,
        "exit": false,
        "score": -139,
        "can_avoid": false,
        "can_use_potion": true,
        "game_over": false
      },
      "mcts_stats": [
        {
          "action": 0,
          "visits": 25000,
          "avg_value": 0.22477064220178614,
          "total_value": 5619.2660550446535,
          "ucb1": 0.2551146018135175
        },
        {
          "action": 1,
          "visits": 25000,
          "avg_value": 0.22477064220178614,
          "total_value": 5619.2660550446535,
          "ucb1": 0.2551146018135175
        },
        {
          "action": 2,
          "visits": 25000,
          "avg_value": 0.22477064220178614,
          "total_value": 5619.2660550446535,
          "ucb1": 0.2551146018135175
        },
        {
          "action": 3,
          "visits": 25000,
          "avg_value": 0.22477064220178614,
          "total_value": 5619.2660550446535,
          "ucb1": 0.2551146018135175
        }
      ],
      "selected_action": 0
    }
  ]
}