{
  "metadata": {
    "seed": 657257801,
    "num_simulations": 100000,
    "timestamp": "2025-12-20T02:33:36.986519",
    "final_score": -145,
    "num_turns": 14,
    "final_state": {
      "dungeon": [
        {
          "value": 9,
          "suit": "\u2665"
        },
        {
          "value": 13,
          "suit": "\u2663"
        },
        {
          "value": 3,
          "suit": "\u2663"
        },
        {
          "value": 6,
          "suit": "\u2663"
        },
        {
          "value": 9,
          "suit": "\u2660"
        },
        {
          "value": 9,
          "suit": "\u2663"
        },
        {
          "value": 7,
          "suit": "\u2665"
        },
        {
          "value": 5,
          "suit": "\u2666"
        },
        {
          "value": 9,
          "suit": "\u2666"
        },
        {
          "value": 2,
          "suit": "\u2666"
        },
        {
          "value": 6,
          "suit": "\u2666"
        },
        {
          "value": 3,
          "suit": "\u2665"
        },
        {
          "value": 2,
          "suit": "\u2663"
        },
        {
          "value": 7,
          "suit": "\u2663"
        },
        {
          "value": 10,
          "suit": "\u2666"
        },
        {
          "value": 5,
          "suit": "\u2665"
        },
        {
          "value": 8,
          "suit": "\u2666"
        },
        {
          "value": 5,
          "suit": "\u2663"
        },
        {
          "value": 3,
          "suit": "\u2666"
        },
        {
          "value": 4,
          "suit": "\u2665"
        },
        {
          "value": 11,
          "suit": "\u2660"
        },
        {
          "value": 8,
          "suit": "\u2663"
        },
        {
          "value": 11,
          "suit": "\u2663"
        },
        {
          "value": 6,
          "suit": "\u2665"
        },
        {
          "value": 12,
          "suit": "\u2663"
        },
        {
          "value": 14,
          "suit": "\u2660"
        },
        {
          "value": 4,
          "suit": "\u2666"
        },
        {
          "value": 10,
          "suit": "\u2663"
        }
      ],
      "room": [
        {
          "value": 7,
          "suit": "\u2660"
        },
        {
          "value": 4,
          "suit": "\u2660"
        },
        {
          "value": 5,
          "suit": "\u2660"
        },
        {
          "value": 3,
          "suit": "\u2660"
        }
      ],
      "discard": [
        {
          "value": 10,
          "suit": "\u2665"
        },
        {
          "value": 8,
          "suit": "\u2660"
        },
        {
          "value": 8,
          "suit": "\u2665"
        },
        {
          "value": 2,
          "suit": "\u2665"
        },
        {
          "value": 13,
          "suit": "\u2660"
        },
        {
          "value": 12,
          "suit": "\u2660"
        }
      ],
      "equipped_weapon": {
        "value": 7,
        "suit": "\u2666"
      },
      "weapon_monsters": [
        {
          "value": 14,
          "suit": "\u2663"
        },
        {
          "value": 10,
          "suit": "\u2660"
        },
        {
          "value": 6,
          "suit": "\u2660"
        },
        {
          "value": 4,
          "suit": "\u2663"
        },
        {
          "value": 2,
          "suit": "\u2660"
        }
      ],
      "used_potion": false,
      "health": -6,
      "number_avoided": 2,
      "last_room_avoided": false,
      "exit": false,
      "score": -145,
      "can_avoid": true,
      "can_use_potion": true,
      "game_over": true
    }
  },
  "events": [
    {
      "turn": 0,
      "game_state": {
        "dungeon": [
          {
            "value": 7,
            "suit": "\u2666"
          },
          {
            "value": 10,
            "suit": "\u2665"
          },
          {
            "value": 14,
            "suit": "\u2663"
          },
          {
            "value": 4,
            "suit": "\u2663"
          },
          {
            "value": 6,
            "suit": "\u2660"
          },
          {
            "value": 10,
            "suit": "\u2660"
          },
          {
            "value": 8,
            "suit": "\u2665"
          },
          {
            "value": 8,
            "suit": "\u2660"
          },
          {
            "value": 12,
            "suit": "\u2663"
          },
          {
            "value": 2,
            "suit": "\u2660"
          },
          {
            "value": 14,
            "suit": "\u2660"
          },
          {
            "value": 4,
            "suit": "\u2666"
          },
          {
            "value": 10,
            "suit": "\u2663"
          },
          {
            "value": 7,
            "suit": "\u2660"
          },
          {
            "value": 2,
            "suit": "\u2665"
          },
          {
            "value": 12,
            "suit": "\u2660"
          },
          {
            "value": 13,
            "suit": "\u2660"
          },
          {
            "value": 4,
            "suit": "\u2660"
          },
          {
            "value": 5,
            "suit": "\u2660"
          },
          {
            "value": 3,
            "suit": "\u2660"
          },
          {
            "value": 9,
            "suit": "\u2665"
          },
          {
            "value": 13,
            "suit": "\u2663"
          },
          {
            "value": 3,
            "suit": "\u2663"
          },
          {
            "value": 6,
            "suit": "\u2663"
          },
          {
            "value": 9,
            "suit": "\u2660"
          },
          {
            "value": 9,
            "suit": "\u2663"
          },
          {
            "value": 7,
            "suit": "\u2665"
          },
          {
            "value": 5,
            "suit": "\u2666"
          },
          {
            "value": 9,
            "suit": "\u2666"
          },
          {
            "value": 2,
            "suit": "\u2666"
          },
          {
            "value": 6,
            "suit": "\u2666"
          },
          {
            "value": 3,
            "suit": "\u2665"
          },
          {
            "value": 2,
            "suit": "\u2663"
          },
          {
            "value": 7,
            "suit": "\u2663"
          },
          {
            "value": 10,
            "suit": "\u2666"
          },
          {
            "value": 5,
            "suit": "\u2665"
          },
          {
            "value": 8,
            "suit": "\u2666"
          },
          {
            "value": 5,
            "suit": "\u2663"
          },
          {
            "value": 3,
            "suit": "\u2666"
          },
          {
            "value": 4,
            "suit": "\u2665"
          }
        ],
        "room": [
          {
            "value": 11,
            "suit": "\u2660"
          },
          {
            "value": 8,
            "suit": "\u2663"
          },
          {
            "value": 11,
            "suit": "\u2663"
          },
          {
            "value": 6,
            "suit": "\u2665"
          }
        ],
        "discard": [],
        "equipped_weapon": null,
        "weapon_monsters": [],
        "used_potion": false,
        "health": 20,
        "number_avoided": 0,
        "last_room_avoided": false,
        "exit": false,
        "score": -188,
        "can_avoid": true,
        "can_use_potion": true,
        "game_over": false
      },
      "mcts_stats": [
        {
          "action": 0,
          "visits": 11276,
          "avg_value": 0.06365309449964329,
          "total_value": 717.7522935779778,
          "ucb1": 0.10883501867281274
        },
        {
          "action": 1,
          "visits": 15579,
          "avg_value": 0.0728889336445032,
          "total_value": 1135.5366972477154,
          "ucb1": 0.11132796784930046
        },
        {
          "action": 2,
          "visits": 11332,
          "avg_value": 0.06380324290715222,
          "total_value": 723.0183486238491,
          "ucb1": 0.10887338975085017
        },
        {
          "action": 3,
          "visits": 4333,
          "avg_value": 0.02569146109333756,
          "total_value": 111.32110091743164,
          "ucb1": 0.09857809795587698
        },
        {
          "action": 4,
          "visits": 57480,
          "avg_value": 0.09823744038612896,
          "total_value": 5646.688073394693,
          "ucb1": 0.11824913543709348
        }
      ],
      "selected_action": 4
    },
    {
      "turn": 1,
      "game_state": {
        "dungeon": [
          {
            "value": 6,
            "suit": "\u2660"
          },
          {
            "value": 10,
            "suit": "\u2660"
          },
          {
            "value": 8,
            "suit": "\u2665"
          },
          {
            "value": 8,
            "suit": "\u2660"
          },
          {
            "value": 12,
            "suit": "\u2663"
          },
          {
            "value": 2,
            "suit": "\u2660"
          },
          {
            "value": 14,
            "suit": "\u2660"
          },
          {
            "value": 4,
            "suit": "\u2666"
          },
          {
            "value": 10,
            "suit": "\u2663"
          },
          {
            "value": 7,
            "suit": "\u2660"
          },
          {
            "value": 2,
            "suit": "\u2665"
          },
          {
            "value": 12,
            "suit": "\u2660"
          },
          {
            "value": 13,
            "suit": "\u2660"
          },
          {
            "value": 4,
            "suit": "\u2660"
          },
          {
            "value": 5,
            "suit": "\u2660"
          },
          {
            "value": 3,
            "suit": "\u2660"
          },
          {
            "value": 9,
            "suit": "\u2665"
          },
          {
            "value": 13,
            "suit": "\u2663"
          },
          {
            "value": 3,
            "suit": "\u2663"
          },
          {
            "value": 6,
            "suit": "\u2663"
          },
          {
            "value": 9,
            "suit": "\u2660"
          },
          {
            "value": 9,
            "suit": "\u2663"
          },
          {
            "value": 7,
            "suit": "\u2665"
          },
          {
            "value": 5,
            "suit": "\u2666"
          },
          {
            "value": 9,
            "suit": "\u2666"
          },
          {
            "value": 2,
            "suit": "\u2666"
          },
          {
            "value": 6,
            "suit": "\u2666"
          },
          {
            "value": 3,
            "suit": "\u2665"
          },
          {
            "value": 2,
            "suit": "\u2663"
          },
          {
            "value": 7,
            "suit": "\u2663"
          },
          {
            "value": 10,
            "suit": "\u2666"
          },
          {
            "value": 5,
            "suit": "\u2665"
          },
          {
            "value": 8,
            "suit": "\u2666"
          },
          {
            "value": 5,
            "suit": "\u2663"
          },
          {
            "value": 3,
            "suit": "\u2666"
          },
          {
            "value": 4,
            "suit": "\u2665"
          },
          {
            "value": 11,
            "suit": "\u2660"
          },
          {
            "value": 8,
            "suit": "\u2663"
          },
          {
            "value": 11,
            "suit": "\u2663"
          },
          {
            "value": 6,
            "suit": "\u2665"
          }
        ],
        "room": [
          {
            "value": 7,
            "suit": "\u2666"
          },
          {
            "value": 10,
            "suit": "\u2665"
          },
          {
            "value": 14,
            "suit": "\u2663"
          },
          {
            "value": 4,
            "suit": "\u2663"
          }
        ],
        "discard": [],
        "equipped_weapon": null,
        "weapon_monsters": [],
        "used_potion": false,
        "health": 20,
        "number_avoided": 1,
        "last_room_avoided": true,
        "exit": false,
        "score": -188,
        "can_avoid": false,
        "can_use_potion": true,
        "game_over": false
      },
      "mcts_stats": [
        {
          "action": 0,
          "visits": 49197,
          "avg_value": 0.14368519897443172,
          "total_value": 7068.880733945117,
          "ucb1": 0.1653160170976472
        },
        {
          "action": 1,
          "visits": 5270,
          "avg_value": 0.08276726494089771,
          "total_value": 436.1834862385309,
          "ucb1": 0.14885744702223652
        },
        {
          "action": 2,
          "visits": 17614,
          "avg_value": 0.12378315622581282,
          "total_value": 2180.316513761467,
          "ucb1": 0.15993356895308292
        },
        {
          "action": 3,
          "visits": 27919,
          "avg_value": 0.1339776831469557,
          "total_value": 3740.522935779856,
          "ucb1": 0.16269159260565597
        }
      ],
      "selected_action": 0
    },
    {
      "turn": 2,
      "game_state": {
        "dungeon": [
          {
            "value": 6,
            "suit": "\u2660"
          },
          {
            "value": 10,
            "suit": "\u2660"
          },
          {
            "value": 8,
            "suit": "\u2665"
          },
          {
            "value": 8,
            "suit": "\u2660"
          },
          {
            "value": 12,
            "suit": "\u2663"
          },
          {
            "value": 2,
            "suit": "\u2660"
          },
          {
            "value": 14,
            "suit": "\u2660"
          },
          {
            "value": 4,
            "suit": "\u2666"
          },
          {
            "value": 10,
            "suit": "\u2663"
          },
          {
            "value": 7,
            "suit": "\u2660"
          },
          {
            "value": 2,
            "suit": "\u2665"
          },
          {
            "value": 12,
            "suit": "\u2660"
          },
          {
            "value": 13,
            "suit": "\u2660"
          },
          {
            "value": 4,
            "suit": "\u2660"
          },
          {
            "value": 5,
            "suit": "\u2660"
          },
          {
            "value": 3,
            "suit": "\u2660"
          },
          {
            "value": 9,
            "suit": "\u2665"
          },
          {
            "value": 13,
            "suit": "\u2663"
          },
          {
            "value": 3,
            "suit": "\u2663"
          },
          {
            "value": 6,
            "suit": "\u2663"
          },
          {
            "value": 9,
            "suit": "\u2660"
          },
          {
            "value": 9,
            "suit": "\u2663"
          },
          {
            "value": 7,
            "suit": "\u2665"
          },
          {
            "value": 5,
            "suit": "\u2666"
          },
          {
            "value": 9,
            "suit": "\u2666"
          },
          {
            "value": 2,
            "suit": "\u2666"
          },
          {
            "value": 6,
            "suit": "\u2666"
          },
          {
            "value": 3,
            "suit": "\u2665"
          },
          {
            "value": 2,
            "suit": "\u2663"
          },
          {
            "value": 7,
            "suit": "\u2663"
          },
          {
            "value": 10,
            "suit": "\u2666"
          },
          {
            "value": 5,
            "suit": "\u2665"
          },
          {
            "value": 8,
            "suit": "\u2666"
          },
          {
            "value": 5,
            "suit": "\u2663"
          },
          {
            "value": 3,
            "suit": "\u2666"
          },
          {
            "value": 4,
            "suit": "\u2665"
          },
          {
            "value": 11,
            "suit": "\u2660"
          },
          {
            "value": 8,
            "suit": "\u2663"
          },
          {
            "value": 11,
            "suit": "\u2663"
          },
          {
            "value": 6,
            "suit": "\u2665"
          }
        ],
        "room": [
          {
            "value": 10,
            "suit": "\u2665"
          },
          {
            "value": 14,
            "suit": "\u2663"
          },
          {
            "value": 4,
            "suit": "\u2663"
          }
        ],
        "discard": [],
        "equipped_weapon": {
          "value": 7,
          "suit": "\u2666"
        },
        "weapon_monsters": [],
        "used_potion": false,
        "health": 20,
        "number_avoided": 1,
        "last_room_avoided": true,
        "exit": false,
        "score": -188,
        "can_avoid": false,
        "can_use_potion": true,
        "game_over": false
      },
      "mcts_stats": [
        {
          "action": 0,
          "visits": 8721,
          "avg_value": 0.1082286876873178,
          "total_value": 943.8623853210986,
          "ucb1": 0.15960454862998233
        },
        {
          "action": 1,
          "visits": 87182,
          "avg_value": 0.15639790976127127,
          "total_value": 13635.08256880715,
          "ucb1": 0.1726469922022691
        },
        {
          "action": 2,
          "visits": 4097,
          "avg_value": 0.0759058429416917,
          "total_value": 310.98623853211086,
          "ucb1": 0.15086233853821227
        }
      ],
      "selected_action": 1
    },
    {
      "turn": 3,
      "game_state": {
        "dungeon": [
          {
            "value": 6,
            "suit": "\u2660"
          },
          {
            "value": 10,
            "suit": "\u2660"
          },
          {
            "value": 8,
            "suit": "\u2665"
          },
          {
            "value": 8,
            "suit": "\u2660"
          },
          {
            "value": 12,
            "suit": "\u2663"
          },
          {
            "value": 2,
            "suit": "\u2660"
          },
          {
            "value": 14,
            "suit": "\u2660"
          },
          {
            "value": 4,
            "suit": "\u2666"
          },
          {
            "value": 10,
            "suit": "\u2663"
          },
          {
            "value": 7,
            "suit": "\u2660"
          },
          {
            "value": 2,
            "suit": "\u2665"
          },
          {
            "value": 12,
            "suit": "\u2660"
          },
          {
            "value": 13,
            "suit": "\u2660"
          },
          {
            "value": 4,
            "suit": "\u2660"
          },
          {
            "value": 5,
            "suit": "\u2660"
          },
          {
            "value": 3,
            "suit": "\u2660"
          },
          {
            "value": 9,
            "suit": "\u2665"
          },
          {
            "value": 13,
            "suit": "\u2663"
          },
          {
            "value": 3,
            "suit": "\u2663"
          },
          {
            "value": 6,
            "suit": "\u2663"
          },
          {
            "value": 9,
            "suit": "\u2660"
          },
          {
            "value": 9,
            "suit": "\u2663"
          },
          {
            "value": 7,
            "suit": "\u2665"
          },
          {
            "value": 5,
            "suit": "\u2666"
          },
          {
            "value": 9,
            "suit": "\u2666"
          },
          {
            "value": 2,
            "suit": "\u2666"
          },
          {
            "value": 6,
            "suit": "\u2666"
          },
          {
            "value": 3,
            "suit": "\u2665"
          },
          {
            "value": 2,
            "suit": "\u2663"
          },
          {
            "value": 7,
            "suit": "\u2663"
          },
          {
            "value": 10,
            "suit": "\u2666"
          },
          {
            "value": 5,
            "suit": "\u2665"
          },
          {
            "value": 8,
            "suit": "\u2666"
          },
          {
            "value": 5,
            "suit": "\u2663"
          },
          {
            "value": 3,
            "suit": "\u2666"
          },
          {
            "value": 4,
            "suit": "\u2665"
          },
          {
            "value": 11,
            "suit": "\u2660"
          },
          {
            "value": 8,
            "suit": "\u2663"
          },
          {
            "value": 11,
            "suit": "\u2663"
          },
          {
            "value": 6,
            "suit": "\u2665"
          }
        ],
        "room": [
          {
            "value": 10,
            "suit": "\u2665"
          },
          {
            "value": 4,
            "suit": "\u2663"
          }
        ],
        "discard": [],
        "equipped_weapon": {
          "value": 7,
          "suit": "\u2666"
        },
        "weapon_monsters": [
          {
            "value": 14,
            "suit": "\u2663"
          }
        ],
        "used_potion": false,
        "health": 13,
        "number_avoided": 1,
        "last_room_avoided": true,
        "exit": false,
        "score": -181,
        "can_avoid": false,
        "can_use_potion": true,
        "game_over": false
      },
      "mcts_stats": [
        {
          "action": 0,
          "visits": 81942,
          "avg_value": 0.16177100204462744,
          "total_value": 13255.839449540861,
          "ucb1": 0.17853157944982
        },
        {
          "action": 1,
          "visits": 18058,
          "avg_value": 0.13579866505581692,
          "total_value": 2452.252293577942,
          "ucb1": 0.17150188880705558
        }
      ],
      "selected_action": 0
    },
    {
      "turn": 4,
      "game_state": {
        "dungeon": [
          {
            "value": 8,
            "suit": "\u2660"
          },
          {
            "value": 12,
            "suit": "\u2663"
          },
          {
            "value": 2,
            "suit": "\u2660"
          },
          {
            "value": 14,
            "suit": "\u2660"
          },
          {
            "value": 4,
            "suit": "\u2666"
          },
          {
            "value": 10,
            "suit": "\u2663"
          },
          {
            "value": 7,
            "suit": "\u2660"
          },
          {
            "value": 2,
            "suit": "\u2665"
          },
          {
            "value": 12,
            "suit": "\u2660"
          },
          {
            "value": 13,
            "suit": "\u2660"
          },
          {
            "value": 4,
            "suit": "\u2660"
          },
          {
            "value": 5,
            "suit": "\u2660"
          },
          {
            "value": 3,
            "suit": "\u2660"
          },
          {
            "value": 9,
            "suit": "\u2665"
          },
          {
            "value": 13,
            "suit": "\u2663"
          },
          {
            "value": 3,
            "suit": "\u2663"
          },
          {
            "value": 6,
            "suit": "\u2663"
          },
          {
            "value": 9,
            "suit": "\u2660"
          },
          {
            "value": 9,
            "suit": "\u2663"
          },
          {
            "value": 7,
            "suit": "\u2665"
          },
          {
            "value": 5,
            "suit": "\u2666"
          },
          {
            "value": 9,
            "suit": "\u2666"
          },
          {
            "value": 2,
            "suit": "\u2666"
          },
          {
            "value": 6,
            "suit": "\u2666"
          },
          {
            "value": 3,
            "suit": "\u2665"
          },
          {
            "value": 2,
            "suit": "\u2663"
          },
          {
            "value": 7,
            "suit": "\u2663"
          },
          {
            "value": 10,
            "suit": "\u2666"
          },
          {
            "value": 5,
            "suit": "\u2665"
          },
          {
            "value": 8,
            "suit": "\u2666"
          },
          {
            "value": 5,
            "suit": "\u2663"
          },
          {
            "value": 3,
            "suit": "\u2666"
          },
          {
            "value": 4,
            "suit": "\u2665"
          },
          {
            "value": 11,
            "suit": "\u2660"
          },
          {
            "value": 8,
            "suit": "\u2663"
          },
          {
            "value": 11,
            "suit": "\u2663"
          },
          {
            "value": 6,
            "suit": "\u2665"
          }
        ],
        "room": [
          {
            "value": 4,
            "suit": "\u2663"
          },
          {
            "value": 6,
            "suit": "\u2660"
          },
          {
            "value": 10,
            "suit": "\u2660"
          },
          {
            "value": 8,
            "suit": "\u2665"
          }
        ],
        "discard": [
          {
            "value": 10,
            "suit": "\u2665"
          }
        ],
        "equipped_weapon": {
          "value": 7,
          "suit": "\u2666"
        },
        "weapon_monsters": [
          {
            "value": 14,
            "suit": "\u2663"
          }
        ],
        "used_potion": false,
        "health": 20,
        "number_avoided": 1,
        "last_room_avoided": false,
        "exit": false,
        "score": -174,
        "can_avoid": true,
        "can_use_potion": true,
        "game_over": false
      },
      "mcts_stats": [
        {
          "action": 0,
          "visits": 5292,
          "avg_value": 0.1469086105390164,
          "total_value": 777.4403669724749,
          "ucb1": 0.21286127388572662
        },
        {
          "action": 1,
          "visits": 13822,
          "avg_value": 0.18137884160207193,
          "total_value": 2507.0183486238384,
          "ucb1": 0.22218792230817153
        },
        {
          "action": 2,
          "visits": 64039,
          "avg_value": 0.21134777245115008,
          "total_value": 13534.4999999992,
          "ucb1": 0.23030697145730059
        },
        {
          "action": 3,
          "visits": 8902,
          "avg_value": 0.16760793884066824,
          "total_value": 1492.0458715596287,
          "ucb1": 0.21845881743532508
        },
        {
          "action": 4,
          "visits": 7945,
          "avg_value": 0.16352907893141486,
          "total_value": 1299.238532110091,
          "ucb1": 0.21735547530791166
        }
      ],
      "selected_action": 2
    },
    {
      "turn": 5,
      "game_state": {
        "dungeon": [
          {
            "value": 8,
            "suit": "\u2660"
          },
          {
            "value": 12,
            "suit": "\u2663"
          },
          {
            "value": 2,
            "suit": "\u2660"
          },
          {
            "value": 14,
            "suit": "\u2660"
          },
          {
            "value": 4,
            "suit": "\u2666"
          },
          {
            "value": 10,
            "suit": "\u2663"
          },
          {
            "value": 7,
            "suit": "\u2660"
          },
          {
            "value": 2,
            "suit": "\u2665"
          },
          {
            "value": 12,
            "suit": "\u2660"
          },
          {
            "value": 13,
            "suit": "\u2660"
          },
          {
            "value": 4,
            "suit": "\u2660"
          },
          {
            "value": 5,
            "suit": "\u2660"
          },
          {
            "value": 3,
            "suit": "\u2660"
          },
          {
            "value": 9,
            "suit": "\u2665"
          },
          {
            "value": 13,
            "suit": "\u2663"
          },
          {
            "value": 3,
            "suit": "\u2663"
          },
          {
            "value": 6,
            "suit": "\u2663"
          },
          {
            "value": 9,
            "suit": "\u2660"
          },
          {
            "value": 9,
            "suit": "\u2663"
          },
          {
            "value": 7,
            "suit": "\u2665"
          },
          {
            "value": 5,
            "suit": "\u2666"
          },
          {
            "value": 9,
            "suit": "\u2666"
          },
          {
            "value": 2,
            "suit": "\u2666"
          },
          {
            "value": 6,
            "suit": "\u2666"
          },
          {
            "value": 3,
            "suit": "\u2665"
          },
          {
            "value": 2,
            "suit": "\u2663"
          },
          {
            "value": 7,
            "suit": "\u2663"
          },
          {
            "value": 10,
            "suit": "\u2666"
          },
          {
            "value": 5,
            "suit": "\u2665"
          },
          {
            "value": 8,
            "suit": "\u2666"
          },
          {
            "value": 5,
            "suit": "\u2663"
          },
          {
            "value": 3,
            "suit": "\u2666"
          },
          {
            "value": 4,
            "suit": "\u2665"
          },
          {
            "value": 11,
            "suit": "\u2660"
          },
          {
            "value": 8,
            "suit": "\u2663"
          },
          {
            "value": 11,
            "suit": "\u2663"
          },
          {
            "value": 6,
            "suit": "\u2665"
          }
        ],
        "room": [
          {
            "value": 4,
            "suit": "\u2663"
          },
          {
            "value": 6,
            "suit": "\u2660"
          },
          {
            "value": 8,
            "suit": "\u2665"
          }
        ],
        "discard": [
          {
            "value": 10,
            "suit": "\u2665"
          }
        ],
        "equipped_weapon": {
          "value": 7,
          "suit": "\u2666"
        },
        "weapon_monsters": [
          {
            "value": 14,
            "suit": "\u2663"
          },
          {
            "value": 10,
            "suit": "\u2660"
          }
        ],
        "used_potion": false,
        "health": 17,
        "number_avoided": 1,
        "last_room_avoided": false,
        "exit": false,
        "score": -167,
        "can_avoid": false,
        "can_use_potion": true,
        "game_over": false
      },
      "mcts_stats": [
        {
          "action": 0,
          "visits": 12882,
          "avg_value": 0.18944327409414016,
          "total_value": 2440.4082568807135,
          "ucb1": 0.23171506118769924
        },
        {
          "action": 1,
          "visits": 62609,
          "avg_value": 0.22111302109303774,
          "total_value": 13843.665137614,
          "ucb1": 0.2402875133396832
        },
        {
          "action": 2,
          "visits": 24509,
          "avg_value": 0.20538252003289437,
          "total_value": 5033.720183486208,
          "ucb1": 0.23602891963278325
        }
      ],
      "selected_action": 1
    },
    {
      "turn": 6,
      "game_state": {
        "dungeon": [
          {
            "value": 8,
            "suit": "\u2660"
          },
          {
            "value": 12,
            "suit": "\u2663"
          },
          {
            "value": 2,
            "suit": "\u2660"
          },
          {
            "value": 14,
            "suit": "\u2660"
          },
          {
            "value": 4,
            "suit": "\u2666"
          },
          {
            "value": 10,
            "suit": "\u2663"
          },
          {
            "value": 7,
            "suit": "\u2660"
          },
          {
            "value": 2,
            "suit": "\u2665"
          },
          {
            "value": 12,
            "suit": "\u2660"
          },
          {
            "value": 13,
            "suit": "\u2660"
          },
          {
            "value": 4,
            "suit": "\u2660"
          },
          {
            "value": 5,
            "suit": "\u2660"
          },
          {
            "value": 3,
            "suit": "\u2660"
          },
          {
            "value": 9,
            "suit": "\u2665"
          },
          {
            "value": 13,
            "suit": "\u2663"
          },
          {
            "value": 3,
            "suit": "\u2663"
          },
          {
            "value": 6,
            "suit": "\u2663"
          },
          {
            "value": 9,
            "suit": "\u2660"
          },
          {
            "value": 9,
            "suit": "\u2663"
          },
          {
            "value": 7,
            "suit": "\u2665"
          },
          {
            "value": 5,
            "suit": "\u2666"
          },
          {
            "value": 9,
            "suit": "\u2666"
          },
          {
            "value": 2,
            "suit": "\u2666"
          },
          {
            "value": 6,
            "suit": "\u2666"
          },
          {
            "value": 3,
            "suit": "\u2665"
          },
          {
            "value": 2,
            "suit": "\u2663"
          },
          {
            "value": 7,
            "suit": "\u2663"
          },
          {
            "value": 10,
            "suit": "\u2666"
          },
          {
            "value": 5,
            "suit": "\u2665"
          },
          {
            "value": 8,
            "suit": "\u2666"
          },
          {
            "value": 5,
            "suit": "\u2663"
          },
          {
            "value": 3,
            "suit": "\u2666"
          },
          {
            "value": 4,
            "suit": "\u2665"
          },
          {
            "value": 11,
            "suit": "\u2660"
          },
          {
            "value": 8,
            "suit": "\u2663"
          },
          {
            "value": 11,
            "suit": "\u2663"
          },
          {
            "value": 6,
            "suit": "\u2665"
          }
        ],
        "room": [
          {
            "value": 4,
            "suit": "\u2663"
          },
          {
            "value": 8,
            "suit": "\u2665"
          }
        ],
        "discard": [
          {
            "value": 10,
            "suit": "\u2665"
          }
        ],
        "equipped_weapon": {
          "value": 7,
          "suit": "\u2666"
        },
        "weapon_monsters": [
          {
            "value": 14,
            "suit": "\u2663"
          },
          {
            "value": 10,
            "suit": "\u2660"
          },
          {
            "value": 6,
            "suit": "\u2660"
          }
        ],
        "used_potion": false,
        "health": 17,
        "number_avoided": 1,
        "last_room_avoided": false,
        "exit": false,
        "score": -161,
        "can_avoid": false,
        "can_use_potion": true,
        "game_over": false
      },
      "mcts_stats": [
        {
          "action": 0,
          "visits": 68294,
          "avg_value": 0.22576197137953394,
          "total_value": 15418.18807339389,
          "ucb1": 0.244121054194136
        },
        {
          "action": 1,
          "visits": 31706,
          "avg_value": 0.21398505304179063,
          "total_value": 6784.610091743014,
          "ucb1": 0.24092963986252797
        }
      ],
      "selected_action": 0
    },
    {
      "turn": 7,
      "game_state": {
        "dungeon": [
          {
            "value": 14,
            "suit": "\u2660"
          },
          {
            "value": 4,
            "suit": "\u2666"
          },
          {
            "value": 10,
            "suit": "\u2663"
          },
          {
            "value": 7,
            "suit": "\u2660"
          },
          {
            "value": 2,
            "suit": "\u2665"
          },
          {
            "value": 12,
            "suit": "\u2660"
          },
          {
            "value": 13,
            "suit": "\u2660"
          },
          {
            "value": 4,
            "suit": "\u2660"
          },
          {
            "value": 5,
            "suit": "\u2660"
          },
          {
            "value": 3,
            "suit": "\u2660"
          },
          {
            "value": 9,
            "suit": "\u2665"
          },
          {
            "value": 13,
            "suit": "\u2663"
          },
          {
            "value": 3,
            "suit": "\u2663"
          },
          {
            "value": 6,
            "suit": "\u2663"
          },
          {
            "value": 9,
            "suit": "\u2660"
          },
          {
            "value": 9,
            "suit": "\u2663"
          },
          {
            "value": 7,
            "suit": "\u2665"
          },
          {
            "value": 5,
            "suit": "\u2666"
          },
          {
            "value": 9,
            "suit": "\u2666"
          },
          {
            "value": 2,
            "suit": "\u2666"
          },
          {
            "value": 6,
            "suit": "\u2666"
          },
          {
            "value": 3,
            "suit": "\u2665"
          },
          {
            "value": 2,
            "suit": "\u2663"
          },
          {
            "value": 7,
            "suit": "\u2663"
          },
          {
            "value": 10,
            "suit": "\u2666"
          },
          {
            "value": 5,
            "suit": "\u2665"
          },
          {
            "value": 8,
            "suit": "\u2666"
          },
          {
            "value": 5,
            "suit": "\u2663"
          },
          {
            "value": 3,
            "suit": "\u2666"
          },
          {
            "value": 4,
            "suit": "\u2665"
          },
          {
            "value": 11,
            "suit": "\u2660"
          },
          {
            "value": 8,
            "suit": "\u2663"
          },
          {
            "value": 11,
            "suit": "\u2663"
          },
          {
            "value": 6,
            "suit": "\u2665"
          }
        ],
        "room": [
          {
            "value": 8,
            "suit": "\u2665"
          },
          {
            "value": 8,
            "suit": "\u2660"
          },
          {
            "value": 12,
            "suit": "\u2663"
          },
          {
            "value": 2,
            "suit": "\u2660"
          }
        ],
        "discard": [
          {
            "value": 10,
            "suit": "\u2665"
          }
        ],
        "equipped_weapon": {
          "value": 7,
          "suit": "\u2666"
        },
        "weapon_monsters": [
          {
            "value": 14,
            "suit": "\u2663"
          },
          {
            "value": 10,
            "suit": "\u2660"
          },
          {
            "value": 6,
            "suit": "\u2660"
          },
          {
            "value": 4,
            "suit": "\u2663"
          }
        ],
        "used_potion": false,
        "health": 17,
        "number_avoided": 1,
        "last_room_avoided": false,
        "exit": false,
        "score": -157,
        "can_avoid": true,
        "can_use_potion": true,
        "game_over": false
      },
      "mcts_stats": [
        {
          "action": 0,
          "visits": 7789,
          "avg_value": 0.18824889487762375,
          "total_value": 1466.2706422018114,
          "ucb1": 0.24261164314704292
        },
        {
          "action": 1,
          "visits": 28188,
          "avg_value": 0.22360888165046383,
          "total_value": 6303.087155963274,
          "ucb1": 0.2521854532727679
        },
        {
          "action": 2,
          "visits": 21802,
          "avg_value": 0.21823601740097848,
          "total_value": 4757.9816513761325,
          "ucb1": 0.2507293374563849
        },
        {
          "action": 3,
          "visits": 21653,
          "avg_value": 0.21807029727008131,
          "total_value": 4721.876146789071,
          "ucb1": 0.2506752232070027
        },
        {
          "action": 4,
          "visits": 20568,
          "avg_value": 0.21692599887952912,
          "total_value": 4461.733944954155,
          "ucb1": 0.25037985803630664
        }
      ],
      "selected_action": 1
    },
    {
      "turn": 8,
      "game_state": {
        "dungeon": [
          {
            "value": 14,
            "suit": "\u2660"
          },
          {
            "value": 4,
            "suit": "\u2666"
          },
          {
            "value": 10,
            "suit": "\u2663"
          },
          {
            "value": 7,
            "suit": "\u2660"
          },
          {
            "value": 2,
            "suit": "\u2665"
          },
          {
            "value": 12,
            "suit": "\u2660"
          },
          {
            "value": 13,
            "suit": "\u2660"
          },
          {
            "value": 4,
            "suit": "\u2660"
          },
          {
            "value": 5,
            "suit": "\u2660"
          },
          {
            "value": 3,
            "suit": "\u2660"
          },
          {
            "value": 9,
            "suit": "\u2665"
          },
          {
            "value": 13,
            "suit": "\u2663"
          },
          {
            "value": 3,
            "suit": "\u2663"
          },
          {
            "value": 6,
            "suit": "\u2663"
          },
          {
            "value": 9,
            "suit": "\u2660"
          },
          {
            "value": 9,
            "suit": "\u2663"
          },
          {
            "value": 7,
            "suit": "\u2665"
          },
          {
            "value": 5,
            "suit": "\u2666"
          },
          {
            "value": 9,
            "suit": "\u2666"
          },
          {
            "value": 2,
            "suit": "\u2666"
          },
          {
            "value": 6,
            "suit": "\u2666"
          },
          {
            "value": 3,
            "suit": "\u2665"
          },
          {
            "value": 2,
            "suit": "\u2663"
          },
          {
            "value": 7,
            "suit": "\u2663"
          },
          {
            "value": 10,
            "suit": "\u2666"
          },
          {
            "value": 5,
            "suit": "\u2665"
          },
          {
            "value": 8,
            "suit": "\u2666"
          },
          {
            "value": 5,
            "suit": "\u2663"
          },
          {
            "value": 3,
            "suit": "\u2666"
          },
          {
            "value": 4,
            "suit": "\u2665"
          },
          {
            "value": 11,
            "suit": "\u2660"
          },
          {
            "value": 8,
            "suit": "\u2663"
          },
          {
            "value": 11,
            "suit": "\u2663"
          },
          {
            "value": 6,
            "suit": "\u2665"
          }
        ],
        "room": [
          {
            "value": 8,
            "suit": "\u2665"
          },
          {
            "value": 12,
            "suit": "\u2663"
          },
          {
            "value": 2,
            "suit": "\u2660"
          }
        ],
        "discard": [
          {
            "value": 10,
            "suit": "\u2665"
          },
          {
            "value": 8,
            "suit": "\u2660"
          }
        ],
        "equipped_weapon": {
          "value": 7,
          "suit": "\u2666"
        },
        "weapon_monsters": [
          {
            "value": 14,
            "suit": "\u2663"
          },
          {
            "value": 10,
            "suit": "\u2660"
          },
          {
            "value": 6,
            "suit": "\u2660"
          },
          {
            "value": 4,
            "suit": "\u2663"
          }
        ],
        "used_potion": false,
        "health": 9,
        "number_avoided": 1,
        "last_room_avoided": false,
        "exit": false,
        "score": -157,
        "can_avoid": false,
        "can_use_potion": true,
        "game_over": false
      },
      "mcts_stats": [
        {
          "action": 0,
          "visits": 45034,
          "avg_value": 0.2358023682819792,
          "total_value": 10619.12385321065,
          "ucb1": 0.25841088103374243
        },
        {
          "action": 1,
          "visits": 2789,
          "avg_value": 0.14220183486238863,
          "total_value": 396.6009174312019,
          "ucb1": 0.2330503846028555
        },
        {
          "action": 2,
          "visits": 52177,
          "avg_value": 0.23800672833277967,
          "total_value": 12418.477064219445,
          "ucb1": 0.25901076188983024
        }
      ],
      "selected_action": 2
    },
    {
      "turn": 9,
      "game_state": {
        "dungeon": [
          {
            "value": 14,
            "suit": "\u2660"
          },
          {
            "value": 4,
            "suit": "\u2666"
          },
          {
            "value": 10,
            "suit": "\u2663"
          },
          {
            "value": 7,
            "suit": "\u2660"
          },
          {
            "value": 2,
            "suit": "\u2665"
          },
          {
            "value": 12,
            "suit": "\u2660"
          },
          {
            "value": 13,
            "suit": "\u2660"
          },
          {
            "value": 4,
            "suit": "\u2660"
          },
          {
            "value": 5,
            "suit": "\u2660"
          },
          {
            "value": 3,
            "suit": "\u2660"
          },
          {
            "value": 9,
            "suit": "\u2665"
          },
          {
            "value": 13,
            "suit": "\u2663"
          },
          {
            "value": 3,
            "suit": "\u2663"
          },
          {
            "value": 6,
            "suit": "\u2663"
          },
          {
            "value": 9,
            "suit": "\u2660"
          },
          {
            "value": 9,
            "suit": "\u2663"
          },
          {
            "value": 7,
            "suit": "\u2665"
          },
          {
            "value": 5,
            "suit": "\u2666"
          },
          {
            "value": 9,
            "suit": "\u2666"
          },
          {
            "value": 2,
            "suit": "\u2666"
          },
          {
            "value": 6,
            "suit": "\u2666"
          },
          {
            "value": 3,
            "suit": "\u2665"
          },
          {
            "value": 2,
            "suit": "\u2663"
          },
          {
            "value": 7,
            "suit": "\u2663"
          },
          {
            "value": 10,
            "suit": "\u2666"
          },
          {
            "value": 5,
            "suit": "\u2665"
          },
          {
            "value": 8,
            "suit": "\u2666"
          },
          {
            "value": 5,
            "suit": "\u2663"
          },
          {
            "value": 3,
            "suit": "\u2666"
          },
          {
            "value": 4,
            "suit": "\u2665"
          },
          {
            "value": 11,
            "suit": "\u2660"
          },
          {
            "value": 8,
            "suit": "\u2663"
          },
          {
            "value": 11,
            "suit": "\u2663"
          },
          {
            "value": 6,
            "suit": "\u2665"
          }
        ],
        "room": [
          {
            "value": 8,
            "suit": "\u2665"
          },
          {
            "value": 12,
            "suit": "\u2663"
          }
        ],
        "discard": [
          {
            "value": 10,
            "suit": "\u2665"
          },
          {
            "value": 8,
            "suit": "\u2660"
          }
        ],
        "equipped_weapon": {
          "value": 7,
          "suit": "\u2666"
        },
        "weapon_monsters": [
          {
            "value": 14,
            "suit": "\u2663"
          },
          {
            "value": 10,
            "suit": "\u2660"
          },
          {
            "value": 6,
            "suit": "\u2660"
          },
          {
            "value": 4,
            "suit": "\u2663"
          },
          {
            "value": 2,
            "suit": "\u2660"
          }
        ],
        "used_potion": false,
        "health": 9,
        "number_avoided": 1,
        "last_room_avoided": false,
        "exit": false,
        "score": -155,
        "can_avoid": false,
        "can_use_potion": true,
        "game_over": false
      },
      "mcts_stats": [
        {
          "action": 0,
          "visits": 96697,
          "avg_value": 0.24471400448568517,
          "total_value": 23663.1100917523,
          "ucb1": 0.26014293260598403
        },
        {
          "action": 1,
          "visits": 3303,
          "avg_value": 0.15137614678899763,
          "total_value": 499.9954128440592,
          "ucb1": 0.23485720952898242
        }
      ],
      "selected_action": 0
    },
    {
      "turn": 10,
      "game_state": {
        "dungeon": [
          {
            "value": 7,
            "suit": "\u2660"
          },
          {
            "value": 2,
            "suit": "\u2665"
          },
          {
            "value": 12,
            "suit": "\u2660"
          },
          {
            "value": 13,
            "suit": "\u2660"
          },
          {
            "value": 4,
            "suit": "\u2660"
          },
          {
            "value": 5,
            "suit": "\u2660"
          },
          {
            "value": 3,
            "suit": "\u2660"
          },
          {
            "value": 9,
            "suit": "\u2665"
          },
          {
            "value": 13,
            "suit": "\u2663"
          },
          {
            "value": 3,
            "suit": "\u2663"
          },
          {
            "value": 6,
            "suit": "\u2663"
          },
          {
            "value": 9,
            "suit": "\u2660"
          },
          {
            "value": 9,
            "suit": "\u2663"
          },
          {
            "value": 7,
            "suit": "\u2665"
          },
          {
            "value": 5,
            "suit": "\u2666"
          },
          {
            "value": 9,
            "suit": "\u2666"
          },
          {
            "value": 2,
            "suit": "\u2666"
          },
          {
            "value": 6,
            "suit": "\u2666"
          },
          {
            "value": 3,
            "suit": "\u2665"
          },
          {
            "value": 2,
            "suit": "\u2663"
          },
          {
            "value": 7,
            "suit": "\u2663"
          },
          {
            "value": 10,
            "suit": "\u2666"
          },
          {
            "value": 5,
            "suit": "\u2665"
          },
          {
            "value": 8,
            "suit": "\u2666"
          },
          {
            "value": 5,
            "suit": "\u2663"
          },
          {
            "value": 3,
            "suit": "\u2666"
          },
          {
            "value": 4,
            "suit": "\u2665"
          },
          {
            "value": 11,
            "suit": "\u2660"
          },
          {
            "value": 8,
            "suit": "\u2663"
          },
          {
            "value": 11,
            "suit": "\u2663"
          },
          {
            "value": 6,
            "suit": "\u2665"
          }
        ],
        "room": [
          {
            "value": 12,
            "suit": "\u2663"
          },
          {
            "value": 14,
            "suit": "\u2660"
          },
          {
            "value": 4,
            "suit": "\u2666"
          },
          {
            "value": 10,
            "suit": "\u2663"
          }
        ],
        "discard": [
          {
            "value": 10,
            "suit": "\u2665"
          },
          {
            "value": 8,
            "suit": "\u2660"
          },
          {
            "value": 8,
            "suit": "\u2665"
          }
        ],
        "equipped_weapon": {
          "value": 7,
          "suit": "\u2666"
        },
        "weapon_monsters": [
          {
            "value": 14,
            "suit": "\u2663"
          },
          {
            "value": 10,
            "suit": "\u2660"
          },
          {
            "value": 6,
            "suit": "\u2660"
          },
          {
            "value": 4,
            "suit": "\u2663"
          },
          {
            "value": 2,
            "suit": "\u2660"
          }
        ],
        "used_potion": false,
        "health": 17,
        "number_avoided": 1,
        "last_room_avoided": false,
        "exit": false,
        "score": -147,
        "can_avoid": true,
        "can_use_potion": true,
        "game_over": false
      },
      "mcts_stats": [
        {
          "action": 0,
          "visits": 4307,
          "avg_value": 0.19526458954166706,
          "total_value": 841.00458715596,
          "ucb1": 0.2683708922040372
        },
        {
          "action": 1,
          "visits": 4307,
          "avg_value": 0.19526458954166706,
          "total_value": 841.00458715596,
          "ucb1": 0.2683708922040372
        },
        {
          "action": 2,
          "visits": 11247,
          "avg_value": 0.2334681705131487,
          "total_value": 2625.8165137613832,
          "ucb1": 0.2787083071991213
        },
        {
          "action": 3,
          "visits": 4308,
          "avg_value": 0.19527143867181104,
          "total_value": 841.2293577981619,
          "ucb1": 0.26836925589480926
        },
        {
          "action": 4,
          "visits": 75831,
          "avg_value": 0.2716140030843954,
          "total_value": 20596.761467892786,
          "ucb1": 0.2890368397158988
        }
      ],
      "selected_action": 4
    },
    {
      "turn": 11,
      "game_state": {
        "dungeon": [
          {
            "value": 4,
            "suit": "\u2660"
          },
          {
            "value": 5,
            "suit": "\u2660"
          },
          {
            "value": 3,
            "suit": "\u2660"
          },
          {
            "value": 9,
            "suit": "\u2665"
          },
          {
            "value": 13,
            "suit": "\u2663"
          },
          {
            "value": 3,
            "suit": "\u2663"
          },
          {
            "value": 6,
            "suit": "\u2663"
          },
          {
            "value": 9,
            "suit": "\u2660"
          },
          {
            "value": 9,
            "suit": "\u2663"
          },
          {
            "value": 7,
            "suit": "\u2665"
          },
          {
            "value": 5,
            "suit": "\u2666"
          },
          {
            "value": 9,
            "suit": "\u2666"
          },
          {
            "value": 2,
            "suit": "\u2666"
          },
          {
            "value": 6,
            "suit": "\u2666"
          },
          {
            "value": 3,
            "suit": "\u2665"
          },
          {
            "value": 2,
            "suit": "\u2663"
          },
          {
            "value": 7,
            "suit": "\u2663"
          },
          {
            "value": 10,
            "suit": "\u2666"
          },
          {
            "value": 5,
            "suit": "\u2665"
          },
          {
            "value": 8,
            "suit": "\u2666"
          },
          {
            "value": 5,
            "suit": "\u2663"
          },
          {
            "value": 3,
            "suit": "\u2666"
          },
          {
            "value": 4,
            "suit": "\u2665"
          },
          {
            "value": 11,
            "suit": "\u2660"
          },
          {
            "value": 8,
            "suit": "\u2663"
          },
          {
            "value": 11,
            "suit": "\u2663"
          },
          {
            "value": 6,
            "suit": "\u2665"
          },
          {
            "value": 12,
            "suit": "\u2663"
          },
          {
            "value": 14,
            "suit": "\u2660"
          },
          {
            "value": 4,
            "suit": "\u2666"
          },
          {
            "value": 10,
            "suit": "\u2663"
          }
        ],
        "room": [
          {
            "value": 7,
            "suit": "\u2660"
          },
          {
            "value": 2,
            "suit": "\u2665"
          },
          {
            "value": 12,
            "suit": "\u2660"
          },
          {
            "value": 13,
            "suit": "\u2660"
          }
        ],
        "discard": [
          {
            "value": 10,
            "suit": "\u2665"
          },
          {
            "value": 8,
            "suit": "\u2660"
          },
          {
            "value": 8,
            "suit": "\u2665"
          }
        ],
        "equipped_weapon": {
          "value": 7,
          "suit": "\u2666"
        },
        "weapon_monsters": [
          {
            "value": 14,
            "suit": "\u2663"
          },
          {
            "value": 10,
            "suit": "\u2660"
          },
          {
            "value": 6,
            "suit": "\u2660"
          },
          {
            "value": 4,
            "suit": "\u2663"
          },
          {
            "value": 2,
            "suit": "\u2660"
          }
        ],
        "used_potion": false,
        "health": 17,
        "number_avoided": 2,
        "last_room_avoided": true,
        "exit": false,
        "score": -147,
        "can_avoid": false,
        "can_use_potion": true,
        "game_over": false
      },
      "mcts_stats": [
        {
          "action": 0,
          "visits": 23168,
          "avg_value": 0.19169987708449807,
          "total_value": 4441.302752293651,
          "ucb1": 0.22322073168886475
        },
        {
          "action": 1,
          "visits": 30496,
          "avg_value": 0.19724770642199502,
          "total_value": 6015.26605504516,
          "ucb1": 0.22472163826368935
        },
        {
          "action": 2,
          "visits": 23168,
          "avg_value": 0.19170027307517168,
          "total_value": 4441.311926605577,
          "ucb1": 0.22322112767953836
        },
        {
          "action": 3,
          "visits": 23168,
          "avg_value": 0.1917006690658453,
          "total_value": 4441.321100917504,
          "ucb1": 0.22322152367021197
        }
      ],
      "selected_action": 1
    },
    {
      "turn": 12,
      "game_state": {
        "dungeon": [
          {
            "value": 4,
            "suit": "\u2660"
          },
          {
            "value": 5,
            "suit": "\u2660"
          },
          {
            "value": 3,
            "suit": "\u2660"
          },
          {
            "value": 9,
            "suit": "\u2665"
          },
          {
            "value": 13,
            "suit": "\u2663"
          },
          {
            "value": 3,
            "suit": "\u2663"
          },
          {
            "value": 6,
            "suit": "\u2663"
          },
          {
            "value": 9,
            "suit": "\u2660"
          },
          {
            "value": 9,
            "suit": "\u2663"
          },
          {
            "value": 7,
            "suit": "\u2665"
          },
          {
            "value": 5,
            "suit": "\u2666"
          },
          {
            "value": 9,
            "suit": "\u2666"
          },
          {
            "value": 2,
            "suit": "\u2666"
          },
          {
            "value": 6,
            "suit": "\u2666"
          },
          {
            "value": 3,
            "suit": "\u2665"
          },
          {
            "value": 2,
            "suit": "\u2663"
          },
          {
            "value": 7,
            "suit": "\u2663"
          },
          {
            "value": 10,
            "suit": "\u2666"
          },
          {
            "value": 5,
            "suit": "\u2665"
          },
          {
            "value": 8,
            "suit": "\u2666"
          },
          {
            "value": 5,
            "suit": "\u2663"
          },
          {
            "value": 3,
            "suit": "\u2666"
          },
          {
            "value": 4,
            "suit": "\u2665"
          },
          {
            "value": 11,
            "suit": "\u2660"
          },
          {
            "value": 8,
            "suit": "\u2663"
          },
          {
            "value": 11,
            "suit": "\u2663"
          },
          {
            "value": 6,
            "suit": "\u2665"
          },
          {
            "value": 12,
            "suit": "\u2663"
          },
          {
            "value": 14,
            "suit": "\u2660"
          },
          {
            "value": 4,
            "suit": "\u2666"
          },
          {
            "value": 10,
            "suit": "\u2663"
          }
        ],
        "room": [
          {
            "value": 7,
            "suit": "\u2660"
          },
          {
            "value": 12,
            "suit": "\u2660"
          },
          {
            "value": 13,
            "suit": "\u2660"
          }
        ],
        "discard": [
          {
            "value": 10,
            "suit": "\u2665"
          },
          {
            "value": 8,
            "suit": "\u2660"
          },
          {
            "value": 8,
            "suit": "\u2665"
          },
          {
            "value": 2,
            "suit": "\u2665"
          }
        ],
        "equipped_weapon": {
          "value": 7,
          "suit": "\u2666"
        },
        "weapon_monsters": [
          {
            "value": 14,
            "suit": "\u2663"
          },
          {
            "value": 10,
            "suit": "\u2660"
          },
          {
            "value": 6,
            "suit": "\u2660"
          },
          {
            "value": 4,
            "suit": "\u2663"
          },
          {
            "value": 2,
            "suit": "\u2660"
          }
        ],
        "used_potion": true,
        "health": 19,
        "number_avoided": 2,
        "last_room_avoided": true,
        "exit": false,
        "score": -145,
        "can_avoid": false,
        "can_use_potion": false,
        "game_over": false
      },
      "mcts_stats": [
        {
          "action": 0,
          "visits": 33334,
          "avg_value": 0.19724770642198494,
          "total_value": 6575.055045870446,
          "ucb1": 0.22352608351469627
        },
        {
          "action": 1,
          "visits": 33332,
          "avg_value": 0.19724770642198494,
          "total_value": 6574.660550457602,
          "ucb1": 0.22352687188571851
        },
        {
          "action": 2,
          "visits": 33334,
          "avg_value": 0.19724770642198494,
          "total_value": 6575.055045870446,
          "ucb1": 0.22352608351469627
        }
      ],
      "selected_action": 2
    },
    {
      "turn": 13,
      "game_state": {
        "dungeon": [
          {
            "value": 4,
            "suit": "\u2660"
          },
          {
            "value": 5,
            "suit": "\u2660"
          },
          {
            "value": 3,
            "suit": "\u2660"
          },
          {
            "value": 9,
            "suit": "\u2665"
          },
          {
            "value": 13,
            "suit": "\u2663"
          },
          {
            "value": 3,
            "suit": "\u2663"
          },
          {
            "value": 6,
            "suit": "\u2663"
          },
          {
            "value": 9,
            "suit": "\u2660"
          },
          {
            "value": 9,
            "suit": "\u2663"
          },
          {
            "value": 7,
            "suit": "\u2665"
          },
          {
            "value": 5,
            "suit": "\u2666"
          },
          {
            "value": 9,
            "suit": "\u2666"
          },
          {
            "value": 2,
            "suit": "\u2666"
          },
          {
            "value": 6,
            "suit": "\u2666"
          },
          {
            "value": 3,
            "suit": "\u2665"
          },
          {
            "value": 2,
            "suit": "\u2663"
          },
          {
            "value": 7,
            "suit": "\u2663"
          },
          {
            "value": 10,
            "suit": "\u2666"
          },
          {
            "value": 5,
            "suit": "\u2665"
          },
          {
            "value": 8,
            "suit": "\u2666"
          },
          {
            "value": 5,
            "suit": "\u2663"
          },
          {
            "value": 3,
            "suit": "\u2666"
          },
          {
            "value": 4,
            "suit": "\u2665"
          },
          {
            "value": 11,
            "suit": "\u2660"
          },
          {
            "value": 8,
            "suit": "\u2663"
          },
          {
            "value": 11,
            "suit": "\u2663"
          },
          {
            "value": 6,
            "suit": "\u2665"
          },
          {
            "value": 12,
            "suit": "\u2663"
          },
          {
            "value": 14,
            "suit": "\u2660"
          },
          {
            "value": 4,
            "suit": "\u2666"
          },
          {
            "value": 10,
            "suit": "\u2663"
          }
        ],
        "room": [
          {
            "value": 7,
            "suit": "\u2660"
          },
          {
            "value": 12,
            "suit": "\u2660"
          }
        ],
        "discard": [
          {
            "value": 10,
            "suit": "\u2665"
          },
          {
            "value": 8,
            "suit": "\u2660"
          },
          {
            "value": 8,
            "suit": "\u2665"
          },
          {
            "value": 2,
            "suit": "\u2665"
          },
          {
            "value": 13,
            "suit": "\u2660"
          }
        ],
        "equipped_weapon": {
          "value": 7,
          "suit": "\u2666"
        },
        "weapon_monsters": [
          {
            "value": 14,
            "suit": "\u2663"
          },
          {
            "value": 10,
            "suit": "\u2660"
          },
          {
            "value": 6,
            "suit": "\u2660"
          },
          {
            "value": 4,
            "suit": "\u2663"
          },
          {
            "value": 2,
            "suit": "\u2660"
          }
        ],
        "used_potion": true,
        "health": 6,
        "number_avoided": 2,
        "last_room_avoided": true,
        "exit": false,
        "score": -145,
        "can_avoid": false,
        "can_use_potion": false,
        "game_over": false
      },
      "mcts_stats": [
        {
          "action": 0,
          "visits": 50000,
          "avg_value": 0.19724770642194878,
          "total_value": 9862.38532109744,
          "ucb1": 0.21870412603145475
        },
        {
          "action": 1,
          "visits": 50000,
          "avg_value": 0.19724770642194878,
          "total_value": 9862.38532109744,
          "ucb1": 0.21870412603145475
        }
      ],
      "selected_action": 1
    }
  ]
}