{
  "metadata": {
    "seed": 657257842,
    "num_simulations": 100000,
    "timestamp": "2025-12-20T11:52:15.108404",
    "final_score": -178,
    "num_turns": 8,
    "final_state": {
      "dungeon": [
        {
          "value": 2,
          "suit": "\u2665"
        },
        {
          "value": 7,
          "suit": "\u2666"
        },
        {
          "value": 2,
          "suit": "\u2660"
        },
        {
          "value": 10,
          "suit": "\u2660"
        },
        {
          "value": 3,
          "suit": "\u2660"
        },
        {
          "value": 7,
          "suit": "\u2660"
        },
        {
          "value": 9,
          "suit": "\u2665"
        },
        {
          "value": 8,
          "suit": "\u2665"
        },
        {
          "value": 5,
          "suit": "\u2666"
        },
        {
          "value": 6,
          "suit": "\u2663"
        },
        {
          "value": 5,
          "suit": "\u2665"
        },
        {
          "value": 12,
          "suit": "\u2663"
        },
        {
          "value": 11,
          "suit": "\u2663"
        },
        {
          "value": 6,
          "suit": "\u2665"
        },
        {
          "value": 8,
          "suit": "\u2666"
        },
        {
          "value": 4,
          "suit": "\u2663"
        },
        {
          "value": 6,
          "suit": "\u2666"
        },
        {
          "value": 7,
          "suit": "\u2663"
        },
        {
          "value": 3,
          "suit": "\u2663"
        },
        {
          "value": 10,
          "suit": "\u2666"
        },
        {
          "value": 9,
          "suit": "\u2666"
        },
        {
          "value": 4,
          "suit": "\u2666"
        },
        {
          "value": 8,
          "suit": "\u2663"
        },
        {
          "value": 7,
          "suit": "\u2665"
        },
        {
          "value": 10,
          "suit": "\u2665"
        },
        {
          "value": 14,
          "suit": "\u2660"
        },
        {
          "value": 5,
          "suit": "\u2660"
        },
        {
          "value": 3,
          "suit": "\u2665"
        },
        {
          "value": 10,
          "suit": "\u2663"
        },
        {
          "value": 8,
          "suit": "\u2660"
        },
        {
          "value": 2,
          "suit": "\u2663"
        },
        {
          "value": 12,
          "suit": "\u2660"
        },
        {
          "value": 14,
          "suit": "\u2663"
        },
        {
          "value": 4,
          "suit": "\u2660"
        }
      ],
      "room": [
        {
          "value": 9,
          "suit": "\u2663"
        },
        {
          "value": 4,
          "suit": "\u2665"
        },
        {
          "value": 9,
          "suit": "\u2660"
        },
        {
          "value": 13,
          "suit": "\u2663"
        }
      ],
      "discard": [
        {
          "value": 3,
          "suit": "\u2666"
        },
        {
          "value": 6,
          "suit": "\u2660"
        },
        {
          "value": 5,
          "suit": "\u2663"
        }
      ],
      "equipped_weapon": {
        "value": 2,
        "suit": "\u2666"
      },
      "weapon_monsters": [
        {
          "value": 13,
          "suit": "\u2660"
        },
        {
          "value": 11,
          "suit": "\u2660"
        }
      ],
      "used_potion": false,
      "health": -5,
      "number_avoided": 2,
      "last_room_avoided": false,
      "exit": false,
      "score": -178,
      "can_avoid": true,
      "can_use_potion": true,
      "game_over": true
    }
  },
  "events": [
    {
      "turn": 0,
      "game_state": {
        "dungeon": [
          {
            "value": 3,
            "suit": "\u2666"
          },
          {
            "value": 2,
            "suit": "\u2663"
          },
          {
            "value": 6,
            "suit": "\u2660"
          },
          {
            "value": 5,
            "suit": "\u2663"
          },
          {
            "value": 12,
            "suit": "\u2660"
          },
          {
            "value": 14,
            "suit": "\u2663"
          },
          {
            "value": 4,
            "suit": "\u2660"
          },
          {
            "value": 13,
            "suit": "\u2660"
          },
          {
            "value": 9,
            "suit": "\u2663"
          },
          {
            "value": 11,
            "suit": "\u2660"
          },
          {
            "value": 2,
            "suit": "\u2666"
          },
          {
            "value": 4,
            "suit": "\u2665"
          },
          {
            "value": 9,
            "suit": "\u2660"
          },
          {
            "value": 13,
            "suit": "\u2663"
          },
          {
            "value": 2,
            "suit": "\u2665"
          },
          {
            "value": 7,
            "suit": "\u2666"
          },
          {
            "value": 2,
            "suit": "\u2660"
          },
          {
            "value": 10,
            "suit": "\u2660"
          },
          {
            "value": 3,
            "suit": "\u2660"
          },
          {
            "value": 7,
            "suit": "\u2660"
          },
          {
            "value": 9,
            "suit": "\u2665"
          },
          {
            "value": 8,
            "suit": "\u2665"
          },
          {
            "value": 5,
            "suit": "\u2666"
          },
          {
            "value": 6,
            "suit": "\u2663"
          },
          {
            "value": 5,
            "suit": "\u2665"
          },
          {
            "value": 12,
            "suit": "\u2663"
          },
          {
            "value": 11,
            "suit": "\u2663"
          },
          {
            "value": 6,
            "suit": "\u2665"
          },
          {
            "value": 8,
            "suit": "\u2666"
          },
          {
            "value": 4,
            "suit": "\u2663"
          },
          {
            "value": 6,
            "suit": "\u2666"
          },
          {
            "value": 7,
            "suit": "\u2663"
          },
          {
            "value": 3,
            "suit": "\u2663"
          },
          {
            "value": 10,
            "suit": "\u2666"
          },
          {
            "value": 9,
            "suit": "\u2666"
          },
          {
            "value": 4,
            "suit": "\u2666"
          },
          {
            "value": 8,
            "suit": "\u2663"
          },
          {
            "value": 7,
            "suit": "\u2665"
          },
          {
            "value": 10,
            "suit": "\u2665"
          },
          {
            "value": 14,
            "suit": "\u2660"
          }
        ],
        "room": [
          {
            "value": 5,
            "suit": "\u2660"
          },
          {
            "value": 3,
            "suit": "\u2665"
          },
          {
            "value": 10,
            "suit": "\u2663"
          },
          {
            "value": 8,
            "suit": "\u2660"
          }
        ],
        "discard": [],
        "equipped_weapon": null,
        "weapon_monsters": [],
        "used_potion": false,
        "health": 20,
        "number_avoided": 0,
        "last_room_avoided": false,
        "exit": false,
        "score": -188,
        "can_avoid": true,
        "can_use_potion": true,
        "game_over": false
      },
      "mcts_stats": [
        {
          "action": 0,
          "visits": 21464,
          "avg_value": 0.0154431828673222,
          "total_value": 331.4724770642037,
          "ucb1": 0.04819134456852357
        },
        {
          "action": 1,
          "visits": 14054,
          "avg_value": 0.004853167925028273,
          "total_value": 68.20642201834735,
          "ucb1": 0.04532401377846649
        },
        {
          "action": 2,
          "visits": 20469,
          "avg_value": 0.014365200273762934,
          "total_value": 294.0412844036535,
          "ucb1": 0.04789986301410064
        },
        {
          "action": 3,
          "visits": 20932,
          "avg_value": 0.01487516589322797,
          "total_value": 311.36697247704785,
          "ucb1": 0.0480368740514131
        },
        {
          "action": 4,
          "visits": 23081,
          "avg_value": 0.01704428242142018,
          "total_value": 393.3990825687992,
          "ucb1": 0.04862448746629437
        }
      ],
      "selected_action": 4
    },
    {
      "turn": 1,
      "game_state": {
        "dungeon": [
          {
            "value": 12,
            "suit": "\u2660"
          },
          {
            "value": 14,
            "suit": "\u2663"
          },
          {
            "value": 4,
            "suit": "\u2660"
          },
          {
            "value": 13,
            "suit": "\u2660"
          },
          {
            "value": 9,
            "suit": "\u2663"
          },
          {
            "value": 11,
            "suit": "\u2660"
          },
          {
            "value": 2,
            "suit": "\u2666"
          },
          {
            "value": 4,
            "suit": "\u2665"
          },
          {
            "value": 9,
            "suit": "\u2660"
          },
          {
            "value": 13,
            "suit": "\u2663"
          },
          {
            "value": 2,
            "suit": "\u2665"
          },
          {
            "value": 7,
            "suit": "\u2666"
          },
          {
            "value": 2,
            "suit": "\u2660"
          },
          {
            "value": 10,
            "suit": "\u2660"
          },
          {
            "value": 3,
            "suit": "\u2660"
          },
          {
            "value": 7,
            "suit": "\u2660"
          },
          {
            "value": 9,
            "suit": "\u2665"
          },
          {
            "value": 8,
            "suit": "\u2665"
          },
          {
            "value": 5,
            "suit": "\u2666"
          },
          {
            "value": 6,
            "suit": "\u2663"
          },
          {
            "value": 5,
            "suit": "\u2665"
          },
          {
            "value": 12,
            "suit": "\u2663"
          },
          {
            "value": 11,
            "suit": "\u2663"
          },
          {
            "value": 6,
            "suit": "\u2665"
          },
          {
            "value": 8,
            "suit": "\u2666"
          },
          {
            "value": 4,
            "suit": "\u2663"
          },
          {
            "value": 6,
            "suit": "\u2666"
          },
          {
            "value": 7,
            "suit": "\u2663"
          },
          {
            "value": 3,
            "suit": "\u2663"
          },
          {
            "value": 10,
            "suit": "\u2666"
          },
          {
            "value": 9,
            "suit": "\u2666"
          },
          {
            "value": 4,
            "suit": "\u2666"
          },
          {
            "value": 8,
            "suit": "\u2663"
          },
          {
            "value": 7,
            "suit": "\u2665"
          },
          {
            "value": 10,
            "suit": "\u2665"
          },
          {
            "value": 14,
            "suit": "\u2660"
          },
          {
            "value": 5,
            "suit": "\u2660"
          },
          {
            "value": 3,
            "suit": "\u2665"
          },
          {
            "value": 10,
            "suit": "\u2663"
          },
          {
            "value": 8,
            "suit": "\u2660"
          }
        ],
        "room": [
          {
            "value": 3,
            "suit": "\u2666"
          },
          {
            "value": 2,
            "suit": "\u2663"
          },
          {
            "value": 6,
            "suit": "\u2660"
          },
          {
            "value": 5,
            "suit": "\u2663"
          }
        ],
        "discard": [],
        "equipped_weapon": null,
        "weapon_monsters": [],
        "used_potion": false,
        "health": 20,
        "number_avoided": 1,
        "last_room_avoided": true,
        "exit": false,
        "score": -188,
        "can_avoid": false,
        "can_use_potion": true,
        "game_over": false
      },
      "mcts_stats": [
        {
          "action": 0,
          "visits": 40932,
          "avg_value": 0.08171967021607376,
          "total_value": 3344.949541284331,
          "ucb1": 0.10543399553071209
        },
        {
          "action": 1,
          "visits": 24736,
          "avg_value": 0.07242295150551746,
          "total_value": 1791.4541284404797,
          "ucb1": 0.10292840740615393
        },
        {
          "action": 2,
          "visits": 16571,
          "avg_value": 0.06315194168656625,
          "total_value": 1046.4908256880894,
          "ucb1": 0.10042267153316987
        },
        {
          "action": 3,
          "visits": 17761,
          "avg_value": 0.0648785169444042,
          "total_value": 1152.3073394495632,
          "ucb1": 0.10087901829137494
        }
      ],
      "selected_action": 0
    },
    {
      "turn": 2,
      "game_state": {
        "dungeon": [
          {
            "value": 12,
            "suit": "\u2660"
          },
          {
            "value": 14,
            "suit": "\u2663"
          },
          {
            "value": 4,
            "suit": "\u2660"
          },
          {
            "value": 13,
            "suit": "\u2660"
          },
          {
            "value": 9,
            "suit": "\u2663"
          },
          {
            "value": 11,
            "suit": "\u2660"
          },
          {
            "value": 2,
            "suit": "\u2666"
          },
          {
            "value": 4,
            "suit": "\u2665"
          },
          {
            "value": 9,
            "suit": "\u2660"
          },
          {
            "value": 13,
            "suit": "\u2663"
          },
          {
            "value": 2,
            "suit": "\u2665"
          },
          {
            "value": 7,
            "suit": "\u2666"
          },
          {
            "value": 2,
            "suit": "\u2660"
          },
          {
            "value": 10,
            "suit": "\u2660"
          },
          {
            "value": 3,
            "suit": "\u2660"
          },
          {
            "value": 7,
            "suit": "\u2660"
          },
          {
            "value": 9,
            "suit": "\u2665"
          },
          {
            "value": 8,
            "suit": "\u2665"
          },
          {
            "value": 5,
            "suit": "\u2666"
          },
          {
            "value": 6,
            "suit": "\u2663"
          },
          {
            "value": 5,
            "suit": "\u2665"
          },
          {
            "value": 12,
            "suit": "\u2663"
          },
          {
            "value": 11,
            "suit": "\u2663"
          },
          {
            "value": 6,
            "suit": "\u2665"
          },
          {
            "value": 8,
            "suit": "\u2666"
          },
          {
            "value": 4,
            "suit": "\u2663"
          },
          {
            "value": 6,
            "suit": "\u2666"
          },
          {
            "value": 7,
            "suit": "\u2663"
          },
          {
            "value": 3,
            "suit": "\u2663"
          },
          {
            "value": 10,
            "suit": "\u2666"
          },
          {
            "value": 9,
            "suit": "\u2666"
          },
          {
            "value": 4,
            "suit": "\u2666"
          },
          {
            "value": 8,
            "suit": "\u2663"
          },
          {
            "value": 7,
            "suit": "\u2665"
          },
          {
            "value": 10,
            "suit": "\u2665"
          },
          {
            "value": 14,
            "suit": "\u2660"
          },
          {
            "value": 5,
            "suit": "\u2660"
          },
          {
            "value": 3,
            "suit": "\u2665"
          },
          {
            "value": 10,
            "suit": "\u2663"
          },
          {
            "value": 8,
            "suit": "\u2660"
          }
        ],
        "room": [
          {
            "value": 2,
            "suit": "\u2663"
          },
          {
            "value": 6,
            "suit": "\u2660"
          },
          {
            "value": 5,
            "suit": "\u2663"
          }
        ],
        "discard": [],
        "equipped_weapon": {
          "value": 3,
          "suit": "\u2666"
        },
        "weapon_monsters": [],
        "used_potion": false,
        "health": 20,
        "number_avoided": 1,
        "last_room_avoided": true,
        "exit": false,
        "score": -188,
        "can_avoid": false,
        "can_use_potion": true,
        "game_over": false
      },
      "mcts_stats": [
        {
          "action": 0,
          "visits": 14030,
          "avg_value": 0.06357052711424153,
          "total_value": 891.8944954128087,
          "ucb1": 0.10407597329818327
        },
        {
          "action": 1,
          "visits": 58694,
          "avg_value": 0.09195757314486942,
          "total_value": 5397.357798164966,
          "ucb1": 0.11176123043620441
        },
        {
          "action": 2,
          "visits": 27276,
          "avg_value": 0.07927643484005292,
          "total_value": 2162.3440366972836,
          "ucb1": 0.1083268213580845
        }
      ],
      "selected_action": 1
    },
    {
      "turn": 3,
      "game_state": {
        "dungeon": [
          {
            "value": 12,
            "suit": "\u2660"
          },
          {
            "value": 14,
            "suit": "\u2663"
          },
          {
            "value": 4,
            "suit": "\u2660"
          },
          {
            "value": 13,
            "suit": "\u2660"
          },
          {
            "value": 9,
            "suit": "\u2663"
          },
          {
            "value": 11,
            "suit": "\u2660"
          },
          {
            "value": 2,
            "suit": "\u2666"
          },
          {
            "value": 4,
            "suit": "\u2665"
          },
          {
            "value": 9,
            "suit": "\u2660"
          },
          {
            "value": 13,
            "suit": "\u2663"
          },
          {
            "value": 2,
            "suit": "\u2665"
          },
          {
            "value": 7,
            "suit": "\u2666"
          },
          {
            "value": 2,
            "suit": "\u2660"
          },
          {
            "value": 10,
            "suit": "\u2660"
          },
          {
            "value": 3,
            "suit": "\u2660"
          },
          {
            "value": 7,
            "suit": "\u2660"
          },
          {
            "value": 9,
            "suit": "\u2665"
          },
          {
            "value": 8,
            "suit": "\u2665"
          },
          {
            "value": 5,
            "suit": "\u2666"
          },
          {
            "value": 6,
            "suit": "\u2663"
          },
          {
            "value": 5,
            "suit": "\u2665"
          },
          {
            "value": 12,
            "suit": "\u2663"
          },
          {
            "value": 11,
            "suit": "\u2663"
          },
          {
            "value": 6,
            "suit": "\u2665"
          },
          {
            "value": 8,
            "suit": "\u2666"
          },
          {
            "value": 4,
            "suit": "\u2663"
          },
          {
            "value": 6,
            "suit": "\u2666"
          },
          {
            "value": 7,
            "suit": "\u2663"
          },
          {
            "value": 3,
            "suit": "\u2663"
          },
          {
            "value": 10,
            "suit": "\u2666"
          },
          {
            "value": 9,
            "suit": "\u2666"
          },
          {
            "value": 4,
            "suit": "\u2666"
          },
          {
            "value": 8,
            "suit": "\u2663"
          },
          {
            "value": 7,
            "suit": "\u2665"
          },
          {
            "value": 10,
            "suit": "\u2665"
          },
          {
            "value": 14,
            "suit": "\u2660"
          },
          {
            "value": 5,
            "suit": "\u2660"
          },
          {
            "value": 3,
            "suit": "\u2665"
          },
          {
            "value": 10,
            "suit": "\u2663"
          },
          {
            "value": 8,
            "suit": "\u2660"
          }
        ],
        "room": [
          {
            "value": 2,
            "suit": "\u2663"
          },
          {
            "value": 5,
            "suit": "\u2663"
          }
        ],
        "discard": [],
        "equipped_weapon": {
          "value": 3,
          "suit": "\u2666"
        },
        "weapon_monsters": [
          {
            "value": 6,
            "suit": "\u2660"
          }
        ],
        "used_potion": false,
        "health": 17,
        "number_avoided": 1,
        "last_room_avoided": true,
        "exit": false,
        "score": -185,
        "can_avoid": false,
        "can_use_potion": true,
        "game_over": false
      },
      "mcts_stats": [
        {
          "action": 0,
          "visits": 26553,
          "avg_value": 0.08144970229179874,
          "total_value": 2162.733944954132,
          "ucb1": 0.11089293274706995
        },
        {
          "action": 1,
          "visits": 73447,
          "avg_value": 0.09755770965345241,
          "total_value": 7165.321100917119,
          "ucb1": 0.11526105026645506
        }
      ],
      "selected_action": 1
    },
    {
      "turn": 4,
      "game_state": {
        "dungeon": [
          {
            "value": 13,
            "suit": "\u2660"
          },
          {
            "value": 9,
            "suit": "\u2663"
          },
          {
            "value": 11,
            "suit": "\u2660"
          },
          {
            "value": 2,
            "suit": "\u2666"
          },
          {
            "value": 4,
            "suit": "\u2665"
          },
          {
            "value": 9,
            "suit": "\u2660"
          },
          {
            "value": 13,
            "suit": "\u2663"
          },
          {
            "value": 2,
            "suit": "\u2665"
          },
          {
            "value": 7,
            "suit": "\u2666"
          },
          {
            "value": 2,
            "suit": "\u2660"
          },
          {
            "value": 10,
            "suit": "\u2660"
          },
          {
            "value": 3,
            "suit": "\u2660"
          },
          {
            "value": 7,
            "suit": "\u2660"
          },
          {
            "value": 9,
            "suit": "\u2665"
          },
          {
            "value": 8,
            "suit": "\u2665"
          },
          {
            "value": 5,
            "suit": "\u2666"
          },
          {
            "value": 6,
            "suit": "\u2663"
          },
          {
            "value": 5,
            "suit": "\u2665"
          },
          {
            "value": 12,
            "suit": "\u2663"
          },
          {
            "value": 11,
            "suit": "\u2663"
          },
          {
            "value": 6,
            "suit": "\u2665"
          },
          {
            "value": 8,
            "suit": "\u2666"
          },
          {
            "value": 4,
            "suit": "\u2663"
          },
          {
            "value": 6,
            "suit": "\u2666"
          },
          {
            "value": 7,
            "suit": "\u2663"
          },
          {
            "value": 3,
            "suit": "\u2663"
          },
          {
            "value": 10,
            "suit": "\u2666"
          },
          {
            "value": 9,
            "suit": "\u2666"
          },
          {
            "value": 4,
            "suit": "\u2666"
          },
          {
            "value": 8,
            "suit": "\u2663"
          },
          {
            "value": 7,
            "suit": "\u2665"
          },
          {
            "value": 10,
            "suit": "\u2665"
          },
          {
            "value": 14,
            "suit": "\u2660"
          },
          {
            "value": 5,
            "suit": "\u2660"
          },
          {
            "value": 3,
            "suit": "\u2665"
          },
          {
            "value": 10,
            "suit": "\u2663"
          },
          {
            "value": 8,
            "suit": "\u2660"
          }
        ],
        "room": [
          {
            "value": 2,
            "suit": "\u2663"
          },
          {
            "value": 12,
            "suit": "\u2660"
          },
          {
            "value": 14,
            "suit": "\u2663"
          },
          {
            "value": 4,
            "suit": "\u2660"
          }
        ],
        "discard": [],
        "equipped_weapon": {
          "value": 3,
          "suit": "\u2666"
        },
        "weapon_monsters": [
          {
            "value": 6,
            "suit": "\u2660"
          },
          {
            "value": 5,
            "suit": "\u2663"
          }
        ],
        "used_potion": false,
        "health": 15,
        "number_avoided": 1,
        "last_room_avoided": false,
        "exit": false,
        "score": -182,
        "can_avoid": true,
        "can_use_potion": true,
        "game_over": false
      },
      "mcts_stats": [
        {
          "action": 0,
          "visits": 4389,
          "avg_value": 0.03669724770642264,
          "total_value": 161.06422018348897,
          "ucb1": 0.10911740530091005
        },
        {
          "action": 1,
          "visits": 5131,
          "avg_value": 0.044156851946881834,
          "total_value": 226.56880733945067,
          "ucb1": 0.11113625130377962
        },
        {
          "action": 2,
          "visits": 4295,
          "avg_value": 0.035605728871847916,
          "total_value": 152.9266055045868,
          "ucb1": 0.10881408784634715
        },
        {
          "action": 3,
          "visits": 6729,
          "avg_value": 0.055793014216161944,
          "total_value": 375.43119266055373,
          "ucb1": 0.11428104396973873
        },
        {
          "action": 4,
          "visits": 79456,
          "avg_value": 0.1126542946162351,
          "total_value": 8951.059633027577,
          "ucb1": 0.12967505301026352
        }
      ],
      "selected_action": 4
    },
    {
      "turn": 5,
      "game_state": {
        "dungeon": [
          {
            "value": 4,
            "suit": "\u2665"
          },
          {
            "value": 9,
            "suit": "\u2660"
          },
          {
            "value": 13,
            "suit": "\u2663"
          },
          {
            "value": 2,
            "suit": "\u2665"
          },
          {
            "value": 7,
            "suit": "\u2666"
          },
          {
            "value": 2,
            "suit": "\u2660"
          },
          {
            "value": 10,
            "suit": "\u2660"
          },
          {
            "value": 3,
            "suit": "\u2660"
          },
          {
            "value": 7,
            "suit": "\u2660"
          },
          {
            "value": 9,
            "suit": "\u2665"
          },
          {
            "value": 8,
            "suit": "\u2665"
          },
          {
            "value": 5,
            "suit": "\u2666"
          },
          {
            "value": 6,
            "suit": "\u2663"
          },
          {
            "value": 5,
            "suit": "\u2665"
          },
          {
            "value": 12,
            "suit": "\u2663"
          },
          {
            "value": 11,
            "suit": "\u2663"
          },
          {
            "value": 6,
            "suit": "\u2665"
          },
          {
            "value": 8,
            "suit": "\u2666"
          },
          {
            "value": 4,
            "suit": "\u2663"
          },
          {
            "value": 6,
            "suit": "\u2666"
          },
          {
            "value": 7,
            "suit": "\u2663"
          },
          {
            "value": 3,
            "suit": "\u2663"
          },
          {
            "value": 10,
            "suit": "\u2666"
          },
          {
            "value": 9,
            "suit": "\u2666"
          },
          {
            "value": 4,
            "suit": "\u2666"
          },
          {
            "value": 8,
            "suit": "\u2663"
          },
          {
            "value": 7,
            "suit": "\u2665"
          },
          {
            "value": 10,
            "suit": "\u2665"
          },
          {
            "value": 14,
            "suit": "\u2660"
          },
          {
            "value": 5,
            "suit": "\u2660"
          },
          {
            "value": 3,
            "suit": "\u2665"
          },
          {
            "value": 10,
            "suit": "\u2663"
          },
          {
            "value": 8,
            "suit": "\u2660"
          },
          {
            "value": 2,
            "suit": "\u2663"
          },
          {
            "value": 12,
            "suit": "\u2660"
          },
          {
            "value": 14,
            "suit": "\u2663"
          },
          {
            "value": 4,
            "suit": "\u2660"
          }
        ],
        "room": [
          {
            "value": 13,
            "suit": "\u2660"
          },
          {
            "value": 9,
            "suit": "\u2663"
          },
          {
            "value": 11,
            "suit": "\u2660"
          },
          {
            "value": 2,
            "suit": "\u2666"
          }
        ],
        "discard": [],
        "equipped_weapon": {
          "value": 3,
          "suit": "\u2666"
        },
        "weapon_monsters": [
          {
            "value": 6,
            "suit": "\u2660"
          },
          {
            "value": 5,
            "suit": "\u2663"
          }
        ],
        "used_potion": false,
        "health": 15,
        "number_avoided": 2,
        "last_room_avoided": true,
        "exit": false,
        "score": -182,
        "can_avoid": false,
        "can_use_potion": true,
        "game_over": false
      },
      "mcts_stats": [
        {
          "action": 0,
          "visits": 21149,
          "avg_value": 0.03112689736127159,
          "total_value": 658.3027522935329,
          "ucb1": 0.06411803847345854
        },
        {
          "action": 1,
          "visits": 21148,
          "avg_value": 0.031126633962825157,
          "total_value": 658.2660550458264,
          "ucb1": 0.06411855507196496
        },
        {
          "action": 2,
          "visits": 21148,
          "avg_value": 0.031126200148188947,
          "total_value": 658.2568807338998,
          "ucb1": 0.06411812125732874
        },
        {
          "action": 3,
          "visits": 36555,
          "avg_value": 0.04195462662144787,
          "total_value": 1533.651376147027,
          "ucb1": 0.0670485670031014
        }
      ],
      "selected_action": 3
    },
    {
      "turn": 6,
      "game_state": {
        "dungeon": [
          {
            "value": 4,
            "suit": "\u2665"
          },
          {
            "value": 9,
            "suit": "\u2660"
          },
          {
            "value": 13,
            "suit": "\u2663"
          },
          {
            "value": 2,
            "suit": "\u2665"
          },
          {
            "value": 7,
            "suit": "\u2666"
          },
          {
            "value": 2,
            "suit": "\u2660"
          },
          {
            "value": 10,
            "suit": "\u2660"
          },
          {
            "value": 3,
            "suit": "\u2660"
          },
          {
            "value": 7,
            "suit": "\u2660"
          },
          {
            "value": 9,
            "suit": "\u2665"
          },
          {
            "value": 8,
            "suit": "\u2665"
          },
          {
            "value": 5,
            "suit": "\u2666"
          },
          {
            "value": 6,
            "suit": "\u2663"
          },
          {
            "value": 5,
            "suit": "\u2665"
          },
          {
            "value": 12,
            "suit": "\u2663"
          },
          {
            "value": 11,
            "suit": "\u2663"
          },
          {
            "value": 6,
            "suit": "\u2665"
          },
          {
            "value": 8,
            "suit": "\u2666"
          },
          {
            "value": 4,
            "suit": "\u2663"
          },
          {
            "value": 6,
            "suit": "\u2666"
          },
          {
            "value": 7,
            "suit": "\u2663"
          },
          {
            "value": 3,
            "suit": "\u2663"
          },
          {
            "value": 10,
            "suit": "\u2666"
          },
          {
            "value": 9,
            "suit": "\u2666"
          },
          {
            "value": 4,
            "suit": "\u2666"
          },
          {
            "value": 8,
            "suit": "\u2663"
          },
          {
            "value": 7,
            "suit": "\u2665"
          },
          {
            "value": 10,
            "suit": "\u2665"
          },
          {
            "value": 14,
            "suit": "\u2660"
          },
          {
            "value": 5,
            "suit": "\u2660"
          },
          {
            "value": 3,
            "suit": "\u2665"
          },
          {
            "value": 10,
            "suit": "\u2663"
          },
          {
            "value": 8,
            "suit": "\u2660"
          },
          {
            "value": 2,
            "suit": "\u2663"
          },
          {
            "value": 12,
            "suit": "\u2660"
          },
          {
            "value": 14,
            "suit": "\u2663"
          },
          {
            "value": 4,
            "suit": "\u2660"
          }
        ],
        "room": [
          {
            "value": 13,
            "suit": "\u2660"
          },
          {
            "value": 9,
            "suit": "\u2663"
          },
          {
            "value": 11,
            "suit": "\u2660"
          }
        ],
        "discard": [
          {
            "value": 3,
            "suit": "\u2666"
          },
          {
            "value": 6,
            "suit": "\u2660"
          },
          {
            "value": 5,
            "suit": "\u2663"
          }
        ],
        "equipped_weapon": {
          "value": 2,
          "suit": "\u2666"
        },
        "weapon_monsters": [],
        "used_potion": false,
        "health": 15,
        "number_avoided": 2,
        "last_room_avoided": true,
        "exit": false,
        "score": -182,
        "can_avoid": false,
        "can_use_potion": true,
        "game_over": false
      },
      "mcts_stats": [
        {
          "action": 0,
          "visits": 41496,
          "avg_value": 0.045871559633036386,
          "total_value": 1903.486238532478,
          "ucb1": 0.06942417493084321
        },
        {
          "action": 1,
          "visits": 25166,
          "avg_value": 0.03669724770641441,
          "total_value": 923.5229357796251,
          "ucb1": 0.06694096430711342
        },
        {
          "action": 2,
          "visits": 33338,
          "avg_value": 0.04213666967359029,
          "total_value": 1404.752293578153,
          "ucb1": 0.06841347023709285
        }
      ],
      "selected_action": 0
    },
    {
      "turn": 7,
      "game_state": {
        "dungeon": [
          {
            "value": 4,
            "suit": "\u2665"
          },
          {
            "value": 9,
            "suit": "\u2660"
          },
          {
            "value": 13,
            "suit": "\u2663"
          },
          {
            "value": 2,
            "suit": "\u2665"
          },
          {
            "value": 7,
            "suit": "\u2666"
          },
          {
            "value": 2,
            "suit": "\u2660"
          },
          {
            "value": 10,
            "suit": "\u2660"
          },
          {
            "value": 3,
            "suit": "\u2660"
          },
          {
            "value": 7,
            "suit": "\u2660"
          },
          {
            "value": 9,
            "suit": "\u2665"
          },
          {
            "value": 8,
            "suit": "\u2665"
          },
          {
            "value": 5,
            "suit": "\u2666"
          },
          {
            "value": 6,
            "suit": "\u2663"
          },
          {
            "value": 5,
            "suit": "\u2665"
          },
          {
            "value": 12,
            "suit": "\u2663"
          },
          {
            "value": 11,
            "suit": "\u2663"
          },
          {
            "value": 6,
            "suit": "\u2665"
          },
          {
            "value": 8,
            "suit": "\u2666"
          },
          {
            "value": 4,
            "suit": "\u2663"
          },
          {
            "value": 6,
            "suit": "\u2666"
          },
          {
            "value": 7,
            "suit": "\u2663"
          },
          {
            "value": 3,
            "suit": "\u2663"
          },
          {
            "value": 10,
            "suit": "\u2666"
          },
          {
            "value": 9,
            "suit": "\u2666"
          },
          {
            "value": 4,
            "suit": "\u2666"
          },
          {
            "value": 8,
            "suit": "\u2663"
          },
          {
            "value": 7,
            "suit": "\u2665"
          },
          {
            "value": 10,
            "suit": "\u2665"
          },
          {
            "value": 14,
            "suit": "\u2660"
          },
          {
            "value": 5,
            "suit": "\u2660"
          },
          {
            "value": 3,
            "suit": "\u2665"
          },
          {
            "value": 10,
            "suit": "\u2663"
          },
          {
            "value": 8,
            "suit": "\u2660"
          },
          {
            "value": 2,
            "suit": "\u2663"
          },
          {
            "value": 12,
            "suit": "\u2660"
          },
          {
            "value": 14,
            "suit": "\u2663"
          },
          {
            "value": 4,
            "suit": "\u2660"
          }
        ],
        "room": [
          {
            "value": 9,
            "suit": "\u2663"
          },
          {
            "value": 11,
            "suit": "\u2660"
          }
        ],
        "discard": [
          {
            "value": 3,
            "suit": "\u2666"
          },
          {
            "value": 6,
            "suit": "\u2660"
          },
          {
            "value": 5,
            "suit": "\u2663"
          }
        ],
        "equipped_weapon": {
          "value": 2,
          "suit": "\u2666"
        },
        "weapon_monsters": [
          {
            "value": 13,
            "suit": "\u2660"
          }
        ],
        "used_potion": false,
        "health": 4,
        "number_avoided": 2,
        "last_room_avoided": true,
        "exit": false,
        "score": -180,
        "can_avoid": false,
        "can_use_potion": true,
        "game_over": false
      },
      "mcts_stats": [
        {
          "action": 0,
          "visits": 50000,
          "avg_value": 0.04587155963303736,
          "total_value": 2293.577981651868,
          "ucb1": 0.06732797924254333
        },
        {
          "action": 1,
          "visits": 50000,
          "avg_value": 0.04587155963303736,
          "total_value": 2293.577981651868,
          "ucb1": 0.06732797924254333
        }
      ],
      "selected_action": 1
    }
  ]
}