{
  "metadata": {
    "seed": 657257817,
    "num_simulations": 100000,
    "timestamp": "2025-12-20T06:01:34.532508",
    "final_score": -178,
    "num_turns": 6,
    "final_state": {
      "dungeon": [
        {
          "value": 10,
          "suit": "\u2666"
        },
        {
          "value": 13,
          "suit": "\u2663"
        },
        {
          "value": 12,
          "suit": "\u2660"
        },
        {
          "value": 8,
          "suit": "\u2666"
        },
        {
          "value": 11,
          "suit": "\u2663"
        },
        {
          "value": 5,
          "suit": "\u2663"
        },
        {
          "value": 7,
          "suit": "\u2663"
        },
        {
          "value": 9,
          "suit": "\u2663"
        },
        {
          "value": 14,
          "suit": "\u2660"
        },
        {
          "value": 9,
          "suit": "\u2666"
        },
        {
          "value": 12,
          "suit": "\u2663"
        },
        {
          "value": 3,
          "suit": "\u2666"
        },
        {
          "value": 7,
          "suit": "\u2665"
        },
        {
          "value": 10,
          "suit": "\u2660"
        },
        {
          "value": 4,
          "suit": "\u2660"
        },
        {
          "value": 3,
          "suit": "\u2665"
        },
        {
          "value": 4,
          "suit": "\u2663"
        },
        {
          "value": 2,
          "suit": "\u2666"
        },
        {
          "value": 7,
          "suit": "\u2666"
        },
        {
          "value": 2,
          "suit": "\u2665"
        },
        {
          "value": 4,
          "suit": "\u2665"
        },
        {
          "value": 5,
          "suit": "\u2660"
        },
        {
          "value": 8,
          "suit": "\u2665"
        },
        {
          "value": 10,
          "suit": "\u2663"
        },
        {
          "value": 3,
          "suit": "\u2663"
        },
        {
          "value": 5,
          "suit": "\u2665"
        },
        {
          "value": 11,
          "suit": "\u2660"
        },
        {
          "value": 4,
          "suit": "\u2666"
        },
        {
          "value": 8,
          "suit": "\u2660"
        },
        {
          "value": 5,
          "suit": "\u2666"
        },
        {
          "value": 6,
          "suit": "\u2665"
        },
        {
          "value": 6,
          "suit": "\u2666"
        },
        {
          "value": 9,
          "suit": "\u2665"
        },
        {
          "value": 8,
          "suit": "\u2663"
        },
        {
          "value": 3,
          "suit": "\u2660"
        },
        {
          "value": 6,
          "suit": "\u2660"
        },
        {
          "value": 7,
          "suit": "\u2660"
        }
      ],
      "room": [
        {
          "value": 13,
          "suit": "\u2660"
        },
        {
          "value": 2,
          "suit": "\u2663"
        }
      ],
      "discard": [
        {
          "value": 2,
          "suit": "\u2660"
        },
        {
          "value": 9,
          "suit": "\u2660"
        },
        {
          "value": 6,
          "suit": "\u2663"
        },
        {
          "value": 10,
          "suit": "\u2665"
        },
        {
          "value": 14,
          "suit": "\u2663"
        }
      ],
      "equipped_weapon": null,
      "weapon_monsters": [],
      "used_potion": true,
      "health": -1,
      "number_avoided": 1,
      "last_room_avoided": false,
      "exit": false,
      "score": -178,
      "can_avoid": false,
      "can_use_potion": false,
      "game_over": true
    }
  },
  "events": [
    {
      "turn": 0,
      "game_state": {
        "dungeon": [
          {
            "value": 9,
            "suit": "\u2660"
          },
          {
            "value": 6,
            "suit": "\u2663"
          },
          {
            "value": 13,
            "suit": "\u2660"
          },
          {
            "value": 2,
            "suit": "\u2660"
          },
          {
            "value": 2,
            "suit": "\u2663"
          },
          {
            "value": 10,
            "suit": "\u2665"
          },
          {
            "value": 14,
            "suit": "\u2663"
          },
          {
            "value": 10,
            "suit": "\u2666"
          },
          {
            "value": 13,
            "suit": "\u2663"
          },
          {
            "value": 12,
            "suit": "\u2660"
          },
          {
            "value": 8,
            "suit": "\u2666"
          },
          {
            "value": 11,
            "suit": "\u2663"
          },
          {
            "value": 5,
            "suit": "\u2663"
          },
          {
            "value": 7,
            "suit": "\u2663"
          },
          {
            "value": 9,
            "suit": "\u2663"
          },
          {
            "value": 14,
            "suit": "\u2660"
          },
          {
            "value": 9,
            "suit": "\u2666"
          },
          {
            "value": 12,
            "suit": "\u2663"
          },
          {
            "value": 3,
            "suit": "\u2666"
          },
          {
            "value": 7,
            "suit": "\u2665"
          },
          {
            "value": 10,
            "suit": "\u2660"
          },
          {
            "value": 4,
            "suit": "\u2660"
          },
          {
            "value": 3,
            "suit": "\u2665"
          },
          {
            "value": 4,
            "suit": "\u2663"
          },
          {
            "value": 2,
            "suit": "\u2666"
          },
          {
            "value": 7,
            "suit": "\u2666"
          },
          {
            "value": 2,
            "suit": "\u2665"
          },
          {
            "value": 4,
            "suit": "\u2665"
          },
          {
            "value": 5,
            "suit": "\u2660"
          },
          {
            "value": 8,
            "suit": "\u2665"
          },
          {
            "value": 10,
            "suit": "\u2663"
          },
          {
            "value": 3,
            "suit": "\u2663"
          },
          {
            "value": 5,
            "suit": "\u2665"
          },
          {
            "value": 11,
            "suit": "\u2660"
          },
          {
            "value": 4,
            "suit": "\u2666"
          },
          {
            "value": 8,
            "suit": "\u2660"
          },
          {
            "value": 5,
            "suit": "\u2666"
          },
          {
            "value": 6,
            "suit": "\u2665"
          },
          {
            "value": 6,
            "suit": "\u2666"
          },
          {
            "value": 9,
            "suit": "\u2665"
          }
        ],
        "room": [
          {
            "value": 8,
            "suit": "\u2663"
          },
          {
            "value": 3,
            "suit": "\u2660"
          },
          {
            "value": 6,
            "suit": "\u2660"
          },
          {
            "value": 7,
            "suit": "\u2660"
          }
        ],
        "discard": [],
        "equipped_weapon": null,
        "weapon_monsters": [],
        "used_potion": false,
        "health": 20,
        "number_avoided": 0,
        "last_room_avoided": false,
        "exit": false,
        "score": -188,
        "can_avoid": true,
        "can_use_potion": true,
        "game_over": false
      },
      "mcts_stats": [
        {
          "action": 0,
          "visits": 19063,
          "avg_value": 0.0036501373764538567,
          "total_value": 69.58256880733987,
          "ucb1": 0.03839948311064717
        },
        {
          "action": 1,
          "visits": 20928,
          "avg_value": 0.0058214007659288325,
          "total_value": 121.8302752293586,
          "ucb1": 0.03898627789618467
        },
        {
          "action": 2,
          "visits": 19880,
          "avg_value": 0.0046397651966847255,
          "total_value": 92.23853211009234,
          "ucb1": 0.03866758042782184
        },
        {
          "action": 3,
          "visits": 19078,
          "avg_value": 0.003669869035951898,
          "total_value": 70.0137614678903,
          "ucb1": 0.03840555131794752
        },
        {
          "action": 4,
          "visits": 21051,
          "avg_value": 0.005954085294821385,
          "total_value": 125.33944954128498,
          "ucb1": 0.03902193007223837
        }
      ],
      "selected_action": 4
    },
    {
      "turn": 1,
      "game_state": {
        "dungeon": [
          {
            "value": 2,
            "suit": "\u2663"
          },
          {
            "value": 10,
            "suit": "\u2665"
          },
          {
            "value": 14,
            "suit": "\u2663"
          },
          {
            "value": 10,
            "suit": "\u2666"
          },
          {
            "value": 13,
            "suit": "\u2663"
          },
          {
            "value": 12,
            "suit": "\u2660"
          },
          {
            "value": 8,
            "suit": "\u2666"
          },
          {
            "value": 11,
            "suit": "\u2663"
          },
          {
            "value": 5,
            "suit": "\u2663"
          },
          {
            "value": 7,
            "suit": "\u2663"
          },
          {
            "value": 9,
            "suit": "\u2663"
          },
          {
            "value": 14,
            "suit": "\u2660"
          },
          {
            "value": 9,
            "suit": "\u2666"
          },
          {
            "value": 12,
            "suit": "\u2663"
          },
          {
            "value": 3,
            "suit": "\u2666"
          },
          {
            "value": 7,
            "suit": "\u2665"
          },
          {
            "value": 10,
            "suit": "\u2660"
          },
          {
            "value": 4,
            "suit": "\u2660"
          },
          {
            "value": 3,
            "suit": "\u2665"
          },
          {
            "value": 4,
            "suit": "\u2663"
          },
          {
            "value": 2,
            "suit": "\u2666"
          },
          {
            "value": 7,
            "suit": "\u2666"
          },
          {
            "value": 2,
            "suit": "\u2665"
          },
          {
            "value": 4,
            "suit": "\u2665"
          },
          {
            "value": 5,
            "suit": "\u2660"
          },
          {
            "value": 8,
            "suit": "\u2665"
          },
          {
            "value": 10,
            "suit": "\u2663"
          },
          {
            "value": 3,
            "suit": "\u2663"
          },
          {
            "value": 5,
            "suit": "\u2665"
          },
          {
            "value": 11,
            "suit": "\u2660"
          },
          {
            "value": 4,
            "suit": "\u2666"
          },
          {
            "value": 8,
            "suit": "\u2660"
          },
          {
            "value": 5,
            "suit": "\u2666"
          },
          {
            "value": 6,
            "suit": "\u2665"
          },
          {
            "value": 6,
            "suit": "\u2666"
          },
          {
            "value": 9,
            "suit": "\u2665"
          },
          {
            "value": 8,
            "suit": "\u2663"
          },
          {
            "value": 3,
            "suit": "\u2660"
          },
          {
            "value": 6,
            "suit": "\u2660"
          },
          {
            "value": 7,
            "suit": "\u2660"
          }
        ],
        "room": [
          {
            "value": 9,
            "suit": "\u2660"
          },
          {
            "value": 6,
            "suit": "\u2663"
          },
          {
            "value": 13,
            "suit": "\u2660"
          },
          {
            "value": 2,
            "suit": "\u2660"
          }
        ],
        "discard": [],
        "equipped_weapon": null,
        "weapon_monsters": [],
        "used_potion": false,
        "health": 20,
        "number_avoided": 1,
        "last_room_avoided": true,
        "exit": false,
        "score": -188,
        "can_avoid": false,
        "can_use_potion": true,
        "game_over": false
      },
      "mcts_stats": [
        {
          "action": 0,
          "visits": 27352,
          "avg_value": 0.009670225212050224,
          "total_value": 264.4999999999977,
          "ucb1": 0.03868022409530057
        },
        {
          "action": 1,
          "visits": 27374,
          "avg_value": 0.009688092162723158,
          "total_value": 265.20183486238375,
          "ucb1": 0.03868643129112375
        },
        {
          "action": 2,
          "visits": 17699,
          "avg_value": 0.0,
          "total_value": 0.0,
          "ucb1": 0.036063501510420974
        },
        {
          "action": 3,
          "visits": 27575,
          "avg_value": 0.009829572392224657,
          "total_value": 271.0504587155949,
          "ucb1": 0.03872203071104535
        }
      ],
      "selected_action": 3
    },
    {
      "turn": 2,
      "game_state": {
        "dungeon": [
          {
            "value": 2,
            "suit": "\u2663"
          },
          {
            "value": 10,
            "suit": "\u2665"
          },
          {
            "value": 14,
            "suit": "\u2663"
          },
          {
            "value": 10,
            "suit": "\u2666"
          },
          {
            "value": 13,
            "suit": "\u2663"
          },
          {
            "value": 12,
            "suit": "\u2660"
          },
          {
            "value": 8,
            "suit": "\u2666"
          },
          {
            "value": 11,
            "suit": "\u2663"
          },
          {
            "value": 5,
            "suit": "\u2663"
          },
          {
            "value": 7,
            "suit": "\u2663"
          },
          {
            "value": 9,
            "suit": "\u2663"
          },
          {
            "value": 14,
            "suit": "\u2660"
          },
          {
            "value": 9,
            "suit": "\u2666"
          },
          {
            "value": 12,
            "suit": "\u2663"
          },
          {
            "value": 3,
            "suit": "\u2666"
          },
          {
            "value": 7,
            "suit": "\u2665"
          },
          {
            "value": 10,
            "suit": "\u2660"
          },
          {
            "value": 4,
            "suit": "\u2660"
          },
          {
            "value": 3,
            "suit": "\u2665"
          },
          {
            "value": 4,
            "suit": "\u2663"
          },
          {
            "value": 2,
            "suit": "\u2666"
          },
          {
            "value": 7,
            "suit": "\u2666"
          },
          {
            "value": 2,
            "suit": "\u2665"
          },
          {
            "value": 4,
            "suit": "\u2665"
          },
          {
            "value": 5,
            "suit": "\u2660"
          },
          {
            "value": 8,
            "suit": "\u2665"
          },
          {
            "value": 10,
            "suit": "\u2663"
          },
          {
            "value": 3,
            "suit": "\u2663"
          },
          {
            "value": 5,
            "suit": "\u2665"
          },
          {
            "value": 11,
            "suit": "\u2660"
          },
          {
            "value": 4,
            "suit": "\u2666"
          },
          {
            "value": 8,
            "suit": "\u2660"
          },
          {
            "value": 5,
            "suit": "\u2666"
          },
          {
            "value": 6,
            "suit": "\u2665"
          },
          {
            "value": 6,
            "suit": "\u2666"
          },
          {
            "value": 9,
            "suit": "\u2665"
          },
          {
            "value": 8,
            "suit": "\u2663"
          },
          {
            "value": 3,
            "suit": "\u2660"
          },
          {
            "value": 6,
            "suit": "\u2660"
          },
          {
            "value": 7,
            "suit": "\u2660"
          }
        ],
        "room": [
          {
            "value": 9,
            "suit": "\u2660"
          },
          {
            "value": 6,
            "suit": "\u2663"
          },
          {
            "value": 13,
            "suit": "\u2660"
          }
        ],
        "discard": [
          {
            "value": 2,
            "suit": "\u2660"
          }
        ],
        "equipped_weapon": null,
        "weapon_monsters": [],
        "used_potion": false,
        "health": 18,
        "number_avoided": 1,
        "last_room_avoided": true,
        "exit": false,
        "score": -188,
        "can_avoid": false,
        "can_use_potion": true,
        "game_over": false
      },
      "mcts_stats": [
        {
          "action": 0,
          "visits": 41550,
          "avg_value": 0.016581216396736508,
          "total_value": 688.9495412844019,
          "ucb1": 0.04011852177001338
        },
        {
          "action": 1,
          "visits": 40319,
          "avg_value": 0.016093443776706358,
          "total_value": 648.8715596330237,
          "ucb1": 0.039987362381392125
        },
        {
          "action": 2,
          "visits": 18131,
          "avg_value": 0.0,
          "total_value": 0.0,
          "ucb1": 0.0356312761457536
        }
      ],
      "selected_action": 0
    },
    {
      "turn": 3,
      "game_state": {
        "dungeon": [
          {
            "value": 2,
            "suit": "\u2663"
          },
          {
            "value": 10,
            "suit": "\u2665"
          },
          {
            "value": 14,
            "suit": "\u2663"
          },
          {
            "value": 10,
            "suit": "\u2666"
          },
          {
            "value": 13,
            "suit": "\u2663"
          },
          {
            "value": 12,
            "suit": "\u2660"
          },
          {
            "value": 8,
            "suit": "\u2666"
          },
          {
            "value": 11,
            "suit": "\u2663"
          },
          {
            "value": 5,
            "suit": "\u2663"
          },
          {
            "value": 7,
            "suit": "\u2663"
          },
          {
            "value": 9,
            "suit": "\u2663"
          },
          {
            "value": 14,
            "suit": "\u2660"
          },
          {
            "value": 9,
            "suit": "\u2666"
          },
          {
            "value": 12,
            "suit": "\u2663"
          },
          {
            "value": 3,
            "suit": "\u2666"
          },
          {
            "value": 7,
            "suit": "\u2665"
          },
          {
            "value": 10,
            "suit": "\u2660"
          },
          {
            "value": 4,
            "suit": "\u2660"
          },
          {
            "value": 3,
            "suit": "\u2665"
          },
          {
            "value": 4,
            "suit": "\u2663"
          },
          {
            "value": 2,
            "suit": "\u2666"
          },
          {
            "value": 7,
            "suit": "\u2666"
          },
          {
            "value": 2,
            "suit": "\u2665"
          },
          {
            "value": 4,
            "suit": "\u2665"
          },
          {
            "value": 5,
            "suit": "\u2660"
          },
          {
            "value": 8,
            "suit": "\u2665"
          },
          {
            "value": 10,
            "suit": "\u2663"
          },
          {
            "value": 3,
            "suit": "\u2663"
          },
          {
            "value": 5,
            "suit": "\u2665"
          },
          {
            "value": 11,
            "suit": "\u2660"
          },
          {
            "value": 4,
            "suit": "\u2666"
          },
          {
            "value": 8,
            "suit": "\u2660"
          },
          {
            "value": 5,
            "suit": "\u2666"
          },
          {
            "value": 6,
            "suit": "\u2665"
          },
          {
            "value": 6,
            "suit": "\u2666"
          },
          {
            "value": 9,
            "suit": "\u2665"
          },
          {
            "value": 8,
            "suit": "\u2663"
          },
          {
            "value": 3,
            "suit": "\u2660"
          },
          {
            "value": 6,
            "suit": "\u2660"
          },
          {
            "value": 7,
            "suit": "\u2660"
          }
        ],
        "room": [
          {
            "value": 6,
            "suit": "\u2663"
          },
          {
            "value": 13,
            "suit": "\u2660"
          }
        ],
        "discard": [
          {
            "value": 2,
            "suit": "\u2660"
          },
          {
            "value": 9,
            "suit": "\u2660"
          }
        ],
        "equipped_weapon": null,
        "weapon_monsters": [],
        "used_potion": false,
        "health": 9,
        "number_avoided": 1,
        "last_room_avoided": true,
        "exit": false,
        "score": -188,
        "can_avoid": false,
        "can_use_potion": true,
        "game_over": false
      },
      "mcts_stats": [
        {
          "action": 0,
          "visits": 80367,
          "avg_value": 0.023746852598110525,
          "total_value": 1908.4633027523485,
          "ucb1": 0.04067086665967838
        },
        {
          "action": 1,
          "visits": 19633,
          "avg_value": 0.0,
          "total_value": 0.0,
          "ucb1": 0.0342411957698349
        }
      ],
      "selected_action": 0
    },
    {
      "turn": 4,
      "game_state": {
        "dungeon": [
          {
            "value": 10,
            "suit": "\u2666"
          },
          {
            "value": 13,
            "suit": "\u2663"
          },
          {
            "value": 12,
            "suit": "\u2660"
          },
          {
            "value": 8,
            "suit": "\u2666"
          },
          {
            "value": 11,
            "suit": "\u2663"
          },
          {
            "value": 5,
            "suit": "\u2663"
          },
          {
            "value": 7,
            "suit": "\u2663"
          },
          {
            "value": 9,
            "suit": "\u2663"
          },
          {
            "value": 14,
            "suit": "\u2660"
          },
          {
            "value": 9,
            "suit": "\u2666"
          },
          {
            "value": 12,
            "suit": "\u2663"
          },
          {
            "value": 3,
            "suit": "\u2666"
          },
          {
            "value": 7,
            "suit": "\u2665"
          },
          {
            "value": 10,
            "suit": "\u2660"
          },
          {
            "value": 4,
            "suit": "\u2660"
          },
          {
            "value": 3,
            "suit": "\u2665"
          },
          {
            "value": 4,
            "suit": "\u2663"
          },
          {
            "value": 2,
            "suit": "\u2666"
          },
          {
            "value": 7,
            "suit": "\u2666"
          },
          {
            "value": 2,
            "suit": "\u2665"
          },
          {
            "value": 4,
            "suit": "\u2665"
          },
          {
            "value": 5,
            "suit": "\u2660"
          },
          {
            "value": 8,
            "suit": "\u2665"
          },
          {
            "value": 10,
            "suit": "\u2663"
          },
          {
            "value": 3,
            "suit": "\u2663"
          },
          {
            "value": 5,
            "suit": "\u2665"
          },
          {
            "value": 11,
            "suit": "\u2660"
          },
          {
            "value": 4,
            "suit": "\u2666"
          },
          {
            "value": 8,
            "suit": "\u2660"
          },
          {
            "value": 5,
            "suit": "\u2666"
          },
          {
            "value": 6,
            "suit": "\u2665"
          },
          {
            "value": 6,
            "suit": "\u2666"
          },
          {
            "value": 9,
            "suit": "\u2665"
          },
          {
            "value": 8,
            "suit": "\u2663"
          },
          {
            "value": 3,
            "suit": "\u2660"
          },
          {
            "value": 6,
            "suit": "\u2660"
          },
          {
            "value": 7,
            "suit": "\u2660"
          }
        ],
        "room": [
          {
            "value": 13,
            "suit": "\u2660"
          },
          {
            "value": 2,
            "suit": "\u2663"
          },
          {
            "value": 10,
            "suit": "\u2665"
          },
          {
            "value": 14,
            "suit": "\u2663"
          }
        ],
        "discard": [
          {
            "value": 2,
            "suit": "\u2660"
          },
          {
            "value": 9,
            "suit": "\u2660"
          },
          {
            "value": 6,
            "suit": "\u2663"
          }
        ],
        "equipped_weapon": null,
        "weapon_monsters": [],
        "used_potion": false,
        "health": 3,
        "number_avoided": 1,
        "last_room_avoided": false,
        "exit": false,
        "score": -188,
        "can_avoid": true,
        "can_use_potion": true,
        "game_over": false
      },
      "mcts_stats": [
        {
          "action": 0,
          "visits": 7336,
          "avg_value": 0.0,
          "total_value": 0.0,
          "ucb1": 0.056016064649059984
        },
        {
          "action": 1,
          "visits": 18590,
          "avg_value": 0.028556834837706217,
          "total_value": 530.8715596329586,
          "ucb1": 0.06374548123134652
        },
        {
          "action": 2,
          "visits": 45231,
          "avg_value": 0.04587155963303685,
          "total_value": 2074.81651376189,
          "ucb1": 0.06843078387439552
        },
        {
          "action": 3,
          "visits": 7337,
          "avg_value": 0.0,
          "total_value": 0.0,
          "ucb1": 0.056012247150527654
        },
        {
          "action": 4,
          "visits": 21506,
          "avg_value": 0.031951399097499535,
          "total_value": 687.146788990825,
          "ucb1": 0.06466756751825159
        }
      ],
      "selected_action": 2
    },
    {
      "turn": 5,
      "game_state": {
        "dungeon": [
          {
            "value": 10,
            "suit": "\u2666"
          },
          {
            "value": 13,
            "suit": "\u2663"
          },
          {
            "value": 12,
            "suit": "\u2660"
          },
          {
            "value": 8,
            "suit": "\u2666"
          },
          {
            "value": 11,
            "suit": "\u2663"
          },
          {
            "value": 5,
            "suit": "\u2663"
          },
          {
            "value": 7,
            "suit": "\u2663"
          },
          {
            "value": 9,
            "suit": "\u2663"
          },
          {
            "value": 14,
            "suit": "\u2660"
          },
          {
            "value": 9,
            "suit": "\u2666"
          },
          {
            "value": 12,
            "suit": "\u2663"
          },
          {
            "value": 3,
            "suit": "\u2666"
          },
          {
            "value": 7,
            "suit": "\u2665"
          },
          {
            "value": 10,
            "suit": "\u2660"
          },
          {
            "value": 4,
            "suit": "\u2660"
          },
          {
            "value": 3,
            "suit": "\u2665"
          },
          {
            "value": 4,
            "suit": "\u2663"
          },
          {
            "value": 2,
            "suit": "\u2666"
          },
          {
            "value": 7,
            "suit": "\u2666"
          },
          {
            "value": 2,
            "suit": "\u2665"
          },
          {
            "value": 4,
            "suit": "\u2665"
          },
          {
            "value": 5,
            "suit": "\u2660"
          },
          {
            "value": 8,
            "suit": "\u2665"
          },
          {
            "value": 10,
            "suit": "\u2663"
          },
          {
            "value": 3,
            "suit": "\u2663"
          },
          {
            "value": 5,
            "suit": "\u2665"
          },
          {
            "value": 11,
            "suit": "\u2660"
          },
          {
            "value": 4,
            "suit": "\u2666"
          },
          {
            "value": 8,
            "suit": "\u2660"
          },
          {
            "value": 5,
            "suit": "\u2666"
          },
          {
            "value": 6,
            "suit": "\u2665"
          },
          {
            "value": 6,
            "suit": "\u2666"
          },
          {
            "value": 9,
            "suit": "\u2665"
          },
          {
            "value": 8,
            "suit": "\u2663"
          },
          {
            "value": 3,
            "suit": "\u2660"
          },
          {
            "value": 6,
            "suit": "\u2660"
          },
          {
            "value": 7,
            "suit": "\u2660"
          }
        ],
        "room": [
          {
            "value": 13,
            "suit": "\u2660"
          },
          {
            "value": 2,
            "suit": "\u2663"
          },
          {
            "value": 14,
            "suit": "\u2663"
          }
        ],
        "discard": [
          {
            "value": 2,
            "suit": "\u2660"
          },
          {
            "value": 9,
            "suit": "\u2660"
          },
          {
            "value": 6,
            "suit": "\u2663"
          },
          {
            "value": 10,
            "suit": "\u2665"
          }
        ],
        "equipped_weapon": null,
        "weapon_monsters": [],
        "used_potion": true,
        "health": 13,
        "number_avoided": 1,
        "last_room_avoided": false,
        "exit": false,
        "score": -178,
        "can_avoid": false,
        "can_use_potion": false,
        "game_over": false
      },
      "mcts_stats": [
        {
          "action": 0,
          "visits": 33332,
          "avg_value": 0.045871559633034985,
          "total_value": 1528.990825688322,
          "ucb1": 0.07215072509676855
        },
        {
          "action": 1,
          "visits": 33334,
          "avg_value": 0.045871559633034985,
          "total_value": 1529.0825688075881,
          "ucb1": 0.07214993672574632
        },
        {
          "action": 2,
          "visits": 33334,
          "avg_value": 0.045871559633034985,
          "total_value": 1529.0825688075881,
          "ucb1": 0.07214993672574632
        }
      ],
      "selected_action": 2
    }
  ]
}