{
  "metadata": {
    "seed": 657257884,
    "num_simulations": 100000,
    "timestamp": "2025-12-20T21:34:27.152552",
    "final_score": -124,
    "num_turns": 19,
    "final_state": {
      "dungeon": [
        {
          "value": 12,
          "suit": "\u2663"
        },
        {
          "value": 4,
          "suit": "\u2660"
        },
        {
          "value": 2,
          "suit": "\u2665"
        },
        {
          "value": 11,
          "suit": "\u2660"
        },
        {
          "value": 7,
          "suit": "\u2666"
        },
        {
          "value": 6,
          "suit": "\u2665"
        },
        {
          "value": 9,
          "suit": "\u2666"
        },
        {
          "value": 4,
          "suit": "\u2666"
        },
        {
          "value": 2,
          "suit": "\u2663"
        },
        {
          "value": 13,
          "suit": "\u2660"
        },
        {
          "value": 9,
          "suit": "\u2665"
        },
        {
          "value": 3,
          "suit": "\u2663"
        },
        {
          "value": 2,
          "suit": "\u2660"
        },
        {
          "value": 4,
          "suit": "\u2663"
        },
        {
          "value": 14,
          "suit": "\u2663"
        },
        {
          "value": 3,
          "suit": "\u2666"
        },
        {
          "value": 8,
          "suit": "\u2666"
        },
        {
          "value": 10,
          "suit": "\u2666"
        },
        {
          "value": 9,
          "suit": "\u2663"
        },
        {
          "value": 6,
          "suit": "\u2663"
        },
        {
          "value": 7,
          "suit": "\u2660"
        },
        {
          "value": 3,
          "suit": "\u2660"
        }
      ],
      "room": [
        {
          "value": 14,
          "suit": "\u2660"
        },
        {
          "value": 12,
          "suit": "\u2660"
        },
        {
          "value": 8,
          "suit": "\u2663"
        }
      ],
      "discard": [
        {
          "value": 7,
          "suit": "\u2663"
        },
        {
          "value": 7,
          "suit": "\u2665"
        },
        {
          "value": 4,
          "suit": "\u2665"
        },
        {
          "value": 5,
          "suit": "\u2666"
        },
        {
          "value": 8,
          "suit": "\u2660"
        },
        {
          "value": 6,
          "suit": "\u2666"
        },
        {
          "value": 13,
          "suit": "\u2663"
        },
        {
          "value": 9,
          "suit": "\u2660"
        },
        {
          "value": 6,
          "suit": "\u2660"
        },
        {
          "value": 5,
          "suit": "\u2663"
        },
        {
          "value": 5,
          "suit": "\u2665"
        },
        {
          "value": 10,
          "suit": "\u2665"
        },
        {
          "value": 3,
          "suit": "\u2665"
        },
        {
          "value": 8,
          "suit": "\u2665"
        }
      ],
      "equipped_weapon": {
        "value": 2,
        "suit": "\u2666"
      },
      "weapon_monsters": [
        {
          "value": 11,
          "suit": "\u2663"
        },
        {
          "value": 10,
          "suit": "\u2660"
        },
        {
          "value": 10,
          "suit": "\u2663"
        },
        {
          "value": 5,
          "suit": "\u2660"
        }
      ],
      "used_potion": false,
      "health": 0,
      "number_avoided": 0,
      "last_room_avoided": false,
      "exit": false,
      "score": -124,
      "can_avoid": false,
      "can_use_potion": true,
      "game_over": true
    }
  },
  "events": [
    {
      "turn": 0,
      "game_state": {
        "dungeon": [
          {
            "value": 8,
            "suit": "\u2660"
          },
          {
            "value": 6,
            "suit": "\u2666"
          },
          {
            "value": 5,
            "suit": "\u2666"
          },
          {
            "value": 9,
            "suit": "\u2660"
          },
          {
            "value": 6,
            "suit": "\u2660"
          },
          {
            "value": 13,
            "suit": "\u2663"
          },
          {
            "value": 2,
            "suit": "\u2666"
          },
          {
            "value": 5,
            "suit": "\u2663"
          },
          {
            "value": 10,
            "suit": "\u2660"
          },
          {
            "value": 3,
            "suit": "\u2665"
          },
          {
            "value": 10,
            "suit": "\u2665"
          },
          {
            "value": 11,
            "suit": "\u2663"
          },
          {
            "value": 8,
            "suit": "\u2665"
          },
          {
            "value": 14,
            "suit": "\u2660"
          },
          {
            "value": 10,
            "suit": "\u2663"
          },
          {
            "value": 12,
            "suit": "\u2660"
          },
          {
            "value": 5,
            "suit": "\u2660"
          },
          {
            "value": 8,
            "suit": "\u2663"
          },
          {
            "value": 12,
            "suit": "\u2663"
          },
          {
            "value": 4,
            "suit": "\u2660"
          },
          {
            "value": 2,
            "suit": "\u2665"
          },
          {
            "value": 11,
            "suit": "\u2660"
          },
          {
            "value": 7,
            "suit": "\u2666"
          },
          {
            "value": 6,
            "suit": "\u2665"
          },
          {
            "value": 9,
            "suit": "\u2666"
          },
          {
            "value": 4,
            "suit": "\u2666"
          },
          {
            "value": 2,
            "suit": "\u2663"
          },
          {
            "value": 13,
            "suit": "\u2660"
          },
          {
            "value": 9,
            "suit": "\u2665"
          },
          {
            "value": 3,
            "suit": "\u2663"
          },
          {
            "value": 2,
            "suit": "\u2660"
          },
          {
            "value": 4,
            "suit": "\u2663"
          },
          {
            "value": 14,
            "suit": "\u2663"
          },
          {
            "value": 3,
            "suit": "\u2666"
          },
          {
            "value": 8,
            "suit": "\u2666"
          },
          {
            "value": 10,
            "suit": "\u2666"
          },
          {
            "value": 9,
            "suit": "\u2663"
          },
          {
            "value": 6,
            "suit": "\u2663"
          },
          {
            "value": 7,
            "suit": "\u2660"
          },
          {
            "value": 3,
            "suit": "\u2660"
          }
        ],
        "room": [
          {
            "value": 7,
            "suit": "\u2663"
          },
          {
            "value": 5,
            "suit": "\u2665"
          },
          {
            "value": 4,
            "suit": "\u2665"
          },
          {
            "value": 7,
            "suit": "\u2665"
          }
        ],
        "discard": [],
        "equipped_weapon": null,
        "weapon_monsters": [],
        "used_potion": false,
        "health": 20,
        "number_avoided": 0,
        "last_room_avoided": false,
        "exit": false,
        "score": -188,
        "can_avoid": true,
        "can_use_potion": true,
        "game_over": false
      },
      "mcts_stats": [
        {
          "action": 0,
          "visits": 50364,
          "avg_value": 0.09836764501220485,
          "total_value": 4954.1880733946855,
          "ucb1": 0.11974638711714053
        },
        {
          "action": 1,
          "visits": 13201,
          "avg_value": 0.07040542522147009,
          "total_value": 929.4220183486266,
          "ucb1": 0.11216334354081334
        },
        {
          "action": 2,
          "visits": 14223,
          "avg_value": 0.07252112001042418,
          "total_value": 1031.4678899082633,
          "ucb1": 0.11275080676278981
        },
        {
          "action": 3,
          "visits": 11404,
          "avg_value": 0.06607893898487326,
          "total_value": 753.5642201834946,
          "ucb1": 0.11100658369016925
        },
        {
          "action": 4,
          "visits": 10808,
          "avg_value": 0.06437594646167599,
          "total_value": 695.7752293577942,
          "ucb1": 0.1105257214592225
        }
      ],
      "selected_action": 0
    },
    {
      "turn": 1,
      "game_state": {
        "dungeon": [
          {
            "value": 8,
            "suit": "\u2660"
          },
          {
            "value": 6,
            "suit": "\u2666"
          },
          {
            "value": 5,
            "suit": "\u2666"
          },
          {
            "value": 9,
            "suit": "\u2660"
          },
          {
            "value": 6,
            "suit": "\u2660"
          },
          {
            "value": 13,
            "suit": "\u2663"
          },
          {
            "value": 2,
            "suit": "\u2666"
          },
          {
            "value": 5,
            "suit": "\u2663"
          },
          {
            "value": 10,
            "suit": "\u2660"
          },
          {
            "value": 3,
            "suit": "\u2665"
          },
          {
            "value": 10,
            "suit": "\u2665"
          },
          {
            "value": 11,
            "suit": "\u2663"
          },
          {
            "value": 8,
            "suit": "\u2665"
          },
          {
            "value": 14,
            "suit": "\u2660"
          },
          {
            "value": 10,
            "suit": "\u2663"
          },
          {
            "value": 12,
            "suit": "\u2660"
          },
          {
            "value": 5,
            "suit": "\u2660"
          },
          {
            "value": 8,
            "suit": "\u2663"
          },
          {
            "value": 12,
            "suit": "\u2663"
          },
          {
            "value": 4,
            "suit": "\u2660"
          },
          {
            "value": 2,
            "suit": "\u2665"
          },
          {
            "value": 11,
            "suit": "\u2660"
          },
          {
            "value": 7,
            "suit": "\u2666"
          },
          {
            "value": 6,
            "suit": "\u2665"
          },
          {
            "value": 9,
            "suit": "\u2666"
          },
          {
            "value": 4,
            "suit": "\u2666"
          },
          {
            "value": 2,
            "suit": "\u2663"
          },
          {
            "value": 13,
            "suit": "\u2660"
          },
          {
            "value": 9,
            "suit": "\u2665"
          },
          {
            "value": 3,
            "suit": "\u2663"
          },
          {
            "value": 2,
            "suit": "\u2660"
          },
          {
            "value": 4,
            "suit": "\u2663"
          },
          {
            "value": 14,
            "suit": "\u2663"
          },
          {
            "value": 3,
            "suit": "\u2666"
          },
          {
            "value": 8,
            "suit": "\u2666"
          },
          {
            "value": 10,
            "suit": "\u2666"
          },
          {
            "value": 9,
            "suit": "\u2663"
          },
          {
            "value": 6,
            "suit": "\u2663"
          },
          {
            "value": 7,
            "suit": "\u2660"
          },
          {
            "value": 3,
            "suit": "\u2660"
          }
        ],
        "room": [
          {
            "value": 5,
            "suit": "\u2665"
          },
          {
            "value": 4,
            "suit": "\u2665"
          },
          {
            "value": 7,
            "suit": "\u2665"
          }
        ],
        "discard": [
          {
            "value": 7,
            "suit": "\u2663"
          }
        ],
        "equipped_weapon": null,
        "weapon_monsters": [],
        "used_potion": false,
        "health": 13,
        "number_avoided": 0,
        "last_room_avoided": false,
        "exit": false,
        "score": -188,
        "can_avoid": false,
        "can_use_potion": true,
        "game_over": false
      },
      "mcts_stats": [
        {
          "action": 0,
          "visits": 31920,
          "avg_value": 0.10093568209514847,
          "total_value": 3221.8669724771394,
          "ucb1": 0.12778979525452183
        },
        {
          "action": 1,
          "visits": 27733,
          "avg_value": 0.09825491903958612,
          "total_value": 2724.903669724842,
          "ucb1": 0.12706495697610093
        },
        {
          "action": 2,
          "visits": 40347,
          "avg_value": 0.10500831888869212,
          "total_value": 4236.770642202061,
          "ucb1": 0.12889394510689947
        }
      ],
      "selected_action": 2
    },
    {
      "turn": 2,
      "game_state": {
        "dungeon": [
          {
            "value": 8,
            "suit": "\u2660"
          },
          {
            "value": 6,
            "suit": "\u2666"
          },
          {
            "value": 5,
            "suit": "\u2666"
          },
          {
            "value": 9,
            "suit": "\u2660"
          },
          {
            "value": 6,
            "suit": "\u2660"
          },
          {
            "value": 13,
            "suit": "\u2663"
          },
          {
            "value": 2,
            "suit": "\u2666"
          },
          {
            "value": 5,
            "suit": "\u2663"
          },
          {
            "value": 10,
            "suit": "\u2660"
          },
          {
            "value": 3,
            "suit": "\u2665"
          },
          {
            "value": 10,
            "suit": "\u2665"
          },
          {
            "value": 11,
            "suit": "\u2663"
          },
          {
            "value": 8,
            "suit": "\u2665"
          },
          {
            "value": 14,
            "suit": "\u2660"
          },
          {
            "value": 10,
            "suit": "\u2663"
          },
          {
            "value": 12,
            "suit": "\u2660"
          },
          {
            "value": 5,
            "suit": "\u2660"
          },
          {
            "value": 8,
            "suit": "\u2663"
          },
          {
            "value": 12,
            "suit": "\u2663"
          },
          {
            "value": 4,
            "suit": "\u2660"
          },
          {
            "value": 2,
            "suit": "\u2665"
          },
          {
            "value": 11,
            "suit": "\u2660"
          },
          {
            "value": 7,
            "suit": "\u2666"
          },
          {
            "value": 6,
            "suit": "\u2665"
          },
          {
            "value": 9,
            "suit": "\u2666"
          },
          {
            "value": 4,
            "suit": "\u2666"
          },
          {
            "value": 2,
            "suit": "\u2663"
          },
          {
            "value": 13,
            "suit": "\u2660"
          },
          {
            "value": 9,
            "suit": "\u2665"
          },
          {
            "value": 3,
            "suit": "\u2663"
          },
          {
            "value": 2,
            "suit": "\u2660"
          },
          {
            "value": 4,
            "suit": "\u2663"
          },
          {
            "value": 14,
            "suit": "\u2663"
          },
          {
            "value": 3,
            "suit": "\u2666"
          },
          {
            "value": 8,
            "suit": "\u2666"
          },
          {
            "value": 10,
            "suit": "\u2666"
          },
          {
            "value": 9,
            "suit": "\u2663"
          },
          {
            "value": 6,
            "suit": "\u2663"
          },
          {
            "value": 7,
            "suit": "\u2660"
          },
          {
            "value": 3,
            "suit": "\u2660"
          }
        ],
        "room": [
          {
            "value": 5,
            "suit": "\u2665"
          },
          {
            "value": 4,
            "suit": "\u2665"
          }
        ],
        "discard": [
          {
            "value": 7,
            "suit": "\u2663"
          },
          {
            "value": 7,
            "suit": "\u2665"
          }
        ],
        "equipped_weapon": null,
        "weapon_monsters": [],
        "used_potion": true,
        "health": 20,
        "number_avoided": 0,
        "last_room_avoided": false,
        "exit": false,
        "score": -181,
        "can_avoid": false,
        "can_use_potion": false,
        "game_over": false
      },
      "mcts_stats": [
        {
          "action": 0,
          "visits": 41942,
          "avg_value": 0.10724442972580762,
          "total_value": 4498.045871559823,
          "ucb1": 0.1306714842335508
        },
        {
          "action": 1,
          "visits": 58058,
          "avg_value": 0.11206335581533557,
          "total_value": 6506.174311926752,
          "ucb1": 0.13197518786432605
        }
      ],
      "selected_action": 1
    },
    {
      "turn": 3,
      "game_state": {
        "dungeon": [
          {
            "value": 9,
            "suit": "\u2660"
          },
          {
            "value": 6,
            "suit": "\u2660"
          },
          {
            "value": 13,
            "suit": "\u2663"
          },
          {
            "value": 2,
            "suit": "\u2666"
          },
          {
            "value": 5,
            "suit": "\u2663"
          },
          {
            "value": 10,
            "suit": "\u2660"
          },
          {
            "value": 3,
            "suit": "\u2665"
          },
          {
            "value": 10,
            "suit": "\u2665"
          },
          {
            "value": 11,
            "suit": "\u2663"
          },
          {
            "value": 8,
            "suit": "\u2665"
          },
          {
            "value": 14,
            "suit": "\u2660"
          },
          {
            "value": 10,
            "suit": "\u2663"
          },
          {
            "value": 12,
            "suit": "\u2660"
          },
          {
            "value": 5,
            "suit": "\u2660"
          },
          {
            "value": 8,
            "suit": "\u2663"
          },
          {
            "value": 12,
            "suit": "\u2663"
          },
          {
            "value": 4,
            "suit": "\u2660"
          },
          {
            "value": 2,
            "suit": "\u2665"
          },
          {
            "value": 11,
            "suit": "\u2660"
          },
          {
            "value": 7,
            "suit": "\u2666"
          },
          {
            "value": 6,
            "suit": "\u2665"
          },
          {
            "value": 9,
            "suit": "\u2666"
          },
          {
            "value": 4,
            "suit": "\u2666"
          },
          {
            "value": 2,
            "suit": "\u2663"
          },
          {
            "value": 13,
            "suit": "\u2660"
          },
          {
            "value": 9,
            "suit": "\u2665"
          },
          {
            "value": 3,
            "suit": "\u2663"
          },
          {
            "value": 2,
            "suit": "\u2660"
          },
          {
            "value": 4,
            "suit": "\u2663"
          },
          {
            "value": 14,
            "suit": "\u2663"
          },
          {
            "value": 3,
            "suit": "\u2666"
          },
          {
            "value": 8,
            "suit": "\u2666"
          },
          {
            "value": 10,
            "suit": "\u2666"
          },
          {
            "value": 9,
            "suit": "\u2663"
          },
          {
            "value": 6,
            "suit": "\u2663"
          },
          {
            "value": 7,
            "suit": "\u2660"
          },
          {
            "value": 3,
            "suit": "\u2660"
          }
        ],
        "room": [
          {
            "value": 5,
            "suit": "\u2665"
          },
          {
            "value": 8,
            "suit": "\u2660"
          },
          {
            "value": 6,
            "suit": "\u2666"
          },
          {
            "value": 5,
            "suit": "\u2666"
          }
        ],
        "discard": [
          {
            "value": 7,
            "suit": "\u2663"
          },
          {
            "value": 7,
            "suit": "\u2665"
          },
          {
            "value": 4,
            "suit": "\u2665"
          }
        ],
        "equipped_weapon": null,
        "weapon_monsters": [],
        "used_potion": false,
        "health": 20,
        "number_avoided": 0,
        "last_room_avoided": false,
        "exit": false,
        "score": -181,
        "can_avoid": true,
        "can_use_potion": true,
        "game_over": false
      },
      "mcts_stats": [
        {
          "action": 0,
          "visits": 12699,
          "avg_value": 0.10215425472351775,
          "total_value": 1297.256880733952,
          "ucb1": 0.14472953291604498
        },
        {
          "action": 1,
          "visits": 27803,
          "avg_value": 0.12107877606766429,
          "total_value": 3366.35321100927,
          "ucb1": 0.1498525234307497
        },
        {
          "action": 2,
          "visits": 21145,
          "avg_value": 0.11529283388399761,
          "total_value": 2437.8669724771294,
          "ucb1": 0.14828709531597895
        },
        {
          "action": 3,
          "visits": 35051,
          "avg_value": 0.12538701797302912,
          "total_value": 4394.9403669726435,
          "ucb1": 0.15101368048665162
        },
        {
          "action": 4,
          "visits": 3302,
          "avg_value": 0.046032707450030914,
          "total_value": 152.00000000000207,
          "ucb1": 0.12952641021775715
        }
      ],
      "selected_action": 3
    },
    {
      "turn": 4,
      "game_state": {
        "dungeon": [
          {
            "value": 9,
            "suit": "\u2660"
          },
          {
            "value": 6,
            "suit": "\u2660"
          },
          {
            "value": 13,
            "suit": "\u2663"
          },
          {
            "value": 2,
            "suit": "\u2666"
          },
          {
            "value": 5,
            "suit": "\u2663"
          },
          {
            "value": 10,
            "suit": "\u2660"
          },
          {
            "value": 3,
            "suit": "\u2665"
          },
          {
            "value": 10,
            "suit": "\u2665"
          },
          {
            "value": 11,
            "suit": "\u2663"
          },
          {
            "value": 8,
            "suit": "\u2665"
          },
          {
            "value": 14,
            "suit": "\u2660"
          },
          {
            "value": 10,
            "suit": "\u2663"
          },
          {
            "value": 12,
            "suit": "\u2660"
          },
          {
            "value": 5,
            "suit": "\u2660"
          },
          {
            "value": 8,
            "suit": "\u2663"
          },
          {
            "value": 12,
            "suit": "\u2663"
          },
          {
            "value": 4,
            "suit": "\u2660"
          },
          {
            "value": 2,
            "suit": "\u2665"
          },
          {
            "value": 11,
            "suit": "\u2660"
          },
          {
            "value": 7,
            "suit": "\u2666"
          },
          {
            "value": 6,
            "suit": "\u2665"
          },
          {
            "value": 9,
            "suit": "\u2666"
          },
          {
            "value": 4,
            "suit": "\u2666"
          },
          {
            "value": 2,
            "suit": "\u2663"
          },
          {
            "value": 13,
            "suit": "\u2660"
          },
          {
            "value": 9,
            "suit": "\u2665"
          },
          {
            "value": 3,
            "suit": "\u2663"
          },
          {
            "value": 2,
            "suit": "\u2660"
          },
          {
            "value": 4,
            "suit": "\u2663"
          },
          {
            "value": 14,
            "suit": "\u2663"
          },
          {
            "value": 3,
            "suit": "\u2666"
          },
          {
            "value": 8,
            "suit": "\u2666"
          },
          {
            "value": 10,
            "suit": "\u2666"
          },
          {
            "value": 9,
            "suit": "\u2663"
          },
          {
            "value": 6,
            "suit": "\u2663"
          },
          {
            "value": 7,
            "suit": "\u2660"
          },
          {
            "value": 3,
            "suit": "\u2660"
          }
        ],
        "room": [
          {
            "value": 5,
            "suit": "\u2665"
          },
          {
            "value": 8,
            "suit": "\u2660"
          },
          {
            "value": 6,
            "suit": "\u2666"
          }
        ],
        "discard": [
          {
            "value": 7,
            "suit": "\u2663"
          },
          {
            "value": 7,
            "suit": "\u2665"
          },
          {
            "value": 4,
            "suit": "\u2665"
          }
        ],
        "equipped_weapon": {
          "value": 5,
          "suit": "\u2666"
        },
        "weapon_monsters": [],
        "used_potion": false,
        "health": 20,
        "number_avoided": 0,
        "last_room_avoided": false,
        "exit": false,
        "score": -181,
        "can_avoid": false,
        "can_use_potion": true,
        "game_over": false
      },
      "mcts_stats": [
        {
          "action": 0,
          "visits": 10081,
          "avg_value": 0.10875350031715454,
          "total_value": 1096.344036697235,
          "ucb1": 0.15653837469306014
        },
        {
          "action": 1,
          "visits": 79811,
          "avg_value": 0.15197923442756198,
          "total_value": 12129.61467889815,
          "ucb1": 0.1689620963953946
        },
        {
          "action": 2,
          "visits": 10108,
          "avg_value": 0.10883966918745379,
          "total_value": 1100.151376146783,
          "ucb1": 0.15656068056696523
        }
      ],
      "selected_action": 1
    },
    {
      "turn": 5,
      "game_state": {
        "dungeon": [
          {
            "value": 9,
            "suit": "\u2660"
          },
          {
            "value": 6,
            "suit": "\u2660"
          },
          {
            "value": 13,
            "suit": "\u2663"
          },
          {
            "value": 2,
            "suit": "\u2666"
          },
          {
            "value": 5,
            "suit": "\u2663"
          },
          {
            "value": 10,
            "suit": "\u2660"
          },
          {
            "value": 3,
            "suit": "\u2665"
          },
          {
            "value": 10,
            "suit": "\u2665"
          },
          {
            "value": 11,
            "suit": "\u2663"
          },
          {
            "value": 8,
            "suit": "\u2665"
          },
          {
            "value": 14,
            "suit": "\u2660"
          },
          {
            "value": 10,
            "suit": "\u2663"
          },
          {
            "value": 12,
            "suit": "\u2660"
          },
          {
            "value": 5,
            "suit": "\u2660"
          },
          {
            "value": 8,
            "suit": "\u2663"
          },
          {
            "value": 12,
            "suit": "\u2663"
          },
          {
            "value": 4,
            "suit": "\u2660"
          },
          {
            "value": 2,
            "suit": "\u2665"
          },
          {
            "value": 11,
            "suit": "\u2660"
          },
          {
            "value": 7,
            "suit": "\u2666"
          },
          {
            "value": 6,
            "suit": "\u2665"
          },
          {
            "value": 9,
            "suit": "\u2666"
          },
          {
            "value": 4,
            "suit": "\u2666"
          },
          {
            "value": 2,
            "suit": "\u2663"
          },
          {
            "value": 13,
            "suit": "\u2660"
          },
          {
            "value": 9,
            "suit": "\u2665"
          },
          {
            "value": 3,
            "suit": "\u2663"
          },
          {
            "value": 2,
            "suit": "\u2660"
          },
          {
            "value": 4,
            "suit": "\u2663"
          },
          {
            "value": 14,
            "suit": "\u2663"
          },
          {
            "value": 3,
            "suit": "\u2666"
          },
          {
            "value": 8,
            "suit": "\u2666"
          },
          {
            "value": 10,
            "suit": "\u2666"
          },
          {
            "value": 9,
            "suit": "\u2663"
          },
          {
            "value": 6,
            "suit": "\u2663"
          },
          {
            "value": 7,
            "suit": "\u2660"
          },
          {
            "value": 3,
            "suit": "\u2660"
          }
        ],
        "room": [
          {
            "value": 5,
            "suit": "\u2665"
          },
          {
            "value": 6,
            "suit": "\u2666"
          }
        ],
        "discard": [
          {
            "value": 7,
            "suit": "\u2663"
          },
          {
            "value": 7,
            "suit": "\u2665"
          },
          {
            "value": 4,
            "suit": "\u2665"
          }
        ],
        "equipped_weapon": {
          "value": 5,
          "suit": "\u2666"
        },
        "weapon_monsters": [
          {
            "value": 8,
            "suit": "\u2660"
          }
        ],
        "used_potion": false,
        "health": 17,
        "number_avoided": 0,
        "last_room_avoided": false,
        "exit": false,
        "score": -176,
        "can_avoid": false,
        "can_use_potion": true,
        "game_over": false
      },
      "mcts_stats": [
        {
          "action": 0,
          "visits": 14902,
          "avg_value": 0.1285056251300566,
          "total_value": 1914.990825688103,
          "ucb1": 0.16780810703743698
        },
        {
          "action": 1,
          "visits": 85098,
          "avg_value": 0.16066139395463222,
          "total_value": 13671.963302751294,
          "ucb1": 0.17710823819039
        }
      ],
      "selected_action": 1
    },
    {
      "turn": 6,
      "game_state": {
        "dungeon": [
          {
            "value": 2,
            "suit": "\u2666"
          },
          {
            "value": 5,
            "suit": "\u2663"
          },
          {
            "value": 10,
            "suit": "\u2660"
          },
          {
            "value": 3,
            "suit": "\u2665"
          },
          {
            "value": 10,
            "suit": "\u2665"
          },
          {
            "value": 11,
            "suit": "\u2663"
          },
          {
            "value": 8,
            "suit": "\u2665"
          },
          {
            "value": 14,
            "suit": "\u2660"
          },
          {
            "value": 10,
            "suit": "\u2663"
          },
          {
            "value": 12,
            "suit": "\u2660"
          },
          {
            "value": 5,
            "suit": "\u2660"
          },
          {
            "value": 8,
            "suit": "\u2663"
          },
          {
            "value": 12,
            "suit": "\u2663"
          },
          {
            "value": 4,
            "suit": "\u2660"
          },
          {
            "value": 2,
            "suit": "\u2665"
          },
          {
            "value": 11,
            "suit": "\u2660"
          },
          {
            "value": 7,
            "suit": "\u2666"
          },
          {
            "value": 6,
            "suit": "\u2665"
          },
          {
            "value": 9,
            "suit": "\u2666"
          },
          {
            "value": 4,
            "suit": "\u2666"
          },
          {
            "value": 2,
            "suit": "\u2663"
          },
          {
            "value": 13,
            "suit": "\u2660"
          },
          {
            "value": 9,
            "suit": "\u2665"
          },
          {
            "value": 3,
            "suit": "\u2663"
          },
          {
            "value": 2,
            "suit": "\u2660"
          },
          {
            "value": 4,
            "suit": "\u2663"
          },
          {
            "value": 14,
            "suit": "\u2663"
          },
          {
            "value": 3,
            "suit": "\u2666"
          },
          {
            "value": 8,
            "suit": "\u2666"
          },
          {
            "value": 10,
            "suit": "\u2666"
          },
          {
            "value": 9,
            "suit": "\u2663"
          },
          {
            "value": 6,
            "suit": "\u2663"
          },
          {
            "value": 7,
            "suit": "\u2660"
          },
          {
            "value": 3,
            "suit": "\u2660"
          }
        ],
        "room": [
          {
            "value": 5,
            "suit": "\u2665"
          },
          {
            "value": 9,
            "suit": "\u2660"
          },
          {
            "value": 6,
            "suit": "\u2660"
          },
          {
            "value": 13,
            "suit": "\u2663"
          }
        ],
        "discard": [
          {
            "value": 7,
            "suit": "\u2663"
          },
          {
            "value": 7,
            "suit": "\u2665"
          },
          {
            "value": 4,
            "suit": "\u2665"
          },
          {
            "value": 5,
            "suit": "\u2666"
          },
          {
            "value": 8,
            "suit": "\u2660"
          }
        ],
        "equipped_weapon": {
          "value": 6,
          "suit": "\u2666"
        },
        "weapon_monsters": [],
        "used_potion": false,
        "health": 17,
        "number_avoided": 0,
        "last_room_avoided": false,
        "exit": false,
        "score": -176,
        "can_avoid": true,
        "can_use_potion": true,
        "game_over": false
      },
      "mcts_stats": [
        {
          "action": 0,
          "visits": 11094,
          "avg_value": 0.1438338435686387,
          "total_value": 1595.6926605504777,
          "ucb1": 0.18938487079120694
        },
        {
          "action": 1,
          "visits": 13555,
          "avg_value": 0.14978832415676324,
          "total_value": 2030.3807339449259,
          "ucb1": 0.1909973639329342
        },
        {
          "action": 2,
          "visits": 5173,
          "avg_value": 0.11482255252661529,
          "total_value": 593.9770642201809,
          "ucb1": 0.18152949218046055
        },
        {
          "action": 3,
          "visits": 61754,
          "avg_value": 0.17983376183632072,
          "total_value": 11105.45412844015,
          "ucb1": 0.19914053567513396
        },
        {
          "action": 4,
          "visits": 8424,
          "avg_value": 0.13461538461538436,
          "total_value": 1133.999999999998,
          "ucb1": 0.18688906484908938
        }
      ],
      "selected_action": 3
    },
    {
      "turn": 7,
      "game_state": {
        "dungeon": [
          {
            "value": 2,
            "suit": "\u2666"
          },
          {
            "value": 5,
            "suit": "\u2663"
          },
          {
            "value": 10,
            "suit": "\u2660"
          },
          {
            "value": 3,
            "suit": "\u2665"
          },
          {
            "value": 10,
            "suit": "\u2665"
          },
          {
            "value": 11,
            "suit": "\u2663"
          },
          {
            "value": 8,
            "suit": "\u2665"
          },
          {
            "value": 14,
            "suit": "\u2660"
          },
          {
            "value": 10,
            "suit": "\u2663"
          },
          {
            "value": 12,
            "suit": "\u2660"
          },
          {
            "value": 5,
            "suit": "\u2660"
          },
          {
            "value": 8,
            "suit": "\u2663"
          },
          {
            "value": 12,
            "suit": "\u2663"
          },
          {
            "value": 4,
            "suit": "\u2660"
          },
          {
            "value": 2,
            "suit": "\u2665"
          },
          {
            "value": 11,
            "suit": "\u2660"
          },
          {
            "value": 7,
            "suit": "\u2666"
          },
          {
            "value": 6,
            "suit": "\u2665"
          },
          {
            "value": 9,
            "suit": "\u2666"
          },
          {
            "value": 4,
            "suit": "\u2666"
          },
          {
            "value": 2,
            "suit": "\u2663"
          },
          {
            "value": 13,
            "suit": "\u2660"
          },
          {
            "value": 9,
            "suit": "\u2665"
          },
          {
            "value": 3,
            "suit": "\u2663"
          },
          {
            "value": 2,
            "suit": "\u2660"
          },
          {
            "value": 4,
            "suit": "\u2663"
          },
          {
            "value": 14,
            "suit": "\u2663"
          },
          {
            "value": 3,
            "suit": "\u2666"
          },
          {
            "value": 8,
            "suit": "\u2666"
          },
          {
            "value": 10,
            "suit": "\u2666"
          },
          {
            "value": 9,
            "suit": "\u2663"
          },
          {
            "value": 6,
            "suit": "\u2663"
          },
          {
            "value": 7,
            "suit": "\u2660"
          },
          {
            "value": 3,
            "suit": "\u2660"
          }
        ],
        "room": [
          {
            "value": 5,
            "suit": "\u2665"
          },
          {
            "value": 9,
            "suit": "\u2660"
          },
          {
            "value": 6,
            "suit": "\u2660"
          }
        ],
        "discard": [
          {
            "value": 7,
            "suit": "\u2663"
          },
          {
            "value": 7,
            "suit": "\u2665"
          },
          {
            "value": 4,
            "suit": "\u2665"
          },
          {
            "value": 5,
            "suit": "\u2666"
          },
          {
            "value": 8,
            "suit": "\u2660"
          }
        ],
        "equipped_weapon": {
          "value": 6,
          "suit": "\u2666"
        },
        "weapon_monsters": [
          {
            "value": 13,
            "suit": "\u2663"
          }
        ],
        "used_potion": false,
        "health": 10,
        "number_avoided": 0,
        "last_room_avoided": false,
        "exit": false,
        "score": -170,
        "can_avoid": false,
        "can_use_potion": true,
        "game_over": false
      },
      "mcts_stats": [
        {
          "action": 0,
          "visits": 25922,
          "avg_value": 0.17931139926484221,
          "total_value": 4648.1100917432395,
          "ucb1": 0.20911083240851058
        },
        {
          "action": 1,
          "visits": 63494,
          "avg_value": 0.19408176399243643,
          "total_value": 12323.02752293576,
          "ucb1": 0.21312215716907956
        },
        {
          "action": 2,
          "visits": 10584,
          "avg_value": 0.156228979869213,
          "total_value": 1653.5275229357503,
          "ucb1": 0.20286455535898523
        }
      ],
      "selected_action": 1
    },
    {
      "turn": 8,
      "game_state": {
        "dungeon": [
          {
            "value": 2,
            "suit": "\u2666"
          },
          {
            "value": 5,
            "suit": "\u2663"
          },
          {
            "value": 10,
            "suit": "\u2660"
          },
          {
            "value": 3,
            "suit": "\u2665"
          },
          {
            "value": 10,
            "suit": "\u2665"
          },
          {
            "value": 11,
            "suit": "\u2663"
          },
          {
            "value": 8,
            "suit": "\u2665"
          },
          {
            "value": 14,
            "suit": "\u2660"
          },
          {
            "value": 10,
            "suit": "\u2663"
          },
          {
            "value": 12,
            "suit": "\u2660"
          },
          {
            "value": 5,
            "suit": "\u2660"
          },
          {
            "value": 8,
            "suit": "\u2663"
          },
          {
            "value": 12,
            "suit": "\u2663"
          },
          {
            "value": 4,
            "suit": "\u2660"
          },
          {
            "value": 2,
            "suit": "\u2665"
          },
          {
            "value": 11,
            "suit": "\u2660"
          },
          {
            "value": 7,
            "suit": "\u2666"
          },
          {
            "value": 6,
            "suit": "\u2665"
          },
          {
            "value": 9,
            "suit": "\u2666"
          },
          {
            "value": 4,
            "suit": "\u2666"
          },
          {
            "value": 2,
            "suit": "\u2663"
          },
          {
            "value": 13,
            "suit": "\u2660"
          },
          {
            "value": 9,
            "suit": "\u2665"
          },
          {
            "value": 3,
            "suit": "\u2663"
          },
          {
            "value": 2,
            "suit": "\u2660"
          },
          {
            "value": 4,
            "suit": "\u2663"
          },
          {
            "value": 14,
            "suit": "\u2663"
          },
          {
            "value": 3,
            "suit": "\u2666"
          },
          {
            "value": 8,
            "suit": "\u2666"
          },
          {
            "value": 10,
            "suit": "\u2666"
          },
          {
            "value": 9,
            "suit": "\u2663"
          },
          {
            "value": 6,
            "suit": "\u2663"
          },
          {
            "value": 7,
            "suit": "\u2660"
          },
          {
            "value": 3,
            "suit": "\u2660"
          }
        ],
        "room": [
          {
            "value": 5,
            "suit": "\u2665"
          },
          {
            "value": 6,
            "suit": "\u2660"
          }
        ],
        "discard": [
          {
            "value": 7,
            "suit": "\u2663"
          },
          {
            "value": 7,
            "suit": "\u2665"
          },
          {
            "value": 4,
            "suit": "\u2665"
          },
          {
            "value": 5,
            "suit": "\u2666"
          },
          {
            "value": 8,
            "suit": "\u2660"
          }
        ],
        "equipped_weapon": {
          "value": 6,
          "suit": "\u2666"
        },
        "weapon_monsters": [
          {
            "value": 13,
            "suit": "\u2663"
          },
          {
            "value": 9,
            "suit": "\u2660"
          }
        ],
        "used_potion": false,
        "health": 7,
        "number_avoided": 0,
        "last_room_avoided": false,
        "exit": false,
        "score": -164,
        "can_avoid": false,
        "can_use_potion": true,
        "game_over": false
      },
      "mcts_stats": [
        {
          "action": 0,
          "visits": 26065,
          "avg_value": 0.1888512663295913,
          "total_value": 4922.408256880797,
          "ucb1": 0.2185688429658864
        },
        {
          "action": 1,
          "visits": 73935,
          "avg_value": 0.20559746566380133,
          "total_value": 15200.848623853151,
          "ucb1": 0.22324228505520838
        }
      ],
      "selected_action": 1
    },
    {
      "turn": 9,
      "game_state": {
        "dungeon": [
          {
            "value": 3,
            "suit": "\u2665"
          },
          {
            "value": 10,
            "suit": "\u2665"
          },
          {
            "value": 11,
            "suit": "\u2663"
          },
          {
            "value": 8,
            "suit": "\u2665"
          },
          {
            "value": 14,
            "suit": "\u2660"
          },
          {
            "value": 10,
            "suit": "\u2663"
          },
          {
            "value": 12,
            "suit": "\u2660"
          },
          {
            "value": 5,
            "suit": "\u2660"
          },
          {
            "value": 8,
            "suit": "\u2663"
          },
          {
            "value": 12,
            "suit": "\u2663"
          },
          {
            "value": 4,
            "suit": "\u2660"
          },
          {
            "value": 2,
            "suit": "\u2665"
          },
          {
            "value": 11,
            "suit": "\u2660"
          },
          {
            "value": 7,
            "suit": "\u2666"
          },
          {
            "value": 6,
            "suit": "\u2665"
          },
          {
            "value": 9,
            "suit": "\u2666"
          },
          {
            "value": 4,
            "suit": "\u2666"
          },
          {
            "value": 2,
            "suit": "\u2663"
          },
          {
            "value": 13,
            "suit": "\u2660"
          },
          {
            "value": 9,
            "suit": "\u2665"
          },
          {
            "value": 3,
            "suit": "\u2663"
          },
          {
            "value": 2,
            "suit": "\u2660"
          },
          {
            "value": 4,
            "suit": "\u2663"
          },
          {
            "value": 14,
            "suit": "\u2663"
          },
          {
            "value": 3,
            "suit": "\u2666"
          },
          {
            "value": 8,
            "suit": "\u2666"
          },
          {
            "value": 10,
            "suit": "\u2666"
          },
          {
            "value": 9,
            "suit": "\u2663"
          },
          {
            "value": 6,
            "suit": "\u2663"
          },
          {
            "value": 7,
            "suit": "\u2660"
          },
          {
            "value": 3,
            "suit": "\u2660"
          }
        ],
        "room": [
          {
            "value": 5,
            "suit": "\u2665"
          },
          {
            "value": 2,
            "suit": "\u2666"
          },
          {
            "value": 5,
            "suit": "\u2663"
          },
          {
            "value": 10,
            "suit": "\u2660"
          }
        ],
        "discard": [
          {
            "value": 7,
            "suit": "\u2663"
          },
          {
            "value": 7,
            "suit": "\u2665"
          },
          {
            "value": 4,
            "suit": "\u2665"
          },
          {
            "value": 5,
            "suit": "\u2666"
          },
          {
            "value": 8,
            "suit": "\u2660"
          }
        ],
        "equipped_weapon": {
          "value": 6,
          "suit": "\u2666"
        },
        "weapon_monsters": [
          {
            "value": 13,
            "suit": "\u2663"
          },
          {
            "value": 9,
            "suit": "\u2660"
          },
          {
            "value": 6,
            "suit": "\u2660"
          }
        ],
        "used_potion": false,
        "health": 7,
        "number_avoided": 0,
        "last_room_avoided": false,
        "exit": false,
        "score": -158,
        "can_avoid": true,
        "can_use_potion": true,
        "game_over": false
      },
      "mcts_stats": [
        {
          "action": 0,
          "visits": 35008,
          "avg_value": 0.21648564207604923,
          "total_value": 7578.729357798331,
          "ucb1": 0.24212803825509235
        },
        {
          "action": 1,
          "visits": 8021,
          "avg_value": 0.17819107869366305,
          "total_value": 1429.2706422018714,
          "ucb1": 0.2317618621457074
        },
        {
          "action": 2,
          "visits": 46723,
          "avg_value": 0.22121415557275262,
          "total_value": 10335.78899082572,
          "ucb1": 0.24341026697362894
        },
        {
          "action": 3,
          "visits": 3329,
          "avg_value": 0.13761467889907736,
          "total_value": 458.11926605502856,
          "ucb1": 0.22076910266918226
        },
        {
          "action": 4,
          "visits": 6919,
          "avg_value": 0.17255967148033863,
          "total_value": 1193.940366972463,
          "ucb1": 0.23023905243718162
        }
      ],
      "selected_action": 2
    },
    {
      "turn": 10,
      "game_state": {
        "dungeon": [
          {
            "value": 3,
            "suit": "\u2665"
          },
          {
            "value": 10,
            "suit": "\u2665"
          },
          {
            "value": 11,
            "suit": "\u2663"
          },
          {
            "value": 8,
            "suit": "\u2665"
          },
          {
            "value": 14,
            "suit": "\u2660"
          },
          {
            "value": 10,
            "suit": "\u2663"
          },
          {
            "value": 12,
            "suit": "\u2660"
          },
          {
            "value": 5,
            "suit": "\u2660"
          },
          {
            "value": 8,
            "suit": "\u2663"
          },
          {
            "value": 12,
            "suit": "\u2663"
          },
          {
            "value": 4,
            "suit": "\u2660"
          },
          {
            "value": 2,
            "suit": "\u2665"
          },
          {
            "value": 11,
            "suit": "\u2660"
          },
          {
            "value": 7,
            "suit": "\u2666"
          },
          {
            "value": 6,
            "suit": "\u2665"
          },
          {
            "value": 9,
            "suit": "\u2666"
          },
          {
            "value": 4,
            "suit": "\u2666"
          },
          {
            "value": 2,
            "suit": "\u2663"
          },
          {
            "value": 13,
            "suit": "\u2660"
          },
          {
            "value": 9,
            "suit": "\u2665"
          },
          {
            "value": 3,
            "suit": "\u2663"
          },
          {
            "value": 2,
            "suit": "\u2660"
          },
          {
            "value": 4,
            "suit": "\u2663"
          },
          {
            "value": 14,
            "suit": "\u2663"
          },
          {
            "value": 3,
            "suit": "\u2666"
          },
          {
            "value": 8,
            "suit": "\u2666"
          },
          {
            "value": 10,
            "suit": "\u2666"
          },
          {
            "value": 9,
            "suit": "\u2663"
          },
          {
            "value": 6,
            "suit": "\u2663"
          },
          {
            "value": 7,
            "suit": "\u2660"
          },
          {
            "value": 3,
            "suit": "\u2660"
          }
        ],
        "room": [
          {
            "value": 5,
            "suit": "\u2665"
          },
          {
            "value": 2,
            "suit": "\u2666"
          },
          {
            "value": 10,
            "suit": "\u2660"
          }
        ],
        "discard": [
          {
            "value": 7,
            "suit": "\u2663"
          },
          {
            "value": 7,
            "suit": "\u2665"
          },
          {
            "value": 4,
            "suit": "\u2665"
          },
          {
            "value": 5,
            "suit": "\u2666"
          },
          {
            "value": 8,
            "suit": "\u2660"
          }
        ],
        "equipped_weapon": {
          "value": 6,
          "suit": "\u2666"
        },
        "weapon_monsters": [
          {
            "value": 13,
            "suit": "\u2663"
          },
          {
            "value": 9,
            "suit": "\u2660"
          },
          {
            "value": 6,
            "suit": "\u2660"
          },
          {
            "value": 5,
            "suit": "\u2663"
          }
        ],
        "used_potion": false,
        "health": 7,
        "number_avoided": 0,
        "last_room_avoided": false,
        "exit": false,
        "score": -153,
        "can_avoid": false,
        "can_use_potion": true,
        "game_over": false
      },
      "mcts_stats": [
        {
          "action": 0,
          "visits": 47507,
          "avg_value": 0.2322404250228379,
          "total_value": 11033.04587155996,
          "ucb1": 0.2542526251636088
        },
        {
          "action": 1,
          "visits": 48323,
          "avg_value": 0.23249855188907395,
          "total_value": 11235.027522935721,
          "ucb1": 0.25432410767380886
        },
        {
          "action": 2,
          "visits": 4170,
          "avg_value": 0.16055045871559187,
          "total_value": 669.4954128440181,
          "ucb1": 0.2348479634794734
        }
      ],
      "selected_action": 1
    },
    {
      "turn": 11,
      "game_state": {
        "dungeon": [
          {
            "value": 3,
            "suit": "\u2665"
          },
          {
            "value": 10,
            "suit": "\u2665"
          },
          {
            "value": 11,
            "suit": "\u2663"
          },
          {
            "value": 8,
            "suit": "\u2665"
          },
          {
            "value": 14,
            "suit": "\u2660"
          },
          {
            "value": 10,
            "suit": "\u2663"
          },
          {
            "value": 12,
            "suit": "\u2660"
          },
          {
            "value": 5,
            "suit": "\u2660"
          },
          {
            "value": 8,
            "suit": "\u2663"
          },
          {
            "value": 12,
            "suit": "\u2663"
          },
          {
            "value": 4,
            "suit": "\u2660"
          },
          {
            "value": 2,
            "suit": "\u2665"
          },
          {
            "value": 11,
            "suit": "\u2660"
          },
          {
            "value": 7,
            "suit": "\u2666"
          },
          {
            "value": 6,
            "suit": "\u2665"
          },
          {
            "value": 9,
            "suit": "\u2666"
          },
          {
            "value": 4,
            "suit": "\u2666"
          },
          {
            "value": 2,
            "suit": "\u2663"
          },
          {
            "value": 13,
            "suit": "\u2660"
          },
          {
            "value": 9,
            "suit": "\u2665"
          },
          {
            "value": 3,
            "suit": "\u2663"
          },
          {
            "value": 2,
            "suit": "\u2660"
          },
          {
            "value": 4,
            "suit": "\u2663"
          },
          {
            "value": 14,
            "suit": "\u2663"
          },
          {
            "value": 3,
            "suit": "\u2666"
          },
          {
            "value": 8,
            "suit": "\u2666"
          },
          {
            "value": 10,
            "suit": "\u2666"
          },
          {
            "value": 9,
            "suit": "\u2663"
          },
          {
            "value": 6,
            "suit": "\u2663"
          },
          {
            "value": 7,
            "suit": "\u2660"
          },
          {
            "value": 3,
            "suit": "\u2660"
          }
        ],
        "room": [
          {
            "value": 5,
            "suit": "\u2665"
          },
          {
            "value": 10,
            "suit": "\u2660"
          }
        ],
        "discard": [
          {
            "value": 7,
            "suit": "\u2663"
          },
          {
            "value": 7,
            "suit": "\u2665"
          },
          {
            "value": 4,
            "suit": "\u2665"
          },
          {
            "value": 5,
            "suit": "\u2666"
          },
          {
            "value": 8,
            "suit": "\u2660"
          },
          {
            "value": 6,
            "suit": "\u2666"
          },
          {
            "value": 13,
            "suit": "\u2663"
          },
          {
            "value": 9,
            "suit": "\u2660"
          },
          {
            "value": 6,
            "suit": "\u2660"
          },
          {
            "value": 5,
            "suit": "\u2663"
          }
        ],
        "equipped_weapon": {
          "value": 2,
          "suit": "\u2666"
        },
        "weapon_monsters": [],
        "used_potion": false,
        "health": 7,
        "number_avoided": 0,
        "last_room_avoided": false,
        "exit": false,
        "score": -153,
        "can_avoid": false,
        "can_use_potion": true,
        "game_over": false
      },
      "mcts_stats": [
        {
          "action": 0,
          "visits": 95296,
          "avg_value": 0.24433426357507518,
          "total_value": 23284.077981650364,
          "ucb1": 0.2598761925558921
        },
        {
          "action": 1,
          "visits": 4704,
          "avg_value": 0.16972477064219424,
          "total_value": 798.3853211008817,
          "ucb1": 0.2396781338768526
        }
      ],
      "selected_action": 0
    },
    {
      "turn": 12,
      "game_state": {
        "dungeon": [
          {
            "value": 8,
            "suit": "\u2665"
          },
          {
            "value": 14,
            "suit": "\u2660"
          },
          {
            "value": 10,
            "suit": "\u2663"
          },
          {
            "value": 12,
            "suit": "\u2660"
          },
          {
            "value": 5,
            "suit": "\u2660"
          },
          {
            "value": 8,
            "suit": "\u2663"
          },
          {
            "value": 12,
            "suit": "\u2663"
          },
          {
            "value": 4,
            "suit": "\u2660"
          },
          {
            "value": 2,
            "suit": "\u2665"
          },
          {
            "value": 11,
            "suit": "\u2660"
          },
          {
            "value": 7,
            "suit": "\u2666"
          },
          {
            "value": 6,
            "suit": "\u2665"
          },
          {
            "value": 9,
            "suit": "\u2666"
          },
          {
            "value": 4,
            "suit": "\u2666"
          },
          {
            "value": 2,
            "suit": "\u2663"
          },
          {
            "value": 13,
            "suit": "\u2660"
          },
          {
            "value": 9,
            "suit": "\u2665"
          },
          {
            "value": 3,
            "suit": "\u2663"
          },
          {
            "value": 2,
            "suit": "\u2660"
          },
          {
            "value": 4,
            "suit": "\u2663"
          },
          {
            "value": 14,
            "suit": "\u2663"
          },
          {
            "value": 3,
            "suit": "\u2666"
          },
          {
            "value": 8,
            "suit": "\u2666"
          },
          {
            "value": 10,
            "suit": "\u2666"
          },
          {
            "value": 9,
            "suit": "\u2663"
          },
          {
            "value": 6,
            "suit": "\u2663"
          },
          {
            "value": 7,
            "suit": "\u2660"
          },
          {
            "value": 3,
            "suit": "\u2660"
          }
        ],
        "room": [
          {
            "value": 10,
            "suit": "\u2660"
          },
          {
            "value": 3,
            "suit": "\u2665"
          },
          {
            "value": 10,
            "suit": "\u2665"
          },
          {
            "value": 11,
            "suit": "\u2663"
          }
        ],
        "discard": [
          {
            "value": 7,
            "suit": "\u2663"
          },
          {
            "value": 7,
            "suit": "\u2665"
          },
          {
            "value": 4,
            "suit": "\u2665"
          },
          {
            "value": 5,
            "suit": "\u2666"
          },
          {
            "value": 8,
            "suit": "\u2660"
          },
          {
            "value": 6,
            "suit": "\u2666"
          },
          {
            "value": 13,
            "suit": "\u2663"
          },
          {
            "value": 9,
            "suit": "\u2660"
          },
          {
            "value": 6,
            "suit": "\u2660"
          },
          {
            "value": 5,
            "suit": "\u2663"
          },
          {
            "value": 5,
            "suit": "\u2665"
          }
        ],
        "equipped_weapon": {
          "value": 2,
          "suit": "\u2666"
        },
        "weapon_monsters": [],
        "used_potion": false,
        "health": 12,
        "number_avoided": 0,
        "last_room_avoided": false,
        "exit": false,
        "score": -148,
        "can_avoid": true,
        "can_use_potion": true,
        "game_over": false
      },
      "mcts_stats": [
        {
          "action": 0,
          "visits": 17241,
          "avg_value": 0.23927947515762552,
          "total_value": 4125.417431192622,
          "ucb1": 0.2758188430488547
        },
        {
          "action": 1,
          "visits": 8531,
          "avg_value": 0.21815902929305644,
          "total_value": 1861.1146788990645,
          "ucb1": 0.2701038539956362
        },
        {
          "action": 2,
          "visits": 34580,
          "avg_value": 0.25400361347973194,
          "total_value": 8783.44495412913,
          "ucb1": 0.27980421085343204
        },
        {
          "action": 3,
          "visits": 31393,
          "avg_value": 0.2522574862566434,
          "total_value": 7919.119266054806,
          "ucb1": 0.2793360637463958
        },
        {
          "action": 4,
          "visits": 8255,
          "avg_value": 0.21698053445507542,
          "total_value": 1791.1743119266475,
          "ucb1": 0.2697865886604993
        }
      ],
      "selected_action": 2
    },
    {
      "turn": 13,
      "game_state": {
        "dungeon": [
          {
            "value": 8,
            "suit": "\u2665"
          },
          {
            "value": 14,
            "suit": "\u2660"
          },
          {
            "value": 10,
            "suit": "\u2663"
          },
          {
            "value": 12,
            "suit": "\u2660"
          },
          {
            "value": 5,
            "suit": "\u2660"
          },
          {
            "value": 8,
            "suit": "\u2663"
          },
          {
            "value": 12,
            "suit": "\u2663"
          },
          {
            "value": 4,
            "suit": "\u2660"
          },
          {
            "value": 2,
            "suit": "\u2665"
          },
          {
            "value": 11,
            "suit": "\u2660"
          },
          {
            "value": 7,
            "suit": "\u2666"
          },
          {
            "value": 6,
            "suit": "\u2665"
          },
          {
            "value": 9,
            "suit": "\u2666"
          },
          {
            "value": 4,
            "suit": "\u2666"
          },
          {
            "value": 2,
            "suit": "\u2663"
          },
          {
            "value": 13,
            "suit": "\u2660"
          },
          {
            "value": 9,
            "suit": "\u2665"
          },
          {
            "value": 3,
            "suit": "\u2663"
          },
          {
            "value": 2,
            "suit": "\u2660"
          },
          {
            "value": 4,
            "suit": "\u2663"
          },
          {
            "value": 14,
            "suit": "\u2663"
          },
          {
            "value": 3,
            "suit": "\u2666"
          },
          {
            "value": 8,
            "suit": "\u2666"
          },
          {
            "value": 10,
            "suit": "\u2666"
          },
          {
            "value": 9,
            "suit": "\u2663"
          },
          {
            "value": 6,
            "suit": "\u2663"
          },
          {
            "value": 7,
            "suit": "\u2660"
          },
          {
            "value": 3,
            "suit": "\u2660"
          }
        ],
        "room": [
          {
            "value": 10,
            "suit": "\u2660"
          },
          {
            "value": 3,
            "suit": "\u2665"
          },
          {
            "value": 11,
            "suit": "\u2663"
          }
        ],
        "discard": [
          {
            "value": 7,
            "suit": "\u2663"
          },
          {
            "value": 7,
            "suit": "\u2665"
          },
          {
            "value": 4,
            "suit": "\u2665"
          },
          {
            "value": 5,
            "suit": "\u2666"
          },
          {
            "value": 8,
            "suit": "\u2660"
          },
          {
            "value": 6,
            "suit": "\u2666"
          },
          {
            "value": 13,
            "suit": "\u2663"
          },
          {
            "value": 9,
            "suit": "\u2660"
          },
          {
            "value": 6,
            "suit": "\u2660"
          },
          {
            "value": 5,
            "suit": "\u2663"
          },
          {
            "value": 5,
            "suit": "\u2665"
          },
          {
            "value": 10,
            "suit": "\u2665"
          }
        ],
        "equipped_weapon": {
          "value": 2,
          "suit": "\u2666"
        },
        "weapon_monsters": [],
        "used_potion": true,
        "health": 20,
        "number_avoided": 0,
        "last_room_avoided": false,
        "exit": false,
        "score": -140,
        "can_avoid": false,
        "can_use_potion": false,
        "game_over": false
      },
      "mcts_stats": [
        {
          "action": 0,
          "visits": 25037,
          "avg_value": 0.25159974247290656,
          "total_value": 6299.302752294162,
          "ucb1": 0.2819212724483532
        },
        {
          "action": 1,
          "visits": 34753,
          "avg_value": 0.2578841454384568,
          "total_value": 8962.247706422688,
          "ucb1": 0.28362044516834634
        },
        {
          "action": 2,
          "visits": 40210,
          "avg_value": 0.26036610546923905,
          "total_value": 10469.321100918103,
          "ucb1": 0.2842923875968
        }
      ],
      "selected_action": 2
    },
    {
      "turn": 14,
      "game_state": {
        "dungeon": [
          {
            "value": 8,
            "suit": "\u2665"
          },
          {
            "value": 14,
            "suit": "\u2660"
          },
          {
            "value": 10,
            "suit": "\u2663"
          },
          {
            "value": 12,
            "suit": "\u2660"
          },
          {
            "value": 5,
            "suit": "\u2660"
          },
          {
            "value": 8,
            "suit": "\u2663"
          },
          {
            "value": 12,
            "suit": "\u2663"
          },
          {
            "value": 4,
            "suit": "\u2660"
          },
          {
            "value": 2,
            "suit": "\u2665"
          },
          {
            "value": 11,
            "suit": "\u2660"
          },
          {
            "value": 7,
            "suit": "\u2666"
          },
          {
            "value": 6,
            "suit": "\u2665"
          },
          {
            "value": 9,
            "suit": "\u2666"
          },
          {
            "value": 4,
            "suit": "\u2666"
          },
          {
            "value": 2,
            "suit": "\u2663"
          },
          {
            "value": 13,
            "suit": "\u2660"
          },
          {
            "value": 9,
            "suit": "\u2665"
          },
          {
            "value": 3,
            "suit": "\u2663"
          },
          {
            "value": 2,
            "suit": "\u2660"
          },
          {
            "value": 4,
            "suit": "\u2663"
          },
          {
            "value": 14,
            "suit": "\u2663"
          },
          {
            "value": 3,
            "suit": "\u2666"
          },
          {
            "value": 8,
            "suit": "\u2666"
          },
          {
            "value": 10,
            "suit": "\u2666"
          },
          {
            "value": 9,
            "suit": "\u2663"
          },
          {
            "value": 6,
            "suit": "\u2663"
          },
          {
            "value": 7,
            "suit": "\u2660"
          },
          {
            "value": 3,
            "suit": "\u2660"
          }
        ],
        "room": [
          {
            "value": 10,
            "suit": "\u2660"
          },
          {
            "value": 3,
            "suit": "\u2665"
          }
        ],
        "discard": [
          {
            "value": 7,
            "suit": "\u2663"
          },
          {
            "value": 7,
            "suit": "\u2665"
          },
          {
            "value": 4,
            "suit": "\u2665"
          },
          {
            "value": 5,
            "suit": "\u2666"
          },
          {
            "value": 8,
            "suit": "\u2660"
          },
          {
            "value": 6,
            "suit": "\u2666"
          },
          {
            "value": 13,
            "suit": "\u2663"
          },
          {
            "value": 9,
            "suit": "\u2660"
          },
          {
            "value": 6,
            "suit": "\u2660"
          },
          {
            "value": 5,
            "suit": "\u2663"
          },
          {
            "value": 5,
            "suit": "\u2665"
          },
          {
            "value": 10,
            "suit": "\u2665"
          }
        ],
        "equipped_weapon": {
          "value": 2,
          "suit": "\u2666"
        },
        "weapon_monsters": [
          {
            "value": 11,
            "suit": "\u2663"
          }
        ],
        "used_potion": true,
        "health": 11,
        "number_avoided": 0,
        "last_room_avoided": false,
        "exit": false,
        "score": -138,
        "can_avoid": false,
        "can_use_potion": false,
        "game_over": false
      },
      "mcts_stats": [
        {
          "action": 0,
          "visits": 46096,
          "avg_value": 0.2633322678797379,
          "total_value": 12138.564220184398,
          "ucb1": 0.2856788256989541
        },
        {
          "action": 1,
          "visits": 53904,
          "avg_value": 0.26563806263804896,
          "total_value": 14318.954128441392,
          "ucb1": 0.28630288893934225
        }
      ],
      "selected_action": 1
    },
    {
      "turn": 15,
      "game_state": {
        "dungeon": [
          {
            "value": 12,
            "suit": "\u2660"
          },
          {
            "value": 5,
            "suit": "\u2660"
          },
          {
            "value": 8,
            "suit": "\u2663"
          },
          {
            "value": 12,
            "suit": "\u2663"
          },
          {
            "value": 4,
            "suit": "\u2660"
          },
          {
            "value": 2,
            "suit": "\u2665"
          },
          {
            "value": 11,
            "suit": "\u2660"
          },
          {
            "value": 7,
            "suit": "\u2666"
          },
          {
            "value": 6,
            "suit": "\u2665"
          },
          {
            "value": 9,
            "suit": "\u2666"
          },
          {
            "value": 4,
            "suit": "\u2666"
          },
          {
            "value": 2,
            "suit": "\u2663"
          },
          {
            "value": 13,
            "suit": "\u2660"
          },
          {
            "value": 9,
            "suit": "\u2665"
          },
          {
            "value": 3,
            "suit": "\u2663"
          },
          {
            "value": 2,
            "suit": "\u2660"
          },
          {
            "value": 4,
            "suit": "\u2663"
          },
          {
            "value": 14,
            "suit": "\u2663"
          },
          {
            "value": 3,
            "suit": "\u2666"
          },
          {
            "value": 8,
            "suit": "\u2666"
          },
          {
            "value": 10,
            "suit": "\u2666"
          },
          {
            "value": 9,
            "suit": "\u2663"
          },
          {
            "value": 6,
            "suit": "\u2663"
          },
          {
            "value": 7,
            "suit": "\u2660"
          },
          {
            "value": 3,
            "suit": "\u2660"
          }
        ],
        "room": [
          {
            "value": 10,
            "suit": "\u2660"
          },
          {
            "value": 8,
            "suit": "\u2665"
          },
          {
            "value": 14,
            "suit": "\u2660"
          },
          {
            "value": 10,
            "suit": "\u2663"
          }
        ],
        "discard": [
          {
            "value": 7,
            "suit": "\u2663"
          },
          {
            "value": 7,
            "suit": "\u2665"
          },
          {
            "value": 4,
            "suit": "\u2665"
          },
          {
            "value": 5,
            "suit": "\u2666"
          },
          {
            "value": 8,
            "suit": "\u2660"
          },
          {
            "value": 6,
            "suit": "\u2666"
          },
          {
            "value": 13,
            "suit": "\u2663"
          },
          {
            "value": 9,
            "suit": "\u2660"
          },
          {
            "value": 6,
            "suit": "\u2660"
          },
          {
            "value": 5,
            "suit": "\u2663"
          },
          {
            "value": 5,
            "suit": "\u2665"
          },
          {
            "value": 10,
            "suit": "\u2665"
          },
          {
            "value": 3,
            "suit": "\u2665"
          }
        ],
        "equipped_weapon": {
          "value": 2,
          "suit": "\u2666"
        },
        "weapon_monsters": [
          {
            "value": 11,
            "suit": "\u2663"
          }
        ],
        "used_potion": false,
        "health": 11,
        "number_avoided": 0,
        "last_room_avoided": false,
        "exit": false,
        "score": -138,
        "can_avoid": true,
        "can_use_potion": true,
        "game_over": false
      },
      "mcts_stats": [
        {
          "action": 0,
          "visits": 21314,
          "avg_value": 0.267917542245146,
          "total_value": 5710.394495413042,
          "ucb1": 0.30078073659935056
        },
        {
          "action": 1,
          "visits": 44028,
          "avg_value": 0.2816262461836182,
          "total_value": 12399.440366972343,
          "ucb1": 0.3044915921592004
        },
        {
          "action": 2,
          "visits": 6189,
          "avg_value": 0.22935779816513013,
          "total_value": 1419.4954128439904,
          "ucb1": 0.29034406008789654
        },
        {
          "action": 3,
          "visits": 21313,
          "avg_value": 0.267917629632955,
          "total_value": 5710.128440367171,
          "ucb1": 0.300781594944061
        },
        {
          "action": 4,
          "visits": 7156,
          "avg_value": 0.23521033225471,
          "total_value": 1683.1651376147047,
          "ucb1": 0.2919265276477879
        }
      ],
      "selected_action": 1
    },
    {
      "turn": 16,
      "game_state": {
        "dungeon": [
          {
            "value": 12,
            "suit": "\u2660"
          },
          {
            "value": 5,
            "suit": "\u2660"
          },
          {
            "value": 8,
            "suit": "\u2663"
          },
          {
            "value": 12,
            "suit": "\u2663"
          },
          {
            "value": 4,
            "suit": "\u2660"
          },
          {
            "value": 2,
            "suit": "\u2665"
          },
          {
            "value": 11,
            "suit": "\u2660"
          },
          {
            "value": 7,
            "suit": "\u2666"
          },
          {
            "value": 6,
            "suit": "\u2665"
          },
          {
            "value": 9,
            "suit": "\u2666"
          },
          {
            "value": 4,
            "suit": "\u2666"
          },
          {
            "value": 2,
            "suit": "\u2663"
          },
          {
            "value": 13,
            "suit": "\u2660"
          },
          {
            "value": 9,
            "suit": "\u2665"
          },
          {
            "value": 3,
            "suit": "\u2663"
          },
          {
            "value": 2,
            "suit": "\u2660"
          },
          {
            "value": 4,
            "suit": "\u2663"
          },
          {
            "value": 14,
            "suit": "\u2663"
          },
          {
            "value": 3,
            "suit": "\u2666"
          },
          {
            "value": 8,
            "suit": "\u2666"
          },
          {
            "value": 10,
            "suit": "\u2666"
          },
          {
            "value": 9,
            "suit": "\u2663"
          },
          {
            "value": 6,
            "suit": "\u2663"
          },
          {
            "value": 7,
            "suit": "\u2660"
          },
          {
            "value": 3,
            "suit": "\u2660"
          }
        ],
        "room": [
          {
            "value": 10,
            "suit": "\u2660"
          },
          {
            "value": 14,
            "suit": "\u2660"
          },
          {
            "value": 10,
            "suit": "\u2663"
          }
        ],
        "discard": [
          {
            "value": 7,
            "suit": "\u2663"
          },
          {
            "value": 7,
            "suit": "\u2665"
          },
          {
            "value": 4,
            "suit": "\u2665"
          },
          {
            "value": 5,
            "suit": "\u2666"
          },
          {
            "value": 8,
            "suit": "\u2660"
          },
          {
            "value": 6,
            "suit": "\u2666"
          },
          {
            "value": 13,
            "suit": "\u2663"
          },
          {
            "value": 9,
            "suit": "\u2660"
          },
          {
            "value": 6,
            "suit": "\u2660"
          },
          {
            "value": 5,
            "suit": "\u2663"
          },
          {
            "value": 5,
            "suit": "\u2665"
          },
          {
            "value": 10,
            "suit": "\u2665"
          },
          {
            "value": 3,
            "suit": "\u2665"
          },
          {
            "value": 8,
            "suit": "\u2665"
          }
        ],
        "equipped_weapon": {
          "value": 2,
          "suit": "\u2666"
        },
        "weapon_monsters": [
          {
            "value": 11,
            "suit": "\u2663"
          }
        ],
        "used_potion": true,
        "health": 19,
        "number_avoided": 0,
        "last_room_avoided": false,
        "exit": false,
        "score": -130,
        "can_avoid": false,
        "can_use_potion": false,
        "game_over": false
      },
      "mcts_stats": [
        {
          "action": 0,
          "visits": 38346,
          "avg_value": 0.2847223518164352,
          "total_value": 10917.963302753024,
          "ucb1": 0.309223262211888
        },
        {
          "action": 1,
          "visits": 23310,
          "avg_value": 0.27522935779821867,
          "total_value": 6415.596330276478,
          "ucb1": 0.3066540562707043
        },
        {
          "action": 2,
          "visits": 38344,
          "avg_value": 0.2847216506488054,
          "total_value": 10917.366972477794,
          "ucb1": 0.3092232000123084
        }
      ],
      "selected_action": 0
    },
    {
      "turn": 17,
      "game_state": {
        "dungeon": [
          {
            "value": 12,
            "suit": "\u2660"
          },
          {
            "value": 5,
            "suit": "\u2660"
          },
          {
            "value": 8,
            "suit": "\u2663"
          },
          {
            "value": 12,
            "suit": "\u2663"
          },
          {
            "value": 4,
            "suit": "\u2660"
          },
          {
            "value": 2,
            "suit": "\u2665"
          },
          {
            "value": 11,
            "suit": "\u2660"
          },
          {
            "value": 7,
            "suit": "\u2666"
          },
          {
            "value": 6,
            "suit": "\u2665"
          },
          {
            "value": 9,
            "suit": "\u2666"
          },
          {
            "value": 4,
            "suit": "\u2666"
          },
          {
            "value": 2,
            "suit": "\u2663"
          },
          {
            "value": 13,
            "suit": "\u2660"
          },
          {
            "value": 9,
            "suit": "\u2665"
          },
          {
            "value": 3,
            "suit": "\u2663"
          },
          {
            "value": 2,
            "suit": "\u2660"
          },
          {
            "value": 4,
            "suit": "\u2663"
          },
          {
            "value": 14,
            "suit": "\u2663"
          },
          {
            "value": 3,
            "suit": "\u2666"
          },
          {
            "value": 8,
            "suit": "\u2666"
          },
          {
            "value": 10,
            "suit": "\u2666"
          },
          {
            "value": 9,
            "suit": "\u2663"
          },
          {
            "value": 6,
            "suit": "\u2663"
          },
          {
            "value": 7,
            "suit": "\u2660"
          },
          {
            "value": 3,
            "suit": "\u2660"
          }
        ],
        "room": [
          {
            "value": 14,
            "suit": "\u2660"
          },
          {
            "value": 10,
            "suit": "\u2663"
          }
        ],
        "discard": [
          {
            "value": 7,
            "suit": "\u2663"
          },
          {
            "value": 7,
            "suit": "\u2665"
          },
          {
            "value": 4,
            "suit": "\u2665"
          },
          {
            "value": 5,
            "suit": "\u2666"
          },
          {
            "value": 8,
            "suit": "\u2660"
          },
          {
            "value": 6,
            "suit": "\u2666"
          },
          {
            "value": 13,
            "suit": "\u2663"
          },
          {
            "value": 9,
            "suit": "\u2660"
          },
          {
            "value": 6,
            "suit": "\u2660"
          },
          {
            "value": 5,
            "suit": "\u2663"
          },
          {
            "value": 5,
            "suit": "\u2665"
          },
          {
            "value": 10,
            "suit": "\u2665"
          },
          {
            "value": 3,
            "suit": "\u2665"
          },
          {
            "value": 8,
            "suit": "\u2665"
          }
        ],
        "equipped_weapon": {
          "value": 2,
          "suit": "\u2666"
        },
        "weapon_monsters": [
          {
            "value": 11,
            "suit": "\u2663"
          },
          {
            "value": 10,
            "suit": "\u2660"
          }
        ],
        "used_potion": true,
        "health": 11,
        "number_avoided": 0,
        "last_room_avoided": false,
        "exit": false,
        "score": -128,
        "can_avoid": false,
        "can_use_potion": false,
        "game_over": false
      },
      "mcts_stats": [
        {
          "action": 0,
          "visits": 27902,
          "avg_value": 0.2752293577982243,
          "total_value": 7679.449541286054,
          "ucb1": 0.3039520132631439
        },
        {
          "action": 1,
          "visits": 72098,
          "avg_value": 0.2901107335810041,
          "total_value": 20916.403669723233,
          "ucb1": 0.3079789270922962
        }
      ],
      "selected_action": 1
    },
    {
      "turn": 18,
      "game_state": {
        "dungeon": [
          {
            "value": 12,
            "suit": "\u2663"
          },
          {
            "value": 4,
            "suit": "\u2660"
          },
          {
            "value": 2,
            "suit": "\u2665"
          },
          {
            "value": 11,
            "suit": "\u2660"
          },
          {
            "value": 7,
            "suit": "\u2666"
          },
          {
            "value": 6,
            "suit": "\u2665"
          },
          {
            "value": 9,
            "suit": "\u2666"
          },
          {
            "value": 4,
            "suit": "\u2666"
          },
          {
            "value": 2,
            "suit": "\u2663"
          },
          {
            "value": 13,
            "suit": "\u2660"
          },
          {
            "value": 9,
            "suit": "\u2665"
          },
          {
            "value": 3,
            "suit": "\u2663"
          },
          {
            "value": 2,
            "suit": "\u2660"
          },
          {
            "value": 4,
            "suit": "\u2663"
          },
          {
            "value": 14,
            "suit": "\u2663"
          },
          {
            "value": 3,
            "suit": "\u2666"
          },
          {
            "value": 8,
            "suit": "\u2666"
          },
          {
            "value": 10,
            "suit": "\u2666"
          },
          {
            "value": 9,
            "suit": "\u2663"
          },
          {
            "value": 6,
            "suit": "\u2663"
          },
          {
            "value": 7,
            "suit": "\u2660"
          },
          {
            "value": 3,
            "suit": "\u2660"
          }
        ],
        "room": [
          {
            "value": 14,
            "suit": "\u2660"
          },
          {
            "value": 12,
            "suit": "\u2660"
          },
          {
            "value": 5,
            "suit": "\u2660"
          },
          {
            "value": 8,
            "suit": "\u2663"
          }
        ],
        "discard": [
          {
            "value": 7,
            "suit": "\u2663"
          },
          {
            "value": 7,
            "suit": "\u2665"
          },
          {
            "value": 4,
            "suit": "\u2665"
          },
          {
            "value": 5,
            "suit": "\u2666"
          },
          {
            "value": 8,
            "suit": "\u2660"
          },
          {
            "value": 6,
            "suit": "\u2666"
          },
          {
            "value": 13,
            "suit": "\u2663"
          },
          {
            "value": 9,
            "suit": "\u2660"
          },
          {
            "value": 6,
            "suit": "\u2660"
          },
          {
            "value": 5,
            "suit": "\u2663"
          },
          {
            "value": 5,
            "suit": "\u2665"
          },
          {
            "value": 10,
            "suit": "\u2665"
          },
          {
            "value": 3,
            "suit": "\u2665"
          },
          {
            "value": 8,
            "suit": "\u2665"
          }
        ],
        "equipped_weapon": {
          "value": 2,
          "suit": "\u2666"
        },
        "weapon_monsters": [
          {
            "value": 11,
            "suit": "\u2663"
          },
          {
            "value": 10,
            "suit": "\u2660"
          },
          {
            "value": 10,
            "suit": "\u2663"
          }
        ],
        "used_potion": false,
        "health": 3,
        "number_avoided": 0,
        "last_room_avoided": false,
        "exit": false,
        "score": -126,
        "can_avoid": true,
        "can_use_potion": true,
        "game_over": false
      },
      "mcts_stats": [
        {
          "action": 0,
          "visits": 15898,
          "avg_value": 0.28440366972473685,
          "total_value": 4521.449541283867,
          "ucb1": 0.3224551021029793
        },
        {
          "action": 1,
          "visits": 15898,
          "avg_value": 0.28440366972473685,
          "total_value": 4521.449541283867,
          "ucb1": 0.3224551021029793
        },
        {
          "action": 2,
          "visits": 23406,
          "avg_value": 0.2935779816513242,
          "total_value": 6871.486238530894,
          "ucb1": 0.3249381695123357
        },
        {
          "action": 3,
          "visits": 23404,
          "avg_value": 0.2935779816513242,
          "total_value": 6870.899082567592,
          "ucb1": 0.3249395094336275
        },
        {
          "action": 4,
          "visits": 21394,
          "avg_value": 0.2916028072690982,
          "total_value": 6238.550458715087,
          "ucb1": 0.3244045003167526
        }
      ],
      "selected_action": 2
    }
  ]
}