{
  "metadata": {
    "seed": 657257942,
    "num_simulations": 100000,
    "timestamp": "2025-12-21T10:49:40.603887",
    "final_score": -188,
    "num_turns": 4,
    "final_state": {
      "dungeon": [
        {
          "value": 12,
          "suit": "\u2663"
        },
        {
          "value": 11,
          "suit": "\u2663"
        },
        {
          "value": 14,
          "suit": "\u2660"
        },
        {
          "value": 12,
          "suit": "\u2660"
        },
        {
          "value": 5,
          "suit": "\u2663"
        },
        {
          "value": 10,
          "suit": "\u2663"
        },
        {
          "value": 8,
          "suit": "\u2663"
        },
        {
          "value": 9,
          "suit": "\u2666"
        },
        {
          "value": 3,
          "suit": "\u2663"
        },
        {
          "value": 8,
          "suit": "\u2665"
        },
        {
          "value": 2,
          "suit": "\u2660"
        },
        {
          "value": 6,
          "suit": "\u2663"
        },
        {
          "value": 4,
          "suit": "\u2660"
        },
        {
          "value": 8,
          "suit": "\u2660"
        },
        {
          "value": 3,
          "suit": "\u2660"
        },
        {
          "value": 4,
          "suit": "\u2666"
        },
        {
          "value": 10,
          "suit": "\u2665"
        },
        {
          "value": 9,
          "suit": "\u2665"
        },
        {
          "value": 13,
          "suit": "\u2660"
        },
        {
          "value": 11,
          "suit": "\u2660"
        },
        {
          "value": 3,
          "suit": "\u2665"
        },
        {
          "value": 4,
          "suit": "\u2665"
        },
        {
          "value": 5,
          "suit": "\u2665"
        },
        {
          "value": 7,
          "suit": "\u2663"
        },
        {
          "value": 6,
          "suit": "\u2660"
        },
        {
          "value": 7,
          "suit": "\u2665"
        },
        {
          "value": 7,
          "suit": "\u2666"
        },
        {
          "value": 8,
          "suit": "\u2666"
        },
        {
          "value": 3,
          "suit": "\u2666"
        },
        {
          "value": 9,
          "suit": "\u2660"
        },
        {
          "value": 5,
          "suit": "\u2660"
        },
        {
          "value": 5,
          "suit": "\u2666"
        },
        {
          "value": 2,
          "suit": "\u2666"
        },
        {
          "value": 2,
          "suit": "\u2665"
        },
        {
          "value": 6,
          "suit": "\u2665"
        },
        {
          "value": 10,
          "suit": "\u2666"
        },
        {
          "value": 6,
          "suit": "\u2666"
        }
      ],
      "room": [
        {
          "value": 13,
          "suit": "\u2663"
        },
        {
          "value": 9,
          "suit": "\u2663"
        },
        {
          "value": 14,
          "suit": "\u2663"
        }
      ],
      "discard": [
        {
          "value": 2,
          "suit": "\u2663"
        },
        {
          "value": 10,
          "suit": "\u2660"
        },
        {
          "value": 7,
          "suit": "\u2660"
        },
        {
          "value": 4,
          "suit": "\u2663"
        }
      ],
      "equipped_weapon": null,
      "weapon_monsters": [],
      "used_potion": false,
      "health": -3,
      "number_avoided": 0,
      "last_room_avoided": false,
      "exit": false,
      "score": -188,
      "can_avoid": false,
      "can_use_potion": true,
      "game_over": true
    }
  },
  "events": [
    {
      "turn": 0,
      "game_state": {
        "dungeon": [
          {
            "value": 9,
            "suit": "\u2663"
          },
          {
            "value": 4,
            "suit": "\u2663"
          },
          {
            "value": 14,
            "suit": "\u2663"
          },
          {
            "value": 12,
            "suit": "\u2663"
          },
          {
            "value": 11,
            "suit": "\u2663"
          },
          {
            "value": 14,
            "suit": "\u2660"
          },
          {
            "value": 12,
            "suit": "\u2660"
          },
          {
            "value": 5,
            "suit": "\u2663"
          },
          {
            "value": 10,
            "suit": "\u2663"
          },
          {
            "value": 8,
            "suit": "\u2663"
          },
          {
            "value": 9,
            "suit": "\u2666"
          },
          {
            "value": 3,
            "suit": "\u2663"
          },
          {
            "value": 8,
            "suit": "\u2665"
          },
          {
            "value": 2,
            "suit": "\u2660"
          },
          {
            "value": 6,
            "suit": "\u2663"
          },
          {
            "value": 4,
            "suit": "\u2660"
          },
          {
            "value": 8,
            "suit": "\u2660"
          },
          {
            "value": 3,
            "suit": "\u2660"
          },
          {
            "value": 4,
            "suit": "\u2666"
          },
          {
            "value": 10,
            "suit": "\u2665"
          },
          {
            "value": 9,
            "suit": "\u2665"
          },
          {
            "value": 13,
            "suit": "\u2660"
          },
          {
            "value": 11,
            "suit": "\u2660"
          },
          {
            "value": 3,
            "suit": "\u2665"
          },
          {
            "value": 4,
            "suit": "\u2665"
          },
          {
            "value": 5,
            "suit": "\u2665"
          },
          {
            "value": 7,
            "suit": "\u2663"
          },
          {
            "value": 6,
            "suit": "\u2660"
          },
          {
            "value": 7,
            "suit": "\u2665"
          },
          {
            "value": 7,
            "suit": "\u2666"
          },
          {
            "value": 8,
            "suit": "\u2666"
          },
          {
            "value": 3,
            "suit": "\u2666"
          },
          {
            "value": 9,
            "suit": "\u2660"
          },
          {
            "value": 5,
            "suit": "\u2660"
          },
          {
            "value": 5,
            "suit": "\u2666"
          },
          {
            "value": 2,
            "suit": "\u2666"
          },
          {
            "value": 2,
            "suit": "\u2665"
          },
          {
            "value": 6,
            "suit": "\u2665"
          },
          {
            "value": 10,
            "suit": "\u2666"
          },
          {
            "value": 6,
            "suit": "\u2666"
          }
        ],
        "room": [
          {
            "value": 13,
            "suit": "\u2663"
          },
          {
            "value": 2,
            "suit": "\u2663"
          },
          {
            "value": 10,
            "suit": "\u2660"
          },
          {
            "value": 7,
            "suit": "\u2660"
          }
        ],
        "discard": [],
        "equipped_weapon": null,
        "weapon_monsters": [],
        "used_potion": false,
        "health": 20,
        "number_avoided": 0,
        "last_room_avoided": false,
        "exit": false,
        "score": -188,
        "can_avoid": true,
        "can_use_potion": true,
        "game_over": false
      },
      "mcts_stats": [
        {
          "action": 0,
          "visits": 20000,
          "avg_value": 0.0,
          "total_value": 0.0,
          "ucb1": 0.033925578199169734
        },
        {
          "action": 1,
          "visits": 20000,
          "avg_value": 0.0,
          "total_value": 0.0,
          "ucb1": 0.033925578199169734
        },
        {
          "action": 2,
          "visits": 20000,
          "avg_value": 0.0,
          "total_value": 0.0,
          "ucb1": 0.033925578199169734
        },
        {
          "action": 3,
          "visits": 20000,
          "avg_value": 0.0,
          "total_value": 0.0,
          "ucb1": 0.033925578199169734
        },
        {
          "action": 4,
          "visits": 20000,
          "avg_value": 0.0,
          "total_value": 0.0,
          "ucb1": 0.033925578199169734
        }
      ],
      "selected_action": 1
    },
    {
      "turn": 1,
      "game_state": {
        "dungeon": [
          {
            "value": 9,
            "suit": "\u2663"
          },
          {
            "value": 4,
            "suit": "\u2663"
          },
          {
            "value": 14,
            "suit": "\u2663"
          },
          {
            "value": 12,
            "suit": "\u2663"
          },
          {
            "value": 11,
            "suit": "\u2663"
          },
          {
            "value": 14,
            "suit": "\u2660"
          },
          {
            "value": 12,
            "suit": "\u2660"
          },
          {
            "value": 5,
            "suit": "\u2663"
          },
          {
            "value": 10,
            "suit": "\u2663"
          },
          {
            "value": 8,
            "suit": "\u2663"
          },
          {
            "value": 9,
            "suit": "\u2666"
          },
          {
            "value": 3,
            "suit": "\u2663"
          },
          {
            "value": 8,
            "suit": "\u2665"
          },
          {
            "value": 2,
            "suit": "\u2660"
          },
          {
            "value": 6,
            "suit": "\u2663"
          },
          {
            "value": 4,
            "suit": "\u2660"
          },
          {
            "value": 8,
            "suit": "\u2660"
          },
          {
            "value": 3,
            "suit": "\u2660"
          },
          {
            "value": 4,
            "suit": "\u2666"
          },
          {
            "value": 10,
            "suit": "\u2665"
          },
          {
            "value": 9,
            "suit": "\u2665"
          },
          {
            "value": 13,
            "suit": "\u2660"
          },
          {
            "value": 11,
            "suit": "\u2660"
          },
          {
            "value": 3,
            "suit": "\u2665"
          },
          {
            "value": 4,
            "suit": "\u2665"
          },
          {
            "value": 5,
            "suit": "\u2665"
          },
          {
            "value": 7,
            "suit": "\u2663"
          },
          {
            "value": 6,
            "suit": "\u2660"
          },
          {
            "value": 7,
            "suit": "\u2665"
          },
          {
            "value": 7,
            "suit": "\u2666"
          },
          {
            "value": 8,
            "suit": "\u2666"
          },
          {
            "value": 3,
            "suit": "\u2666"
          },
          {
            "value": 9,
            "suit": "\u2660"
          },
          {
            "value": 5,
            "suit": "\u2660"
          },
          {
            "value": 5,
            "suit": "\u2666"
          },
          {
            "value": 2,
            "suit": "\u2666"
          },
          {
            "value": 2,
            "suit": "\u2665"
          },
          {
            "value": 6,
            "suit": "\u2665"
          },
          {
            "value": 10,
            "suit": "\u2666"
          },
          {
            "value": 6,
            "suit": "\u2666"
          }
        ],
        "room": [
          {
            "value": 13,
            "suit": "\u2663"
          },
          {
            "value": 10,
            "suit": "\u2660"
          },
          {
            "value": 7,
            "suit": "\u2660"
          }
        ],
        "discard": [
          {
            "value": 2,
            "suit": "\u2663"
          }
        ],
        "equipped_weapon": null,
        "weapon_monsters": [],
        "used_potion": false,
        "health": 18,
        "number_avoided": 0,
        "last_room_avoided": false,
        "exit": false,
        "score": -188,
        "can_avoid": false,
        "can_use_potion": true,
        "game_over": false
      },
      "mcts_stats": [
        {
          "action": 0,
          "visits": 33333,
          "avg_value": 0.0,
          "total_value": 0.0,
          "ucb1": 0.02627877126935319
        },
        {
          "action": 1,
          "visits": 33334,
          "avg_value": 0.0,
          "total_value": 0.0,
          "ucb1": 0.026278377092711337
        },
        {
          "action": 2,
          "visits": 33333,
          "avg_value": 0.0,
          "total_value": 0.0,
          "ucb1": 0.02627877126935319
        }
      ],
      "selected_action": 1
    },
    {
      "turn": 2,
      "game_state": {
        "dungeon": [
          {
            "value": 9,
            "suit": "\u2663"
          },
          {
            "value": 4,
            "suit": "\u2663"
          },
          {
            "value": 14,
            "suit": "\u2663"
          },
          {
            "value": 12,
            "suit": "\u2663"
          },
          {
            "value": 11,
            "suit": "\u2663"
          },
          {
            "value": 14,
            "suit": "\u2660"
          },
          {
            "value": 12,
            "suit": "\u2660"
          },
          {
            "value": 5,
            "suit": "\u2663"
          },
          {
            "value": 10,
            "suit": "\u2663"
          },
          {
            "value": 8,
            "suit": "\u2663"
          },
          {
            "value": 9,
            "suit": "\u2666"
          },
          {
            "value": 3,
            "suit": "\u2663"
          },
          {
            "value": 8,
            "suit": "\u2665"
          },
          {
            "value": 2,
            "suit": "\u2660"
          },
          {
            "value": 6,
            "suit": "\u2663"
          },
          {
            "value": 4,
            "suit": "\u2660"
          },
          {
            "value": 8,
            "suit": "\u2660"
          },
          {
            "value": 3,
            "suit": "\u2660"
          },
          {
            "value": 4,
            "suit": "\u2666"
          },
          {
            "value": 10,
            "suit": "\u2665"
          },
          {
            "value": 9,
            "suit": "\u2665"
          },
          {
            "value": 13,
            "suit": "\u2660"
          },
          {
            "value": 11,
            "suit": "\u2660"
          },
          {
            "value": 3,
            "suit": "\u2665"
          },
          {
            "value": 4,
            "suit": "\u2665"
          },
          {
            "value": 5,
            "suit": "\u2665"
          },
          {
            "value": 7,
            "suit": "\u2663"
          },
          {
            "value": 6,
            "suit": "\u2660"
          },
          {
            "value": 7,
            "suit": "\u2665"
          },
          {
            "value": 7,
            "suit": "\u2666"
          },
          {
            "value": 8,
            "suit": "\u2666"
          },
          {
            "value": 3,
            "suit": "\u2666"
          },
          {
            "value": 9,
            "suit": "\u2660"
          },
          {
            "value": 5,
            "suit": "\u2660"
          },
          {
            "value": 5,
            "suit": "\u2666"
          },
          {
            "value": 2,
            "suit": "\u2666"
          },
          {
            "value": 2,
            "suit": "\u2665"
          },
          {
            "value": 6,
            "suit": "\u2665"
          },
          {
            "value": 10,
            "suit": "\u2666"
          },
          {
            "value": 6,
            "suit": "\u2666"
          }
        ],
        "room": [
          {
            "value": 13,
            "suit": "\u2663"
          },
          {
            "value": 7,
            "suit": "\u2660"
          }
        ],
        "discard": [
          {
            "value": 2,
            "suit": "\u2663"
          },
          {
            "value": 10,
            "suit": "\u2660"
          }
        ],
        "equipped_weapon": null,
        "weapon_monsters": [],
        "used_potion": false,
        "health": 8,
        "number_avoided": 0,
        "last_room_avoided": false,
        "exit": false,
        "score": -188,
        "can_avoid": false,
        "can_use_potion": true,
        "game_over": false
      },
      "mcts_stats": [
        {
          "action": 0,
          "visits": 50000,
          "avg_value": 0.0,
          "total_value": 0.0,
          "ucb1": 0.021456419609505967
        },
        {
          "action": 1,
          "visits": 50000,
          "avg_value": 0.0,
          "total_value": 0.0,
          "ucb1": 0.021456419609505967
        }
      ],
      "selected_action": 1
    },
    {
      "turn": 3,
      "game_state": {
        "dungeon": [
          {
            "value": 12,
            "suit": "\u2663"
          },
          {
            "value": 11,
            "suit": "\u2663"
          },
          {
            "value": 14,
            "suit": "\u2660"
          },
          {
            "value": 12,
            "suit": "\u2660"
          },
          {
            "value": 5,
            "suit": "\u2663"
          },
          {
            "value": 10,
            "suit": "\u2663"
          },
          {
            "value": 8,
            "suit": "\u2663"
          },
          {
            "value": 9,
            "suit": "\u2666"
          },
          {
            "value": 3,
            "suit": "\u2663"
          },
          {
            "value": 8,
            "suit": "\u2665"
          },
          {
            "value": 2,
            "suit": "\u2660"
          },
          {
            "value": 6,
            "suit": "\u2663"
          },
          {
            "value": 4,
            "suit": "\u2660"
          },
          {
            "value": 8,
            "suit": "\u2660"
          },
          {
            "value": 3,
            "suit": "\u2660"
          },
          {
            "value": 4,
            "suit": "\u2666"
          },
          {
            "value": 10,
            "suit": "\u2665"
          },
          {
            "value": 9,
            "suit": "\u2665"
          },
          {
            "value": 13,
            "suit": "\u2660"
          },
          {
            "value": 11,
            "suit": "\u2660"
          },
          {
            "value": 3,
            "suit": "\u2665"
          },
          {
            "value": 4,
            "suit": "\u2665"
          },
          {
            "value": 5,
            "suit": "\u2665"
          },
          {
            "value": 7,
            "suit": "\u2663"
          },
          {
            "value": 6,
            "suit": "\u2660"
          },
          {
            "value": 7,
            "suit": "\u2665"
          },
          {
            "value": 7,
            "suit": "\u2666"
          },
          {
            "value": 8,
            "suit": "\u2666"
          },
          {
            "value": 3,
            "suit": "\u2666"
          },
          {
            "value": 9,
            "suit": "\u2660"
          },
          {
            "value": 5,
            "suit": "\u2660"
          },
          {
            "value": 5,
            "suit": "\u2666"
          },
          {
            "value": 2,
            "suit": "\u2666"
          },
          {
            "value": 2,
            "suit": "\u2665"
          },
          {
            "value": 6,
            "suit": "\u2665"
          },
          {
            "value": 10,
            "suit": "\u2666"
          },
          {
            "value": 6,
            "suit": "\u2666"
          }
        ],
        "room": [
          {
            "value": 13,
            "suit": "\u2663"
          },
          {
            "value": 9,
            "suit": "\u2663"
          },
          {
            "value": 4,
            "suit": "\u2663"
          },
          {
            "value": 14,
            "suit": "\u2663"
          }
        ],
        "discard": [
          {
            "value": 2,
            "suit": "\u2663"
          },
          {
            "value": 10,
            "suit": "\u2660"
          },
          {
            "value": 7,
            "suit": "\u2660"
          }
        ],
        "equipped_weapon": null,
        "weapon_monsters": [],
        "used_potion": false,
        "health": 1,
        "number_avoided": 0,
        "last_room_avoided": false,
        "exit": false,
        "score": -188,
        "can_avoid": true,
        "can_use_potion": true,
        "game_over": false
      },
      "mcts_stats": [
        {
          "action": 0,
          "visits": 20000,
          "avg_value": 0.0,
          "total_value": 0.0,
          "ucb1": 0.033925578199169734
        },
        {
          "action": 1,
          "visits": 20000,
          "avg_value": 0.0,
          "total_value": 0.0,
          "ucb1": 0.033925578199169734
        },
        {
          "action": 2,
          "visits": 20000,
          "avg_value": 0.0,
          "total_value": 0.0,
          "ucb1": 0.033925578199169734
        },
        {
          "action": 3,
          "visits": 20000,
          "avg_value": 0.0,
          "total_value": 0.0,
          "ucb1": 0.033925578199169734
        },
        {
          "action": 4,
          "visits": 20000,
          "avg_value": 0.0,
          "total_value": 0.0,
          "ucb1": 0.033925578199169734
        }
      ],
      "selected_action": 2
    }
  ]
}