{
  "metadata": {
    "seed": 657257853,
    "num_simulations": 100000,
    "timestamp": "2025-12-20T14:23:47.413921",
    "final_score": -180,
    "num_turns": 7,
    "final_state": {
      "dungeon": [
        {
          "value": 5,
          "suit": "\u2665"
        },
        {
          "value": 9,
          "suit": "\u2666"
        },
        {
          "value": 12,
          "suit": "\u2663"
        },
        {
          "value": 5,
          "suit": "\u2666"
        },
        {
          "value": 5,
          "suit": "\u2663"
        },
        {
          "value": 2,
          "suit": "\u2666"
        },
        {
          "value": 9,
          "suit": "\u2663"
        },
        {
          "value": 7,
          "suit": "\u2666"
        },
        {
          "value": 2,
          "suit": "\u2663"
        },
        {
          "value": 9,
          "suit": "\u2665"
        },
        {
          "value": 10,
          "suit": "\u2666"
        },
        {
          "value": 10,
          "suit": "\u2660"
        },
        {
          "value": 7,
          "suit": "\u2665"
        },
        {
          "value": 4,
          "suit": "\u2663"
        },
        {
          "value": 8,
          "suit": "\u2665"
        },
        {
          "value": 8,
          "suit": "\u2666"
        },
        {
          "value": 13,
          "suit": "\u2660"
        },
        {
          "value": 7,
          "suit": "\u2660"
        },
        {
          "value": 3,
          "suit": "\u2660"
        },
        {
          "value": 3,
          "suit": "\u2663"
        },
        {
          "value": 12,
          "suit": "\u2660"
        },
        {
          "value": 6,
          "suit": "\u2666"
        },
        {
          "value": 11,
          "suit": "\u2660"
        },
        {
          "value": 8,
          "suit": "\u2663"
        },
        {
          "value": 14,
          "suit": "\u2663"
        },
        {
          "value": 6,
          "suit": "\u2665"
        },
        {
          "value": 3,
          "suit": "\u2665"
        },
        {
          "value": 4,
          "suit": "\u2665"
        },
        {
          "value": 10,
          "suit": "\u2665"
        },
        {
          "value": 9,
          "suit": "\u2660"
        },
        {
          "value": 10,
          "suit": "\u2663"
        },
        {
          "value": 5,
          "suit": "\u2660"
        },
        {
          "value": 2,
          "suit": "\u2660"
        },
        {
          "value": 2,
          "suit": "\u2665"
        },
        {
          "value": 13,
          "suit": "\u2663"
        },
        {
          "value": 3,
          "suit": "\u2666"
        },
        {
          "value": 11,
          "suit": "\u2663"
        }
      ],
      "room": [
        {
          "value": 6,
          "suit": "\u2660"
        },
        {
          "value": 8,
          "suit": "\u2660"
        }
      ],
      "discard": [
        {
          "value": 6,
          "suit": "\u2663"
        },
        {
          "value": 14,
          "suit": "\u2660"
        }
      ],
      "equipped_weapon": {
        "value": 4,
        "suit": "\u2666"
      },
      "weapon_monsters": [
        {
          "value": 7,
          "suit": "\u2663"
        },
        {
          "value": 4,
          "suit": "\u2660"
        }
      ],
      "used_potion": false,
      "health": -3,
      "number_avoided": 2,
      "last_room_avoided": true,
      "exit": false,
      "score": -180,
      "can_avoid": false,
      "can_use_potion": true,
      "game_over": true
    }
  },
  "events": [
    {
      "turn": 0,
      "game_state": {
        "dungeon": [
          {
            "value": 4,
            "suit": "\u2666"
          },
          {
            "value": 2,
            "suit": "\u2665"
          },
          {
            "value": 4,
            "suit": "\u2660"
          },
          {
            "value": 7,
            "suit": "\u2663"
          },
          {
            "value": 13,
            "suit": "\u2663"
          },
          {
            "value": 3,
            "suit": "\u2666"
          },
          {
            "value": 11,
            "suit": "\u2663"
          },
          {
            "value": 6,
            "suit": "\u2660"
          },
          {
            "value": 6,
            "suit": "\u2663"
          },
          {
            "value": 14,
            "suit": "\u2660"
          },
          {
            "value": 8,
            "suit": "\u2660"
          },
          {
            "value": 5,
            "suit": "\u2665"
          },
          {
            "value": 9,
            "suit": "\u2666"
          },
          {
            "value": 12,
            "suit": "\u2663"
          },
          {
            "value": 5,
            "suit": "\u2666"
          },
          {
            "value": 5,
            "suit": "\u2663"
          },
          {
            "value": 2,
            "suit": "\u2666"
          },
          {
            "value": 9,
            "suit": "\u2663"
          },
          {
            "value": 7,
            "suit": "\u2666"
          },
          {
            "value": 2,
            "suit": "\u2663"
          },
          {
            "value": 9,
            "suit": "\u2665"
          },
          {
            "value": 10,
            "suit": "\u2666"
          },
          {
            "value": 10,
            "suit": "\u2660"
          },
          {
            "value": 7,
            "suit": "\u2665"
          },
          {
            "value": 4,
            "suit": "\u2663"
          },
          {
            "value": 8,
            "suit": "\u2665"
          },
          {
            "value": 8,
            "suit": "\u2666"
          },
          {
            "value": 13,
            "suit": "\u2660"
          },
          {
            "value": 7,
            "suit": "\u2660"
          },
          {
            "value": 3,
            "suit": "\u2660"
          },
          {
            "value": 3,
            "suit": "\u2663"
          },
          {
            "value": 12,
            "suit": "\u2660"
          },
          {
            "value": 6,
            "suit": "\u2666"
          },
          {
            "value": 11,
            "suit": "\u2660"
          },
          {
            "value": 8,
            "suit": "\u2663"
          },
          {
            "value": 14,
            "suit": "\u2663"
          },
          {
            "value": 6,
            "suit": "\u2665"
          },
          {
            "value": 3,
            "suit": "\u2665"
          },
          {
            "value": 4,
            "suit": "\u2665"
          },
          {
            "value": 10,
            "suit": "\u2665"
          }
        ],
        "room": [
          {
            "value": 9,
            "suit": "\u2660"
          },
          {
            "value": 10,
            "suit": "\u2663"
          },
          {
            "value": 5,
            "suit": "\u2660"
          },
          {
            "value": 2,
            "suit": "\u2660"
          }
        ],
        "discard": [],
        "equipped_weapon": null,
        "weapon_monsters": [],
        "used_potion": false,
        "health": 20,
        "number_avoided": 0,
        "last_room_avoided": false,
        "exit": false,
        "score": -188,
        "can_avoid": true,
        "can_use_potion": true,
        "game_over": false
      },
      "mcts_stats": [
        {
          "action": 0,
          "visits": 9732,
          "avg_value": 0.003942352289053026,
          "total_value": 38.366972477064046,
          "ucb1": 0.05257648839440916
        },
        {
          "action": 1,
          "visits": 9705,
          "avg_value": 0.003853116477366695,
          "total_value": 37.394495412843774,
          "ucb1": 0.05255485740722603
        },
        {
          "action": 2,
          "visits": 10814,
          "avg_value": 0.0073698213155559715,
          "total_value": 79.69724770642227,
          "ucb1": 0.05350679175100697
        },
        {
          "action": 3,
          "visits": 10813,
          "avg_value": 0.007363715269676265,
          "total_value": 79.62385321100945,
          "ucb1": 0.053502819058673164
        },
        {
          "action": 4,
          "visits": 58936,
          "avg_value": 0.043538520404034595,
          "total_value": 2565.986238532183,
          "ucb1": 0.06330147748789514
        }
      ],
      "selected_action": 4
    },
    {
      "turn": 1,
      "game_state": {
        "dungeon": [
          {
            "value": 13,
            "suit": "\u2663"
          },
          {
            "value": 3,
            "suit": "\u2666"
          },
          {
            "value": 11,
            "suit": "\u2663"
          },
          {
            "value": 6,
            "suit": "\u2660"
          },
          {
            "value": 6,
            "suit": "\u2663"
          },
          {
            "value": 14,
            "suit": "\u2660"
          },
          {
            "value": 8,
            "suit": "\u2660"
          },
          {
            "value": 5,
            "suit": "\u2665"
          },
          {
            "value": 9,
            "suit": "\u2666"
          },
          {
            "value": 12,
            "suit": "\u2663"
          },
          {
            "value": 5,
            "suit": "\u2666"
          },
          {
            "value": 5,
            "suit": "\u2663"
          },
          {
            "value": 2,
            "suit": "\u2666"
          },
          {
            "value": 9,
            "suit": "\u2663"
          },
          {
            "value": 7,
            "suit": "\u2666"
          },
          {
            "value": 2,
            "suit": "\u2663"
          },
          {
            "value": 9,
            "suit": "\u2665"
          },
          {
            "value": 10,
            "suit": "\u2666"
          },
          {
            "value": 10,
            "suit": "\u2660"
          },
          {
            "value": 7,
            "suit": "\u2665"
          },
          {
            "value": 4,
            "suit": "\u2663"
          },
          {
            "value": 8,
            "suit": "\u2665"
          },
          {
            "value": 8,
            "suit": "\u2666"
          },
          {
            "value": 13,
            "suit": "\u2660"
          },
          {
            "value": 7,
            "suit": "\u2660"
          },
          {
            "value": 3,
            "suit": "\u2660"
          },
          {
            "value": 3,
            "suit": "\u2663"
          },
          {
            "value": 12,
            "suit": "\u2660"
          },
          {
            "value": 6,
            "suit": "\u2666"
          },
          {
            "value": 11,
            "suit": "\u2660"
          },
          {
            "value": 8,
            "suit": "\u2663"
          },
          {
            "value": 14,
            "suit": "\u2663"
          },
          {
            "value": 6,
            "suit": "\u2665"
          },
          {
            "value": 3,
            "suit": "\u2665"
          },
          {
            "value": 4,
            "suit": "\u2665"
          },
          {
            "value": 10,
            "suit": "\u2665"
          },
          {
            "value": 9,
            "suit": "\u2660"
          },
          {
            "value": 10,
            "suit": "\u2663"
          },
          {
            "value": 5,
            "suit": "\u2660"
          },
          {
            "value": 2,
            "suit": "\u2660"
          }
        ],
        "room": [
          {
            "value": 4,
            "suit": "\u2666"
          },
          {
            "value": 2,
            "suit": "\u2665"
          },
          {
            "value": 4,
            "suit": "\u2660"
          },
          {
            "value": 7,
            "suit": "\u2663"
          }
        ],
        "discard": [],
        "equipped_weapon": null,
        "weapon_monsters": [],
        "used_potion": false,
        "health": 20,
        "number_avoided": 1,
        "last_room_avoided": true,
        "exit": false,
        "score": -188,
        "can_avoid": false,
        "can_use_potion": true,
        "game_over": false
      },
      "mcts_stats": [
        {
          "action": 0,
          "visits": 39803,
          "avg_value": 0.10177163816198342,
          "total_value": 4050.816513761426,
          "ucb1": 0.1258199365905885
        },
        {
          "action": 1,
          "visits": 16304,
          "avg_value": 0.08325530516516415,
          "total_value": 1357.3944954128362,
          "ucb1": 0.1208299749547817
        },
        {
          "action": 2,
          "visits": 23432,
          "avg_value": 0.09177209242594687,
          "total_value": 2150.403669724787,
          "ucb1": 0.12311487692423007
        },
        {
          "action": 3,
          "visits": 20461,
          "avg_value": 0.08877259893402124,
          "total_value": 1816.3761467890085,
          "ucb1": 0.12231381685454966
        }
      ],
      "selected_action": 0
    },
    {
      "turn": 2,
      "game_state": {
        "dungeon": [
          {
            "value": 13,
            "suit": "\u2663"
          },
          {
            "value": 3,
            "suit": "\u2666"
          },
          {
            "value": 11,
            "suit": "\u2663"
          },
          {
            "value": 6,
            "suit": "\u2660"
          },
          {
            "value": 6,
            "suit": "\u2663"
          },
          {
            "value": 14,
            "suit": "\u2660"
          },
          {
            "value": 8,
            "suit": "\u2660"
          },
          {
            "value": 5,
            "suit": "\u2665"
          },
          {
            "value": 9,
            "suit": "\u2666"
          },
          {
            "value": 12,
            "suit": "\u2663"
          },
          {
            "value": 5,
            "suit": "\u2666"
          },
          {
            "value": 5,
            "suit": "\u2663"
          },
          {
            "value": 2,
            "suit": "\u2666"
          },
          {
            "value": 9,
            "suit": "\u2663"
          },
          {
            "value": 7,
            "suit": "\u2666"
          },
          {
            "value": 2,
            "suit": "\u2663"
          },
          {
            "value": 9,
            "suit": "\u2665"
          },
          {
            "value": 10,
            "suit": "\u2666"
          },
          {
            "value": 10,
            "suit": "\u2660"
          },
          {
            "value": 7,
            "suit": "\u2665"
          },
          {
            "value": 4,
            "suit": "\u2663"
          },
          {
            "value": 8,
            "suit": "\u2665"
          },
          {
            "value": 8,
            "suit": "\u2666"
          },
          {
            "value": 13,
            "suit": "\u2660"
          },
          {
            "value": 7,
            "suit": "\u2660"
          },
          {
            "value": 3,
            "suit": "\u2660"
          },
          {
            "value": 3,
            "suit": "\u2663"
          },
          {
            "value": 12,
            "suit": "\u2660"
          },
          {
            "value": 6,
            "suit": "\u2666"
          },
          {
            "value": 11,
            "suit": "\u2660"
          },
          {
            "value": 8,
            "suit": "\u2663"
          },
          {
            "value": 14,
            "suit": "\u2663"
          },
          {
            "value": 6,
            "suit": "\u2665"
          },
          {
            "value": 3,
            "suit": "\u2665"
          },
          {
            "value": 4,
            "suit": "\u2665"
          },
          {
            "value": 10,
            "suit": "\u2665"
          },
          {
            "value": 9,
            "suit": "\u2660"
          },
          {
            "value": 10,
            "suit": "\u2663"
          },
          {
            "value": 5,
            "suit": "\u2660"
          },
          {
            "value": 2,
            "suit": "\u2660"
          }
        ],
        "room": [
          {
            "value": 2,
            "suit": "\u2665"
          },
          {
            "value": 4,
            "suit": "\u2660"
          },
          {
            "value": 7,
            "suit": "\u2663"
          }
        ],
        "discard": [],
        "equipped_weapon": {
          "value": 4,
          "suit": "\u2666"
        },
        "weapon_monsters": [],
        "used_potion": false,
        "health": 20,
        "number_avoided": 1,
        "last_room_avoided": true,
        "exit": false,
        "score": -188,
        "can_avoid": false,
        "can_use_potion": true,
        "game_over": false
      },
      "mcts_stats": [
        {
          "action": 0,
          "visits": 22668,
          "avg_value": 0.09370644144515893,
          "total_value": 2124.1376146788625,
          "ucb1": 0.12557303594230562
        },
        {
          "action": 1,
          "visits": 15649,
          "avg_value": 0.08481240704186546,
          "total_value": 1327.2293577981527,
          "ucb1": 0.12316537350618445
        },
        {
          "action": 2,
          "visits": 61683,
          "avg_value": 0.1109187742537345,
          "total_value": 6841.802752293105,
          "ucb1": 0.13023665639395385
        }
      ],
      "selected_action": 2
    },
    {
      "turn": 3,
      "game_state": {
        "dungeon": [
          {
            "value": 13,
            "suit": "\u2663"
          },
          {
            "value": 3,
            "suit": "\u2666"
          },
          {
            "value": 11,
            "suit": "\u2663"
          },
          {
            "value": 6,
            "suit": "\u2660"
          },
          {
            "value": 6,
            "suit": "\u2663"
          },
          {
            "value": 14,
            "suit": "\u2660"
          },
          {
            "value": 8,
            "suit": "\u2660"
          },
          {
            "value": 5,
            "suit": "\u2665"
          },
          {
            "value": 9,
            "suit": "\u2666"
          },
          {
            "value": 12,
            "suit": "\u2663"
          },
          {
            "value": 5,
            "suit": "\u2666"
          },
          {
            "value": 5,
            "suit": "\u2663"
          },
          {
            "value": 2,
            "suit": "\u2666"
          },
          {
            "value": 9,
            "suit": "\u2663"
          },
          {
            "value": 7,
            "suit": "\u2666"
          },
          {
            "value": 2,
            "suit": "\u2663"
          },
          {
            "value": 9,
            "suit": "\u2665"
          },
          {
            "value": 10,
            "suit": "\u2666"
          },
          {
            "value": 10,
            "suit": "\u2660"
          },
          {
            "value": 7,
            "suit": "\u2665"
          },
          {
            "value": 4,
            "suit": "\u2663"
          },
          {
            "value": 8,
            "suit": "\u2665"
          },
          {
            "value": 8,
            "suit": "\u2666"
          },
          {
            "value": 13,
            "suit": "\u2660"
          },
          {
            "value": 7,
            "suit": "\u2660"
          },
          {
            "value": 3,
            "suit": "\u2660"
          },
          {
            "value": 3,
            "suit": "\u2663"
          },
          {
            "value": 12,
            "suit": "\u2660"
          },
          {
            "value": 6,
            "suit": "\u2666"
          },
          {
            "value": 11,
            "suit": "\u2660"
          },
          {
            "value": 8,
            "suit": "\u2663"
          },
          {
            "value": 14,
            "suit": "\u2663"
          },
          {
            "value": 6,
            "suit": "\u2665"
          },
          {
            "value": 3,
            "suit": "\u2665"
          },
          {
            "value": 4,
            "suit": "\u2665"
          },
          {
            "value": 10,
            "suit": "\u2665"
          },
          {
            "value": 9,
            "suit": "\u2660"
          },
          {
            "value": 10,
            "suit": "\u2663"
          },
          {
            "value": 5,
            "suit": "\u2660"
          },
          {
            "value": 2,
            "suit": "\u2660"
          }
        ],
        "room": [
          {
            "value": 2,
            "suit": "\u2665"
          },
          {
            "value": 4,
            "suit": "\u2660"
          }
        ],
        "discard": [],
        "equipped_weapon": {
          "value": 4,
          "suit": "\u2666"
        },
        "weapon_monsters": [
          {
            "value": 7,
            "suit": "\u2663"
          }
        ],
        "used_potion": false,
        "health": 17,
        "number_avoided": 1,
        "last_room_avoided": true,
        "exit": false,
        "score": -184,
        "can_avoid": false,
        "can_use_potion": true,
        "game_over": false
      },
      "mcts_stats": [
        {
          "action": 0,
          "visits": 46524,
          "avg_value": 0.11055949025815937,
          "total_value": 5143.669724770606,
          "ucb1": 0.13280302140946856
        },
        {
          "action": 1,
          "visits": 53476,
          "avg_value": 0.112600113503709,
          "total_value": 6021.403669724343,
          "ucb1": 0.13334747139949693
        }
      ],
      "selected_action": 1
    },
    {
      "turn": 4,
      "game_state": {
        "dungeon": [
          {
            "value": 6,
            "suit": "\u2660"
          },
          {
            "value": 6,
            "suit": "\u2663"
          },
          {
            "value": 14,
            "suit": "\u2660"
          },
          {
            "value": 8,
            "suit": "\u2660"
          },
          {
            "value": 5,
            "suit": "\u2665"
          },
          {
            "value": 9,
            "suit": "\u2666"
          },
          {
            "value": 12,
            "suit": "\u2663"
          },
          {
            "value": 5,
            "suit": "\u2666"
          },
          {
            "value": 5,
            "suit": "\u2663"
          },
          {
            "value": 2,
            "suit": "\u2666"
          },
          {
            "value": 9,
            "suit": "\u2663"
          },
          {
            "value": 7,
            "suit": "\u2666"
          },
          {
            "value": 2,
            "suit": "\u2663"
          },
          {
            "value": 9,
            "suit": "\u2665"
          },
          {
            "value": 10,
            "suit": "\u2666"
          },
          {
            "value": 10,
            "suit": "\u2660"
          },
          {
            "value": 7,
            "suit": "\u2665"
          },
          {
            "value": 4,
            "suit": "\u2663"
          },
          {
            "value": 8,
            "suit": "\u2665"
          },
          {
            "value": 8,
            "suit": "\u2666"
          },
          {
            "value": 13,
            "suit": "\u2660"
          },
          {
            "value": 7,
            "suit": "\u2660"
          },
          {
            "value": 3,
            "suit": "\u2660"
          },
          {
            "value": 3,
            "suit": "\u2663"
          },
          {
            "value": 12,
            "suit": "\u2660"
          },
          {
            "value": 6,
            "suit": "\u2666"
          },
          {
            "value": 11,
            "suit": "\u2660"
          },
          {
            "value": 8,
            "suit": "\u2663"
          },
          {
            "value": 14,
            "suit": "\u2663"
          },
          {
            "value": 6,
            "suit": "\u2665"
          },
          {
            "value": 3,
            "suit": "\u2665"
          },
          {
            "value": 4,
            "suit": "\u2665"
          },
          {
            "value": 10,
            "suit": "\u2665"
          },
          {
            "value": 9,
            "suit": "\u2660"
          },
          {
            "value": 10,
            "suit": "\u2663"
          },
          {
            "value": 5,
            "suit": "\u2660"
          },
          {
            "value": 2,
            "suit": "\u2660"
          }
        ],
        "room": [
          {
            "value": 2,
            "suit": "\u2665"
          },
          {
            "value": 13,
            "suit": "\u2663"
          },
          {
            "value": 3,
            "suit": "\u2666"
          },
          {
            "value": 11,
            "suit": "\u2663"
          }
        ],
        "discard": [],
        "equipped_weapon": {
          "value": 4,
          "suit": "\u2666"
        },
        "weapon_monsters": [
          {
            "value": 7,
            "suit": "\u2663"
          },
          {
            "value": 4,
            "suit": "\u2660"
          }
        ],
        "used_potion": false,
        "health": 17,
        "number_avoided": 1,
        "last_room_avoided": false,
        "exit": false,
        "score": -180,
        "can_avoid": true,
        "can_use_potion": true,
        "game_over": false
      },
      "mcts_stats": [
        {
          "action": 0,
          "visits": 17753,
          "avg_value": 0.10120191599611023,
          "total_value": 1796.6376146789448,
          "ucb1": 0.13721052784757068
        },
        {
          "action": 1,
          "visits": 6426,
          "avg_value": 0.06851038070682071,
          "total_value": 440.24770642202986,
          "ucb1": 0.12836144745014857
        },
        {
          "action": 2,
          "visits": 25866,
          "avg_value": 0.10966931191596728,
          "total_value": 2836.7064220184097,
          "ucb1": 0.13950098556860246
        },
        {
          "action": 3,
          "visits": 6824,
          "avg_value": 0.07094093162825406,
          "total_value": 484.1009174312057,
          "ucb1": 0.12902041531068903
        },
        {
          "action": 4,
          "visits": 43131,
          "avg_value": 0.11890455767461852,
          "total_value": 5128.472477063971,
          "ucb1": 0.14200644664403292
        }
      ],
      "selected_action": 4
    },
    {
      "turn": 5,
      "game_state": {
        "dungeon": [
          {
            "value": 5,
            "suit": "\u2665"
          },
          {
            "value": 9,
            "suit": "\u2666"
          },
          {
            "value": 12,
            "suit": "\u2663"
          },
          {
            "value": 5,
            "suit": "\u2666"
          },
          {
            "value": 5,
            "suit": "\u2663"
          },
          {
            "value": 2,
            "suit": "\u2666"
          },
          {
            "value": 9,
            "suit": "\u2663"
          },
          {
            "value": 7,
            "suit": "\u2666"
          },
          {
            "value": 2,
            "suit": "\u2663"
          },
          {
            "value": 9,
            "suit": "\u2665"
          },
          {
            "value": 10,
            "suit": "\u2666"
          },
          {
            "value": 10,
            "suit": "\u2660"
          },
          {
            "value": 7,
            "suit": "\u2665"
          },
          {
            "value": 4,
            "suit": "\u2663"
          },
          {
            "value": 8,
            "suit": "\u2665"
          },
          {
            "value": 8,
            "suit": "\u2666"
          },
          {
            "value": 13,
            "suit": "\u2660"
          },
          {
            "value": 7,
            "suit": "\u2660"
          },
          {
            "value": 3,
            "suit": "\u2660"
          },
          {
            "value": 3,
            "suit": "\u2663"
          },
          {
            "value": 12,
            "suit": "\u2660"
          },
          {
            "value": 6,
            "suit": "\u2666"
          },
          {
            "value": 11,
            "suit": "\u2660"
          },
          {
            "value": 8,
            "suit": "\u2663"
          },
          {
            "value": 14,
            "suit": "\u2663"
          },
          {
            "value": 6,
            "suit": "\u2665"
          },
          {
            "value": 3,
            "suit": "\u2665"
          },
          {
            "value": 4,
            "suit": "\u2665"
          },
          {
            "value": 10,
            "suit": "\u2665"
          },
          {
            "value": 9,
            "suit": "\u2660"
          },
          {
            "value": 10,
            "suit": "\u2663"
          },
          {
            "value": 5,
            "suit": "\u2660"
          },
          {
            "value": 2,
            "suit": "\u2660"
          },
          {
            "value": 2,
            "suit": "\u2665"
          },
          {
            "value": 13,
            "suit": "\u2663"
          },
          {
            "value": 3,
            "suit": "\u2666"
          },
          {
            "value": 11,
            "suit": "\u2663"
          }
        ],
        "room": [
          {
            "value": 6,
            "suit": "\u2660"
          },
          {
            "value": 6,
            "suit": "\u2663"
          },
          {
            "value": 14,
            "suit": "\u2660"
          },
          {
            "value": 8,
            "suit": "\u2660"
          }
        ],
        "discard": [],
        "equipped_weapon": {
          "value": 4,
          "suit": "\u2666"
        },
        "weapon_monsters": [
          {
            "value": 7,
            "suit": "\u2663"
          },
          {
            "value": 4,
            "suit": "\u2660"
          }
        ],
        "used_potion": false,
        "health": 17,
        "number_avoided": 2,
        "last_room_avoided": true,
        "exit": false,
        "score": -180,
        "can_avoid": false,
        "can_use_potion": true,
        "game_over": false
      },
      "mcts_stats": [
        {
          "action": 0,
          "visits": 25000,
          "avg_value": 0.03669724770641451,
          "total_value": 917.4311926603627,
          "ucb1": 0.06704120731814589
        },
        {
          "action": 1,
          "visits": 25000,
          "avg_value": 0.03669724770641451,
          "total_value": 917.4311926603627,
          "ucb1": 0.06704120731814589
        },
        {
          "action": 2,
          "visits": 25000,
          "avg_value": 0.03669724770641451,
          "total_value": 917.4311926603627,
          "ucb1": 0.06704120731814589
        },
        {
          "action": 3,
          "visits": 25000,
          "avg_value": 0.03669724770641451,
          "total_value": 917.4311926603627,
          "ucb1": 0.06704120731814589
        }
      ],
      "selected_action": 1
    },
    {
      "turn": 6,
      "game_state": {
        "dungeon": [
          {
            "value": 5,
            "suit": "\u2665"
          },
          {
            "value": 9,
            "suit": "\u2666"
          },
          {
            "value": 12,
            "suit": "\u2663"
          },
          {
            "value": 5,
            "suit": "\u2666"
          },
          {
            "value": 5,
            "suit": "\u2663"
          },
          {
            "value": 2,
            "suit": "\u2666"
          },
          {
            "value": 9,
            "suit": "\u2663"
          },
          {
            "value": 7,
            "suit": "\u2666"
          },
          {
            "value": 2,
            "suit": "\u2663"
          },
          {
            "value": 9,
            "suit": "\u2665"
          },
          {
            "value": 10,
            "suit": "\u2666"
          },
          {
            "value": 10,
            "suit": "\u2660"
          },
          {
            "value": 7,
            "suit": "\u2665"
          },
          {
            "value": 4,
            "suit": "\u2663"
          },
          {
            "value": 8,
            "suit": "\u2665"
          },
          {
            "value": 8,
            "suit": "\u2666"
          },
          {
            "value": 13,
            "suit": "\u2660"
          },
          {
            "value": 7,
            "suit": "\u2660"
          },
          {
            "value": 3,
            "suit": "\u2660"
          },
          {
            "value": 3,
            "suit": "\u2663"
          },
          {
            "value": 12,
            "suit": "\u2660"
          },
          {
            "value": 6,
            "suit": "\u2666"
          },
          {
            "value": 11,
            "suit": "\u2660"
          },
          {
            "value": 8,
            "suit": "\u2663"
          },
          {
            "value": 14,
            "suit": "\u2663"
          },
          {
            "value": 6,
            "suit": "\u2665"
          },
          {
            "value": 3,
            "suit": "\u2665"
          },
          {
            "value": 4,
            "suit": "\u2665"
          },
          {
            "value": 10,
            "suit": "\u2665"
          },
          {
            "value": 9,
            "suit": "\u2660"
          },
          {
            "value": 10,
            "suit": "\u2663"
          },
          {
            "value": 5,
            "suit": "\u2660"
          },
          {
            "value": 2,
            "suit": "\u2660"
          },
          {
            "value": 2,
            "suit": "\u2665"
          },
          {
            "value": 13,
            "suit": "\u2663"
          },
          {
            "value": 3,
            "suit": "\u2666"
          },
          {
            "value": 11,
            "suit": "\u2663"
          }
        ],
        "room": [
          {
            "value": 6,
            "suit": "\u2660"
          },
          {
            "value": 14,
            "suit": "\u2660"
          },
          {
            "value": 8,
            "suit": "\u2660"
          }
        ],
        "discard": [
          {
            "value": 6,
            "suit": "\u2663"
          }
        ],
        "equipped_weapon": {
          "value": 4,
          "suit": "\u2666"
        },
        "weapon_monsters": [
          {
            "value": 7,
            "suit": "\u2663"
          },
          {
            "value": 4,
            "suit": "\u2660"
          }
        ],
        "used_potion": false,
        "health": 11,
        "number_avoided": 2,
        "last_room_avoided": true,
        "exit": false,
        "score": -180,
        "can_avoid": false,
        "can_use_potion": true,
        "game_over": false
      },
      "mcts_stats": [
        {
          "action": 0,
          "visits": 33333,
          "avg_value": 0.036697247706420036,
          "total_value": 1223.229357798099,
          "ucb1": 0.06297601897577322
        },
        {
          "action": 1,
          "visits": 33334,
          "avg_value": 0.03669724770642004,
          "total_value": 1223.2660550458056,
          "ucb1": 0.06297562479913138
        },
        {
          "action": 2,
          "visits": 33333,
          "avg_value": 0.036697247706420036,
          "total_value": 1223.229357798099,
          "ucb1": 0.06297601897577322
        }
      ],
      "selected_action": 1
    }
  ]
}