{
  "metadata": {
    "seed": 657257929,
    "num_simulations": 100000,
    "timestamp": "2025-12-21T07:54:05.387613",
    "final_score": -173,
    "num_turns": 9,
    "final_state": {
      "dungeon": [
        {
          "value": 4,
          "suit": "\u2660"
        },
        {
          "value": 3,
          "suit": "\u2660"
        },
        {
          "value": 8,
          "suit": "\u2666"
        },
        {
          "value": 7,
          "suit": "\u2660"
        },
        {
          "value": 13,
          "suit": "\u2663"
        },
        {
          "value": 6,
          "suit": "\u2660"
        },
        {
          "value": 9,
          "suit": "\u2665"
        },
        {
          "value": 9,
          "suit": "\u2660"
        },
        {
          "value": 13,
          "suit": "\u2660"
        },
        {
          "value": 5,
          "suit": "\u2660"
        },
        {
          "value": 2,
          "suit": "\u2666"
        },
        {
          "value": 5,
          "suit": "\u2666"
        },
        {
          "value": 5,
          "suit": "\u2663"
        },
        {
          "value": 6,
          "suit": "\u2666"
        },
        {
          "value": 9,
          "suit": "\u2666"
        },
        {
          "value": 3,
          "suit": "\u2663"
        },
        {
          "value": 6,
          "suit": "\u2665"
        },
        {
          "value": 10,
          "suit": "\u2665"
        },
        {
          "value": 3,
          "suit": "\u2666"
        },
        {
          "value": 10,
          "suit": "\u2666"
        },
        {
          "value": 4,
          "suit": "\u2663"
        },
        {
          "value": 7,
          "suit": "\u2665"
        },
        {
          "value": 7,
          "suit": "\u2666"
        },
        {
          "value": 10,
          "suit": "\u2660"
        },
        {
          "value": 3,
          "suit": "\u2665"
        },
        {
          "value": 9,
          "suit": "\u2663"
        },
        {
          "value": 12,
          "suit": "\u2660"
        },
        {
          "value": 4,
          "suit": "\u2665"
        },
        {
          "value": 4,
          "suit": "\u2666"
        },
        {
          "value": 14,
          "suit": "\u2660"
        },
        {
          "value": 7,
          "suit": "\u2663"
        },
        {
          "value": 11,
          "suit": "\u2663"
        },
        {
          "value": 8,
          "suit": "\u2660"
        },
        {
          "value": 11,
          "suit": "\u2660"
        }
      ],
      "room": [
        {
          "value": 10,
          "suit": "\u2663"
        },
        {
          "value": 6,
          "suit": "\u2663"
        }
      ],
      "discard": [
        {
          "value": 14,
          "suit": "\u2663"
        },
        {
          "value": 2,
          "suit": "\u2660"
        },
        {
          "value": 8,
          "suit": "\u2665"
        },
        {
          "value": 5,
          "suit": "\u2665"
        },
        {
          "value": 2,
          "suit": "\u2663"
        },
        {
          "value": 8,
          "suit": "\u2663"
        },
        {
          "value": 2,
          "suit": "\u2665"
        },
        {
          "value": 12,
          "suit": "\u2663"
        }
      ],
      "equipped_weapon": null,
      "weapon_monsters": [],
      "used_potion": true,
      "health": -3,
      "number_avoided": 1,
      "last_room_avoided": true,
      "exit": false,
      "score": -173,
      "can_avoid": false,
      "can_use_potion": false,
      "game_over": true
    }
  },
  "events": [
    {
      "turn": 0,
      "game_state": {
        "dungeon": [
          {
            "value": 7,
            "suit": "\u2663"
          },
          {
            "value": 8,
            "suit": "\u2663"
          },
          {
            "value": 2,
            "suit": "\u2663"
          },
          {
            "value": 11,
            "suit": "\u2663"
          },
          {
            "value": 8,
            "suit": "\u2660"
          },
          {
            "value": 11,
            "suit": "\u2660"
          },
          {
            "value": 10,
            "suit": "\u2663"
          },
          {
            "value": 12,
            "suit": "\u2663"
          },
          {
            "value": 2,
            "suit": "\u2665"
          },
          {
            "value": 6,
            "suit": "\u2663"
          },
          {
            "value": 4,
            "suit": "\u2660"
          },
          {
            "value": 3,
            "suit": "\u2660"
          },
          {
            "value": 8,
            "suit": "\u2666"
          },
          {
            "value": 7,
            "suit": "\u2660"
          },
          {
            "value": 13,
            "suit": "\u2663"
          },
          {
            "value": 6,
            "suit": "\u2660"
          },
          {
            "value": 9,
            "suit": "\u2665"
          },
          {
            "value": 9,
            "suit": "\u2660"
          },
          {
            "value": 13,
            "suit": "\u2660"
          },
          {
            "value": 5,
            "suit": "\u2660"
          },
          {
            "value": 2,
            "suit": "\u2666"
          },
          {
            "value": 5,
            "suit": "\u2666"
          },
          {
            "value": 5,
            "suit": "\u2663"
          },
          {
            "value": 6,
            "suit": "\u2666"
          },
          {
            "value": 9,
            "suit": "\u2666"
          },
          {
            "value": 3,
            "suit": "\u2663"
          },
          {
            "value": 6,
            "suit": "\u2665"
          },
          {
            "value": 10,
            "suit": "\u2665"
          },
          {
            "value": 3,
            "suit": "\u2666"
          },
          {
            "value": 10,
            "suit": "\u2666"
          },
          {
            "value": 4,
            "suit": "\u2663"
          },
          {
            "value": 7,
            "suit": "\u2665"
          },
          {
            "value": 7,
            "suit": "\u2666"
          },
          {
            "value": 10,
            "suit": "\u2660"
          },
          {
            "value": 3,
            "suit": "\u2665"
          },
          {
            "value": 9,
            "suit": "\u2663"
          },
          {
            "value": 12,
            "suit": "\u2660"
          },
          {
            "value": 4,
            "suit": "\u2665"
          },
          {
            "value": 4,
            "suit": "\u2666"
          },
          {
            "value": 14,
            "suit": "\u2660"
          }
        ],
        "room": [
          {
            "value": 14,
            "suit": "\u2663"
          },
          {
            "value": 2,
            "suit": "\u2660"
          },
          {
            "value": 8,
            "suit": "\u2665"
          },
          {
            "value": 5,
            "suit": "\u2665"
          }
        ],
        "discard": [],
        "equipped_weapon": null,
        "weapon_monsters": [],
        "used_potion": false,
        "health": 20,
        "number_avoided": 0,
        "last_room_avoided": false,
        "exit": false,
        "score": -188,
        "can_avoid": true,
        "can_use_potion": true,
        "game_over": false
      },
      "mcts_stats": [
        {
          "action": 0,
          "visits": 47650,
          "avg_value": 0.04317904829751897,
          "total_value": 2057.481651376779,
          "ucb1": 0.06515819377087442
        },
        {
          "action": 1,
          "visits": 26361,
          "avg_value": 0.03279813903566617,
          "total_value": 864.5917431191958,
          "ucb1": 0.06234839964900571
        },
        {
          "action": 2,
          "visits": 8680,
          "avg_value": 0.002710015642836017,
          "total_value": 23.522935779816628,
          "ucb1": 0.054207070637777514
        },
        {
          "action": 3,
          "visits": 9231,
          "avg_value": 0.004845062359679533,
          "total_value": 44.724770642201776,
          "ucb1": 0.054781537142141394
        },
        {
          "action": 4,
          "visits": 8078,
          "avg_value": 0.00012265730231163588,
          "total_value": 0.9908256880733946,
          "ucb1": 0.05350410302628053
        }
      ],
      "selected_action": 0
    },
    {
      "turn": 1,
      "game_state": {
        "dungeon": [
          {
            "value": 7,
            "suit": "\u2663"
          },
          {
            "value": 8,
            "suit": "\u2663"
          },
          {
            "value": 2,
            "suit": "\u2663"
          },
          {
            "value": 11,
            "suit": "\u2663"
          },
          {
            "value": 8,
            "suit": "\u2660"
          },
          {
            "value": 11,
            "suit": "\u2660"
          },
          {
            "value": 10,
            "suit": "\u2663"
          },
          {
            "value": 12,
            "suit": "\u2663"
          },
          {
            "value": 2,
            "suit": "\u2665"
          },
          {
            "value": 6,
            "suit": "\u2663"
          },
          {
            "value": 4,
            "suit": "\u2660"
          },
          {
            "value": 3,
            "suit": "\u2660"
          },
          {
            "value": 8,
            "suit": "\u2666"
          },
          {
            "value": 7,
            "suit": "\u2660"
          },
          {
            "value": 13,
            "suit": "\u2663"
          },
          {
            "value": 6,
            "suit": "\u2660"
          },
          {
            "value": 9,
            "suit": "\u2665"
          },
          {
            "value": 9,
            "suit": "\u2660"
          },
          {
            "value": 13,
            "suit": "\u2660"
          },
          {
            "value": 5,
            "suit": "\u2660"
          },
          {
            "value": 2,
            "suit": "\u2666"
          },
          {
            "value": 5,
            "suit": "\u2666"
          },
          {
            "value": 5,
            "suit": "\u2663"
          },
          {
            "value": 6,
            "suit": "\u2666"
          },
          {
            "value": 9,
            "suit": "\u2666"
          },
          {
            "value": 3,
            "suit": "\u2663"
          },
          {
            "value": 6,
            "suit": "\u2665"
          },
          {
            "value": 10,
            "suit": "\u2665"
          },
          {
            "value": 3,
            "suit": "\u2666"
          },
          {
            "value": 10,
            "suit": "\u2666"
          },
          {
            "value": 4,
            "suit": "\u2663"
          },
          {
            "value": 7,
            "suit": "\u2665"
          },
          {
            "value": 7,
            "suit": "\u2666"
          },
          {
            "value": 10,
            "suit": "\u2660"
          },
          {
            "value": 3,
            "suit": "\u2665"
          },
          {
            "value": 9,
            "suit": "\u2663"
          },
          {
            "value": 12,
            "suit": "\u2660"
          },
          {
            "value": 4,
            "suit": "\u2665"
          },
          {
            "value": 4,
            "suit": "\u2666"
          },
          {
            "value": 14,
            "suit": "\u2660"
          }
        ],
        "room": [
          {
            "value": 2,
            "suit": "\u2660"
          },
          {
            "value": 8,
            "suit": "\u2665"
          },
          {
            "value": 5,
            "suit": "\u2665"
          }
        ],
        "discard": [
          {
            "value": 14,
            "suit": "\u2663"
          }
        ],
        "equipped_weapon": null,
        "weapon_monsters": [],
        "used_potion": false,
        "health": 6,
        "number_avoided": 0,
        "last_room_avoided": false,
        "exit": false,
        "score": -188,
        "can_avoid": false,
        "can_use_potion": true,
        "game_over": false
      },
      "mcts_stats": [
        {
          "action": 0,
          "visits": 40833,
          "avg_value": 0.047917373000849535,
          "total_value": 1956.610091743689,
          "ucb1": 0.07166042871629448
        },
        {
          "action": 1,
          "visits": 37406,
          "avg_value": 0.046459210046772816,
          "total_value": 1737.853211009584,
          "ucb1": 0.0712660600819139
        },
        {
          "action": 2,
          "visits": 21761,
          "avg_value": 0.0358778793304595,
          "total_value": 780.7385321101292,
          "ucb1": 0.0684017953878739
        }
      ],
      "selected_action": 0
    },
    {
      "turn": 2,
      "game_state": {
        "dungeon": [
          {
            "value": 7,
            "suit": "\u2663"
          },
          {
            "value": 8,
            "suit": "\u2663"
          },
          {
            "value": 2,
            "suit": "\u2663"
          },
          {
            "value": 11,
            "suit": "\u2663"
          },
          {
            "value": 8,
            "suit": "\u2660"
          },
          {
            "value": 11,
            "suit": "\u2660"
          },
          {
            "value": 10,
            "suit": "\u2663"
          },
          {
            "value": 12,
            "suit": "\u2663"
          },
          {
            "value": 2,
            "suit": "\u2665"
          },
          {
            "value": 6,
            "suit": "\u2663"
          },
          {
            "value": 4,
            "suit": "\u2660"
          },
          {
            "value": 3,
            "suit": "\u2660"
          },
          {
            "value": 8,
            "suit": "\u2666"
          },
          {
            "value": 7,
            "suit": "\u2660"
          },
          {
            "value": 13,
            "suit": "\u2663"
          },
          {
            "value": 6,
            "suit": "\u2660"
          },
          {
            "value": 9,
            "suit": "\u2665"
          },
          {
            "value": 9,
            "suit": "\u2660"
          },
          {
            "value": 13,
            "suit": "\u2660"
          },
          {
            "value": 5,
            "suit": "\u2660"
          },
          {
            "value": 2,
            "suit": "\u2666"
          },
          {
            "value": 5,
            "suit": "\u2666"
          },
          {
            "value": 5,
            "suit": "\u2663"
          },
          {
            "value": 6,
            "suit": "\u2666"
          },
          {
            "value": 9,
            "suit": "\u2666"
          },
          {
            "value": 3,
            "suit": "\u2663"
          },
          {
            "value": 6,
            "suit": "\u2665"
          },
          {
            "value": 10,
            "suit": "\u2665"
          },
          {
            "value": 3,
            "suit": "\u2666"
          },
          {
            "value": 10,
            "suit": "\u2666"
          },
          {
            "value": 4,
            "suit": "\u2663"
          },
          {
            "value": 7,
            "suit": "\u2665"
          },
          {
            "value": 7,
            "suit": "\u2666"
          },
          {
            "value": 10,
            "suit": "\u2660"
          },
          {
            "value": 3,
            "suit": "\u2665"
          },
          {
            "value": 9,
            "suit": "\u2663"
          },
          {
            "value": 12,
            "suit": "\u2660"
          },
          {
            "value": 4,
            "suit": "\u2665"
          },
          {
            "value": 4,
            "suit": "\u2666"
          },
          {
            "value": 14,
            "suit": "\u2660"
          }
        ],
        "room": [
          {
            "value": 8,
            "suit": "\u2665"
          },
          {
            "value": 5,
            "suit": "\u2665"
          }
        ],
        "discard": [
          {
            "value": 14,
            "suit": "\u2663"
          },
          {
            "value": 2,
            "suit": "\u2660"
          }
        ],
        "equipped_weapon": null,
        "weapon_monsters": [],
        "used_potion": false,
        "health": 4,
        "number_avoided": 0,
        "last_room_avoided": false,
        "exit": false,
        "score": -188,
        "can_avoid": false,
        "can_use_potion": true,
        "game_over": false
      },
      "mcts_stats": [
        {
          "action": 0,
          "visits": 61816,
          "avg_value": 0.05248455611980013,
          "total_value": 3244.385321101565,
          "ucb1": 0.07178164540870419
        },
        {
          "action": 1,
          "visits": 38184,
          "avg_value": 0.04527906400107208,
          "total_value": 1728.9357798169362,
          "ucb1": 0.06983189334818074
        }
      ],
      "selected_action": 0
    },
    {
      "turn": 3,
      "game_state": {
        "dungeon": [
          {
            "value": 11,
            "suit": "\u2663"
          },
          {
            "value": 8,
            "suit": "\u2660"
          },
          {
            "value": 11,
            "suit": "\u2660"
          },
          {
            "value": 10,
            "suit": "\u2663"
          },
          {
            "value": 12,
            "suit": "\u2663"
          },
          {
            "value": 2,
            "suit": "\u2665"
          },
          {
            "value": 6,
            "suit": "\u2663"
          },
          {
            "value": 4,
            "suit": "\u2660"
          },
          {
            "value": 3,
            "suit": "\u2660"
          },
          {
            "value": 8,
            "suit": "\u2666"
          },
          {
            "value": 7,
            "suit": "\u2660"
          },
          {
            "value": 13,
            "suit": "\u2663"
          },
          {
            "value": 6,
            "suit": "\u2660"
          },
          {
            "value": 9,
            "suit": "\u2665"
          },
          {
            "value": 9,
            "suit": "\u2660"
          },
          {
            "value": 13,
            "suit": "\u2660"
          },
          {
            "value": 5,
            "suit": "\u2660"
          },
          {
            "value": 2,
            "suit": "\u2666"
          },
          {
            "value": 5,
            "suit": "\u2666"
          },
          {
            "value": 5,
            "suit": "\u2663"
          },
          {
            "value": 6,
            "suit": "\u2666"
          },
          {
            "value": 9,
            "suit": "\u2666"
          },
          {
            "value": 3,
            "suit": "\u2663"
          },
          {
            "value": 6,
            "suit": "\u2665"
          },
          {
            "value": 10,
            "suit": "\u2665"
          },
          {
            "value": 3,
            "suit": "\u2666"
          },
          {
            "value": 10,
            "suit": "\u2666"
          },
          {
            "value": 4,
            "suit": "\u2663"
          },
          {
            "value": 7,
            "suit": "\u2665"
          },
          {
            "value": 7,
            "suit": "\u2666"
          },
          {
            "value": 10,
            "suit": "\u2660"
          },
          {
            "value": 3,
            "suit": "\u2665"
          },
          {
            "value": 9,
            "suit": "\u2663"
          },
          {
            "value": 12,
            "suit": "\u2660"
          },
          {
            "value": 4,
            "suit": "\u2665"
          },
          {
            "value": 4,
            "suit": "\u2666"
          },
          {
            "value": 14,
            "suit": "\u2660"
          }
        ],
        "room": [
          {
            "value": 5,
            "suit": "\u2665"
          },
          {
            "value": 7,
            "suit": "\u2663"
          },
          {
            "value": 8,
            "suit": "\u2663"
          },
          {
            "value": 2,
            "suit": "\u2663"
          }
        ],
        "discard": [
          {
            "value": 14,
            "suit": "\u2663"
          },
          {
            "value": 2,
            "suit": "\u2660"
          },
          {
            "value": 8,
            "suit": "\u2665"
          }
        ],
        "equipped_weapon": null,
        "weapon_monsters": [],
        "used_potion": false,
        "health": 12,
        "number_avoided": 0,
        "last_room_avoided": false,
        "exit": false,
        "score": -180,
        "can_avoid": true,
        "can_use_potion": true,
        "game_over": false
      },
      "mcts_stats": [
        {
          "action": 0,
          "visits": 28567,
          "avg_value": 0.060229725515726036,
          "total_value": 1720.5825688077457,
          "ucb1": 0.08861610070135856
        },
        {
          "action": 1,
          "visits": 19176,
          "avg_value": 0.05164688850359096,
          "total_value": 990.3807339448603,
          "ucb1": 0.08629369778760393
        },
        {
          "action": 2,
          "visits": 19183,
          "avg_value": 0.051653389588540384,
          "total_value": 990.8669724769702,
          "ucb1": 0.08629387687406506
        },
        {
          "action": 3,
          "visits": 21980,
          "avg_value": 0.054780409212713974,
          "total_value": 1204.0733944954532,
          "ucb1": 0.08714189195367927
        },
        {
          "action": 4,
          "visits": 11094,
          "avg_value": 0.03669724770642589,
          "total_value": 407.1192660550888,
          "ucb1": 0.08224827492899413
        }
      ],
      "selected_action": 0
    },
    {
      "turn": 4,
      "game_state": {
        "dungeon": [
          {
            "value": 11,
            "suit": "\u2663"
          },
          {
            "value": 8,
            "suit": "\u2660"
          },
          {
            "value": 11,
            "suit": "\u2660"
          },
          {
            "value": 10,
            "suit": "\u2663"
          },
          {
            "value": 12,
            "suit": "\u2663"
          },
          {
            "value": 2,
            "suit": "\u2665"
          },
          {
            "value": 6,
            "suit": "\u2663"
          },
          {
            "value": 4,
            "suit": "\u2660"
          },
          {
            "value": 3,
            "suit": "\u2660"
          },
          {
            "value": 8,
            "suit": "\u2666"
          },
          {
            "value": 7,
            "suit": "\u2660"
          },
          {
            "value": 13,
            "suit": "\u2663"
          },
          {
            "value": 6,
            "suit": "\u2660"
          },
          {
            "value": 9,
            "suit": "\u2665"
          },
          {
            "value": 9,
            "suit": "\u2660"
          },
          {
            "value": 13,
            "suit": "\u2660"
          },
          {
            "value": 5,
            "suit": "\u2660"
          },
          {
            "value": 2,
            "suit": "\u2666"
          },
          {
            "value": 5,
            "suit": "\u2666"
          },
          {
            "value": 5,
            "suit": "\u2663"
          },
          {
            "value": 6,
            "suit": "\u2666"
          },
          {
            "value": 9,
            "suit": "\u2666"
          },
          {
            "value": 3,
            "suit": "\u2663"
          },
          {
            "value": 6,
            "suit": "\u2665"
          },
          {
            "value": 10,
            "suit": "\u2665"
          },
          {
            "value": 3,
            "suit": "\u2666"
          },
          {
            "value": 10,
            "suit": "\u2666"
          },
          {
            "value": 4,
            "suit": "\u2663"
          },
          {
            "value": 7,
            "suit": "\u2665"
          },
          {
            "value": 7,
            "suit": "\u2666"
          },
          {
            "value": 10,
            "suit": "\u2660"
          },
          {
            "value": 3,
            "suit": "\u2665"
          },
          {
            "value": 9,
            "suit": "\u2663"
          },
          {
            "value": 12,
            "suit": "\u2660"
          },
          {
            "value": 4,
            "suit": "\u2665"
          },
          {
            "value": 4,
            "suit": "\u2666"
          },
          {
            "value": 14,
            "suit": "\u2660"
          }
        ],
        "room": [
          {
            "value": 7,
            "suit": "\u2663"
          },
          {
            "value": 8,
            "suit": "\u2663"
          },
          {
            "value": 2,
            "suit": "\u2663"
          }
        ],
        "discard": [
          {
            "value": 14,
            "suit": "\u2663"
          },
          {
            "value": 2,
            "suit": "\u2660"
          },
          {
            "value": 8,
            "suit": "\u2665"
          },
          {
            "value": 5,
            "suit": "\u2665"
          }
        ],
        "equipped_weapon": null,
        "weapon_monsters": [],
        "used_potion": true,
        "health": 17,
        "number_avoided": 0,
        "last_room_avoided": false,
        "exit": false,
        "score": -175,
        "can_avoid": false,
        "can_use_potion": false,
        "game_over": false
      },
      "mcts_stats": [
        {
          "action": 0,
          "visits": 33280,
          "avg_value": 0.060230405345818916,
          "total_value": 2004.4678899088535,
          "ucb1": 0.0865300933940655
        },
        {
          "action": 1,
          "visits": 33282,
          "avg_value": 0.06023119640946095,
          "total_value": 2004.6146788996793,
          "ucb1": 0.0865300942382747
        },
        {
          "action": 2,
          "visits": 33438,
          "avg_value": 0.06031565471577021,
          "total_value": 2016.8348623859242,
          "ucb1": 0.08655313403412143
        }
      ],
      "selected_action": 2
    },
    {
      "turn": 5,
      "game_state": {
        "dungeon": [
          {
            "value": 11,
            "suit": "\u2663"
          },
          {
            "value": 8,
            "suit": "\u2660"
          },
          {
            "value": 11,
            "suit": "\u2660"
          },
          {
            "value": 10,
            "suit": "\u2663"
          },
          {
            "value": 12,
            "suit": "\u2663"
          },
          {
            "value": 2,
            "suit": "\u2665"
          },
          {
            "value": 6,
            "suit": "\u2663"
          },
          {
            "value": 4,
            "suit": "\u2660"
          },
          {
            "value": 3,
            "suit": "\u2660"
          },
          {
            "value": 8,
            "suit": "\u2666"
          },
          {
            "value": 7,
            "suit": "\u2660"
          },
          {
            "value": 13,
            "suit": "\u2663"
          },
          {
            "value": 6,
            "suit": "\u2660"
          },
          {
            "value": 9,
            "suit": "\u2665"
          },
          {
            "value": 9,
            "suit": "\u2660"
          },
          {
            "value": 13,
            "suit": "\u2660"
          },
          {
            "value": 5,
            "suit": "\u2660"
          },
          {
            "value": 2,
            "suit": "\u2666"
          },
          {
            "value": 5,
            "suit": "\u2666"
          },
          {
            "value": 5,
            "suit": "\u2663"
          },
          {
            "value": 6,
            "suit": "\u2666"
          },
          {
            "value": 9,
            "suit": "\u2666"
          },
          {
            "value": 3,
            "suit": "\u2663"
          },
          {
            "value": 6,
            "suit": "\u2665"
          },
          {
            "value": 10,
            "suit": "\u2665"
          },
          {
            "value": 3,
            "suit": "\u2666"
          },
          {
            "value": 10,
            "suit": "\u2666"
          },
          {
            "value": 4,
            "suit": "\u2663"
          },
          {
            "value": 7,
            "suit": "\u2665"
          },
          {
            "value": 7,
            "suit": "\u2666"
          },
          {
            "value": 10,
            "suit": "\u2660"
          },
          {
            "value": 3,
            "suit": "\u2665"
          },
          {
            "value": 9,
            "suit": "\u2663"
          },
          {
            "value": 12,
            "suit": "\u2660"
          },
          {
            "value": 4,
            "suit": "\u2665"
          },
          {
            "value": 4,
            "suit": "\u2666"
          },
          {
            "value": 14,
            "suit": "\u2660"
          }
        ],
        "room": [
          {
            "value": 7,
            "suit": "\u2663"
          },
          {
            "value": 8,
            "suit": "\u2663"
          }
        ],
        "discard": [
          {
            "value": 14,
            "suit": "\u2663"
          },
          {
            "value": 2,
            "suit": "\u2660"
          },
          {
            "value": 8,
            "suit": "\u2665"
          },
          {
            "value": 5,
            "suit": "\u2665"
          },
          {
            "value": 2,
            "suit": "\u2663"
          }
        ],
        "equipped_weapon": null,
        "weapon_monsters": [],
        "used_potion": true,
        "health": 15,
        "number_avoided": 0,
        "last_room_avoided": false,
        "exit": false,
        "score": -175,
        "can_avoid": false,
        "can_use_potion": false,
        "game_over": false
      },
      "mcts_stats": [
        {
          "action": 0,
          "visits": 50000,
          "avg_value": 0.06036697247708642,
          "total_value": 3018.348623854321,
          "ucb1": 0.08182339208659238
        },
        {
          "action": 1,
          "visits": 50000,
          "avg_value": 0.06036697247708642,
          "total_value": 3018.348623854321,
          "ucb1": 0.08182339208659238
        }
      ],
      "selected_action": 1
    },
    {
      "turn": 6,
      "game_state": {
        "dungeon": [
          {
            "value": 10,
            "suit": "\u2663"
          },
          {
            "value": 12,
            "suit": "\u2663"
          },
          {
            "value": 2,
            "suit": "\u2665"
          },
          {
            "value": 6,
            "suit": "\u2663"
          },
          {
            "value": 4,
            "suit": "\u2660"
          },
          {
            "value": 3,
            "suit": "\u2660"
          },
          {
            "value": 8,
            "suit": "\u2666"
          },
          {
            "value": 7,
            "suit": "\u2660"
          },
          {
            "value": 13,
            "suit": "\u2663"
          },
          {
            "value": 6,
            "suit": "\u2660"
          },
          {
            "value": 9,
            "suit": "\u2665"
          },
          {
            "value": 9,
            "suit": "\u2660"
          },
          {
            "value": 13,
            "suit": "\u2660"
          },
          {
            "value": 5,
            "suit": "\u2660"
          },
          {
            "value": 2,
            "suit": "\u2666"
          },
          {
            "value": 5,
            "suit": "\u2666"
          },
          {
            "value": 5,
            "suit": "\u2663"
          },
          {
            "value": 6,
            "suit": "\u2666"
          },
          {
            "value": 9,
            "suit": "\u2666"
          },
          {
            "value": 3,
            "suit": "\u2663"
          },
          {
            "value": 6,
            "suit": "\u2665"
          },
          {
            "value": 10,
            "suit": "\u2665"
          },
          {
            "value": 3,
            "suit": "\u2666"
          },
          {
            "value": 10,
            "suit": "\u2666"
          },
          {
            "value": 4,
            "suit": "\u2663"
          },
          {
            "value": 7,
            "suit": "\u2665"
          },
          {
            "value": 7,
            "suit": "\u2666"
          },
          {
            "value": 10,
            "suit": "\u2660"
          },
          {
            "value": 3,
            "suit": "\u2665"
          },
          {
            "value": 9,
            "suit": "\u2663"
          },
          {
            "value": 12,
            "suit": "\u2660"
          },
          {
            "value": 4,
            "suit": "\u2665"
          },
          {
            "value": 4,
            "suit": "\u2666"
          },
          {
            "value": 14,
            "suit": "\u2660"
          }
        ],
        "room": [
          {
            "value": 7,
            "suit": "\u2663"
          },
          {
            "value": 11,
            "suit": "\u2663"
          },
          {
            "value": 8,
            "suit": "\u2660"
          },
          {
            "value": 11,
            "suit": "\u2660"
          }
        ],
        "discard": [
          {
            "value": 14,
            "suit": "\u2663"
          },
          {
            "value": 2,
            "suit": "\u2660"
          },
          {
            "value": 8,
            "suit": "\u2665"
          },
          {
            "value": 5,
            "suit": "\u2665"
          },
          {
            "value": 2,
            "suit": "\u2663"
          },
          {
            "value": 8,
            "suit": "\u2663"
          }
        ],
        "equipped_weapon": null,
        "weapon_monsters": [],
        "used_potion": false,
        "health": 7,
        "number_avoided": 0,
        "last_room_avoided": false,
        "exit": false,
        "score": -175,
        "can_avoid": true,
        "can_use_potion": true,
        "game_over": false
      },
      "mcts_stats": [
        {
          "action": 0,
          "visits": 19358,
          "avg_value": 0.05963302752293657,
          "total_value": 1154.376146789006,
          "ucb1": 0.09411658103028323
        },
        {
          "action": 1,
          "visits": 19357,
          "avg_value": 0.05963302752293657,
          "total_value": 1154.316513761483,
          "ucb1": 0.0941174717444475
        },
        {
          "action": 2,
          "visits": 19357,
          "avg_value": 0.05963302752293657,
          "total_value": 1154.316513761483,
          "ucb1": 0.0941174717444475
        },
        {
          "action": 3,
          "visits": 19358,
          "avg_value": 0.05963302752293657,
          "total_value": 1154.376146789006,
          "ucb1": 0.09411658103028323
        },
        {
          "action": 4,
          "visits": 22570,
          "avg_value": 0.06312796478235887,
          "total_value": 1424.7981651378398,
          "ucb1": 0.09506366746797248
        }
      ],
      "selected_action": 4
    },
    {
      "turn": 7,
      "game_state": {
        "dungeon": [
          {
            "value": 4,
            "suit": "\u2660"
          },
          {
            "value": 3,
            "suit": "\u2660"
          },
          {
            "value": 8,
            "suit": "\u2666"
          },
          {
            "value": 7,
            "suit": "\u2660"
          },
          {
            "value": 13,
            "suit": "\u2663"
          },
          {
            "value": 6,
            "suit": "\u2660"
          },
          {
            "value": 9,
            "suit": "\u2665"
          },
          {
            "value": 9,
            "suit": "\u2660"
          },
          {
            "value": 13,
            "suit": "\u2660"
          },
          {
            "value": 5,
            "suit": "\u2660"
          },
          {
            "value": 2,
            "suit": "\u2666"
          },
          {
            "value": 5,
            "suit": "\u2666"
          },
          {
            "value": 5,
            "suit": "\u2663"
          },
          {
            "value": 6,
            "suit": "\u2666"
          },
          {
            "value": 9,
            "suit": "\u2666"
          },
          {
            "value": 3,
            "suit": "\u2663"
          },
          {
            "value": 6,
            "suit": "\u2665"
          },
          {
            "value": 10,
            "suit": "\u2665"
          },
          {
            "value": 3,
            "suit": "\u2666"
          },
          {
            "value": 10,
            "suit": "\u2666"
          },
          {
            "value": 4,
            "suit": "\u2663"
          },
          {
            "value": 7,
            "suit": "\u2665"
          },
          {
            "value": 7,
            "suit": "\u2666"
          },
          {
            "value": 10,
            "suit": "\u2660"
          },
          {
            "value": 3,
            "suit": "\u2665"
          },
          {
            "value": 9,
            "suit": "\u2663"
          },
          {
            "value": 12,
            "suit": "\u2660"
          },
          {
            "value": 4,
            "suit": "\u2665"
          },
          {
            "value": 4,
            "suit": "\u2666"
          },
          {
            "value": 14,
            "suit": "\u2660"
          },
          {
            "value": 7,
            "suit": "\u2663"
          },
          {
            "value": 11,
            "suit": "\u2663"
          },
          {
            "value": 8,
            "suit": "\u2660"
          },
          {
            "value": 11,
            "suit": "\u2660"
          }
        ],
        "room": [
          {
            "value": 10,
            "suit": "\u2663"
          },
          {
            "value": 12,
            "suit": "\u2663"
          },
          {
            "value": 2,
            "suit": "\u2665"
          },
          {
            "value": 6,
            "suit": "\u2663"
          }
        ],
        "discard": [
          {
            "value": 14,
            "suit": "\u2663"
          },
          {
            "value": 2,
            "suit": "\u2660"
          },
          {
            "value": 8,
            "suit": "\u2665"
          },
          {
            "value": 5,
            "suit": "\u2665"
          },
          {
            "value": 2,
            "suit": "\u2663"
          },
          {
            "value": 8,
            "suit": "\u2663"
          }
        ],
        "equipped_weapon": null,
        "weapon_monsters": [],
        "used_potion": false,
        "health": 7,
        "number_avoided": 1,
        "last_room_avoided": true,
        "exit": false,
        "score": -175,
        "can_avoid": false,
        "can_use_potion": true,
        "game_over": false
      },
      "mcts_stats": [
        {
          "action": 0,
          "visits": 21035,
          "avg_value": 0.05963302752293983,
          "total_value": 1254.3807339450393,
          "ucb1": 0.09271344622344155
        },
        {
          "action": 1,
          "visits": 21035,
          "avg_value": 0.05963302752293983,
          "total_value": 1254.3807339450393,
          "ucb1": 0.09271344622344155
        },
        {
          "action": 2,
          "visits": 33056,
          "avg_value": 0.06880733944954587,
          "total_value": 2274.495412844188,
          "ucb1": 0.09519598538231479
        },
        {
          "action": 3,
          "visits": 24874,
          "avg_value": 0.06327892578597345,
          "total_value": 1574.0000000003038,
          "ucb1": 0.09369964243971271
        }
      ],
      "selected_action": 2
    },
    {
      "turn": 8,
      "game_state": {
        "dungeon": [
          {
            "value": 4,
            "suit": "\u2660"
          },
          {
            "value": 3,
            "suit": "\u2660"
          },
          {
            "value": 8,
            "suit": "\u2666"
          },
          {
            "value": 7,
            "suit": "\u2660"
          },
          {
            "value": 13,
            "suit": "\u2663"
          },
          {
            "value": 6,
            "suit": "\u2660"
          },
          {
            "value": 9,
            "suit": "\u2665"
          },
          {
            "value": 9,
            "suit": "\u2660"
          },
          {
            "value": 13,
            "suit": "\u2660"
          },
          {
            "value": 5,
            "suit": "\u2660"
          },
          {
            "value": 2,
            "suit": "\u2666"
          },
          {
            "value": 5,
            "suit": "\u2666"
          },
          {
            "value": 5,
            "suit": "\u2663"
          },
          {
            "value": 6,
            "suit": "\u2666"
          },
          {
            "value": 9,
            "suit": "\u2666"
          },
          {
            "value": 3,
            "suit": "\u2663"
          },
          {
            "value": 6,
            "suit": "\u2665"
          },
          {
            "value": 10,
            "suit": "\u2665"
          },
          {
            "value": 3,
            "suit": "\u2666"
          },
          {
            "value": 10,
            "suit": "\u2666"
          },
          {
            "value": 4,
            "suit": "\u2663"
          },
          {
            "value": 7,
            "suit": "\u2665"
          },
          {
            "value": 7,
            "suit": "\u2666"
          },
          {
            "value": 10,
            "suit": "\u2660"
          },
          {
            "value": 3,
            "suit": "\u2665"
          },
          {
            "value": 9,
            "suit": "\u2663"
          },
          {
            "value": 12,
            "suit": "\u2660"
          },
          {
            "value": 4,
            "suit": "\u2665"
          },
          {
            "value": 4,
            "suit": "\u2666"
          },
          {
            "value": 14,
            "suit": "\u2660"
          },
          {
            "value": 7,
            "suit": "\u2663"
          },
          {
            "value": 11,
            "suit": "\u2663"
          },
          {
            "value": 8,
            "suit": "\u2660"
          },
          {
            "value": 11,
            "suit": "\u2660"
          }
        ],
        "room": [
          {
            "value": 10,
            "suit": "\u2663"
          },
          {
            "value": 12,
            "suit": "\u2663"
          },
          {
            "value": 6,
            "suit": "\u2663"
          }
        ],
        "discard": [
          {
            "value": 14,
            "suit": "\u2663"
          },
          {
            "value": 2,
            "suit": "\u2660"
          },
          {
            "value": 8,
            "suit": "\u2665"
          },
          {
            "value": 5,
            "suit": "\u2665"
          },
          {
            "value": 2,
            "suit": "\u2663"
          },
          {
            "value": 8,
            "suit": "\u2663"
          },
          {
            "value": 2,
            "suit": "\u2665"
          }
        ],
        "equipped_weapon": null,
        "weapon_monsters": [],
        "used_potion": true,
        "health": 9,
        "number_avoided": 1,
        "last_room_avoided": true,
        "exit": false,
        "score": -173,
        "can_avoid": false,
        "can_use_potion": false,
        "game_over": false
      },
      "mcts_stats": [
        {
          "action": 0,
          "visits": 33334,
          "avg_value": 0.06880733944954506,
          "total_value": 2293.623853211135,
          "ucb1": 0.0950857165422564
        },
        {
          "action": 1,
          "visits": 33334,
          "avg_value": 0.06880733944954506,
          "total_value": 2293.623853211135,
          "ucb1": 0.0950857165422564
        },
        {
          "action": 2,
          "visits": 33332,
          "avg_value": 0.06880733944954506,
          "total_value": 2293.4862385322363,
          "ucb1": 0.09508650491327864
        }
      ],
      "selected_action": 1
    }
  ]
}