{
  "metadata": {
    "seed": 657257913,
    "num_simulations": 100000,
    "timestamp": "2025-12-21T04:26:23.063518",
    "final_score": -151,
    "num_turns": 14,
    "final_state": {
      "dungeon": [
        {
          "value": 6,
          "suit": "\u2666"
        },
        {
          "value": 13,
          "suit": "\u2663"
        },
        {
          "value": 6,
          "suit": "\u2660"
        },
        {
          "value": 4,
          "suit": "\u2666"
        },
        {
          "value": 9,
          "suit": "\u2660"
        },
        {
          "value": 10,
          "suit": "\u2666"
        },
        {
          "value": 8,
          "suit": "\u2665"
        },
        {
          "value": 7,
          "suit": "\u2666"
        },
        {
          "value": 7,
          "suit": "\u2665"
        },
        {
          "value": 4,
          "suit": "\u2660"
        },
        {
          "value": 7,
          "suit": "\u2660"
        },
        {
          "value": 10,
          "suit": "\u2665"
        },
        {
          "value": 4,
          "suit": "\u2663"
        },
        {
          "value": 3,
          "suit": "\u2665"
        },
        {
          "value": 9,
          "suit": "\u2666"
        },
        {
          "value": 6,
          "suit": "\u2665"
        },
        {
          "value": 5,
          "suit": "\u2666"
        },
        {
          "value": 11,
          "suit": "\u2660"
        },
        {
          "value": 13,
          "suit": "\u2660"
        },
        {
          "value": 3,
          "suit": "\u2666"
        },
        {
          "value": 2,
          "suit": "\u2660"
        },
        {
          "value": 4,
          "suit": "\u2665"
        },
        {
          "value": 5,
          "suit": "\u2663"
        },
        {
          "value": 14,
          "suit": "\u2663"
        },
        {
          "value": 5,
          "suit": "\u2660"
        },
        {
          "value": 14,
          "suit": "\u2660"
        },
        {
          "value": 2,
          "suit": "\u2665"
        },
        {
          "value": 9,
          "suit": "\u2663"
        }
      ],
      "room": [
        {
          "value": 10,
          "suit": "\u2660"
        },
        {
          "value": 9,
          "suit": "\u2665"
        },
        {
          "value": 8,
          "suit": "\u2663"
        },
        {
          "value": 12,
          "suit": "\u2660"
        }
      ],
      "discard": [
        {
          "value": 8,
          "suit": "\u2666"
        },
        {
          "value": 12,
          "suit": "\u2663"
        },
        {
          "value": 8,
          "suit": "\u2660"
        },
        {
          "value": 6,
          "suit": "\u2663"
        },
        {
          "value": 3,
          "suit": "\u2663"
        },
        {
          "value": 3,
          "suit": "\u2660"
        },
        {
          "value": 5,
          "suit": "\u2665"
        },
        {
          "value": 10,
          "suit": "\u2663"
        },
        {
          "value": 11,
          "suit": "\u2663"
        }
      ],
      "equipped_weapon": {
        "value": 2,
        "suit": "\u2666"
      },
      "weapon_monsters": [
        {
          "value": 7,
          "suit": "\u2663"
        },
        {
          "value": 2,
          "suit": "\u2663"
        }
      ],
      "used_potion": false,
      "health": -5,
      "number_avoided": 2,
      "last_room_avoided": false,
      "exit": false,
      "score": -151,
      "can_avoid": true,
      "can_use_potion": true,
      "game_over": true
    }
  },
  "events": [
    {
      "turn": 0,
      "game_state": {
        "dungeon": [
          {
            "value": 3,
            "suit": "\u2663"
          },
          {
            "value": 8,
            "suit": "\u2660"
          },
          {
            "value": 8,
            "suit": "\u2666"
          },
          {
            "value": 12,
            "suit": "\u2663"
          },
          {
            "value": 2,
            "suit": "\u2666"
          },
          {
            "value": 3,
            "suit": "\u2660"
          },
          {
            "value": 6,
            "suit": "\u2663"
          },
          {
            "value": 7,
            "suit": "\u2663"
          },
          {
            "value": 5,
            "suit": "\u2665"
          },
          {
            "value": 5,
            "suit": "\u2660"
          },
          {
            "value": 14,
            "suit": "\u2660"
          },
          {
            "value": 2,
            "suit": "\u2665"
          },
          {
            "value": 9,
            "suit": "\u2663"
          },
          {
            "value": 10,
            "suit": "\u2660"
          },
          {
            "value": 11,
            "suit": "\u2663"
          },
          {
            "value": 2,
            "suit": "\u2663"
          },
          {
            "value": 10,
            "suit": "\u2663"
          },
          {
            "value": 9,
            "suit": "\u2665"
          },
          {
            "value": 8,
            "suit": "\u2663"
          },
          {
            "value": 12,
            "suit": "\u2660"
          },
          {
            "value": 6,
            "suit": "\u2666"
          },
          {
            "value": 13,
            "suit": "\u2663"
          },
          {
            "value": 6,
            "suit": "\u2660"
          },
          {
            "value": 4,
            "suit": "\u2666"
          },
          {
            "value": 9,
            "suit": "\u2660"
          },
          {
            "value": 10,
            "suit": "\u2666"
          },
          {
            "value": 8,
            "suit": "\u2665"
          },
          {
            "value": 7,
            "suit": "\u2666"
          },
          {
            "value": 7,
            "suit": "\u2665"
          },
          {
            "value": 4,
            "suit": "\u2660"
          },
          {
            "value": 7,
            "suit": "\u2660"
          },
          {
            "value": 10,
            "suit": "\u2665"
          },
          {
            "value": 4,
            "suit": "\u2663"
          },
          {
            "value": 3,
            "suit": "\u2665"
          },
          {
            "value": 9,
            "suit": "\u2666"
          },
          {
            "value": 6,
            "suit": "\u2665"
          },
          {
            "value": 5,
            "suit": "\u2666"
          },
          {
            "value": 11,
            "suit": "\u2660"
          },
          {
            "value": 13,
            "suit": "\u2660"
          },
          {
            "value": 3,
            "suit": "\u2666"
          }
        ],
        "room": [
          {
            "value": 2,
            "suit": "\u2660"
          },
          {
            "value": 4,
            "suit": "\u2665"
          },
          {
            "value": 5,
            "suit": "\u2663"
          },
          {
            "value": 14,
            "suit": "\u2663"
          }
        ],
        "discard": [],
        "equipped_weapon": null,
        "weapon_monsters": [],
        "used_potion": false,
        "health": 20,
        "number_avoided": 0,
        "last_room_avoided": false,
        "exit": false,
        "score": -188,
        "can_avoid": true,
        "can_use_potion": true,
        "game_over": false
      },
      "mcts_stats": [
        {
          "action": 0,
          "visits": 5479,
          "avg_value": 0.03010326333573921,
          "total_value": 164.93577981651512,
          "ucb1": 0.0949206632512326
        },
        {
          "action": 1,
          "visits": 3996,
          "avg_value": 0.015473041849188659,
          "total_value": 61.83027522935788,
          "ucb1": 0.09137089929922086
        },
        {
          "action": 2,
          "visits": 5936,
          "avg_value": 0.03346707386433944,
          "total_value": 198.66055045871892,
          "ucb1": 0.09573943169960866
        },
        {
          "action": 3,
          "visits": 4899,
          "avg_value": 0.025182072357025315,
          "total_value": 123.36697247706702,
          "ucb1": 0.09372908559370878
        },
        {
          "action": 4,
          "visits": 79690,
          "avg_value": 0.10676411231135648,
          "total_value": 8508.032110091997,
          "ucb1": 0.12375986263938538
        }
      ],
      "selected_action": 4
    },
    {
      "turn": 1,
      "game_state": {
        "dungeon": [
          {
            "value": 2,
            "suit": "\u2666"
          },
          {
            "value": 3,
            "suit": "\u2660"
          },
          {
            "value": 6,
            "suit": "\u2663"
          },
          {
            "value": 7,
            "suit": "\u2663"
          },
          {
            "value": 5,
            "suit": "\u2665"
          },
          {
            "value": 5,
            "suit": "\u2660"
          },
          {
            "value": 14,
            "suit": "\u2660"
          },
          {
            "value": 2,
            "suit": "\u2665"
          },
          {
            "value": 9,
            "suit": "\u2663"
          },
          {
            "value": 10,
            "suit": "\u2660"
          },
          {
            "value": 11,
            "suit": "\u2663"
          },
          {
            "value": 2,
            "suit": "\u2663"
          },
          {
            "value": 10,
            "suit": "\u2663"
          },
          {
            "value": 9,
            "suit": "\u2665"
          },
          {
            "value": 8,
            "suit": "\u2663"
          },
          {
            "value": 12,
            "suit": "\u2660"
          },
          {
            "value": 6,
            "suit": "\u2666"
          },
          {
            "value": 13,
            "suit": "\u2663"
          },
          {
            "value": 6,
            "suit": "\u2660"
          },
          {
            "value": 4,
            "suit": "\u2666"
          },
          {
            "value": 9,
            "suit": "\u2660"
          },
          {
            "value": 10,
            "suit": "\u2666"
          },
          {
            "value": 8,
            "suit": "\u2665"
          },
          {
            "value": 7,
            "suit": "\u2666"
          },
          {
            "value": 7,
            "suit": "\u2665"
          },
          {
            "value": 4,
            "suit": "\u2660"
          },
          {
            "value": 7,
            "suit": "\u2660"
          },
          {
            "value": 10,
            "suit": "\u2665"
          },
          {
            "value": 4,
            "suit": "\u2663"
          },
          {
            "value": 3,
            "suit": "\u2665"
          },
          {
            "value": 9,
            "suit": "\u2666"
          },
          {
            "value": 6,
            "suit": "\u2665"
          },
          {
            "value": 5,
            "suit": "\u2666"
          },
          {
            "value": 11,
            "suit": "\u2660"
          },
          {
            "value": 13,
            "suit": "\u2660"
          },
          {
            "value": 3,
            "suit": "\u2666"
          },
          {
            "value": 2,
            "suit": "\u2660"
          },
          {
            "value": 4,
            "suit": "\u2665"
          },
          {
            "value": 5,
            "suit": "\u2663"
          },
          {
            "value": 14,
            "suit": "\u2663"
          }
        ],
        "room": [
          {
            "value": 3,
            "suit": "\u2663"
          },
          {
            "value": 8,
            "suit": "\u2660"
          },
          {
            "value": 8,
            "suit": "\u2666"
          },
          {
            "value": 12,
            "suit": "\u2663"
          }
        ],
        "discard": [],
        "equipped_weapon": null,
        "weapon_monsters": [],
        "used_potion": false,
        "health": 20,
        "number_avoided": 1,
        "last_room_avoided": true,
        "exit": false,
        "score": -188,
        "can_avoid": false,
        "can_use_potion": true,
        "game_over": false
      },
      "mcts_stats": [
        {
          "action": 0,
          "visits": 10822,
          "avg_value": 0.10402272638644647,
          "total_value": 1125.7339449541237,
          "ucb1": 0.1501426406400076
        },
        {
          "action": 1,
          "visits": 4394,
          "avg_value": 0.06802854601562612,
          "total_value": 298.9174311926612,
          "ucb1": 0.1404074878776792
        },
        {
          "action": 2,
          "visits": 81445,
          "avg_value": 0.1442429488916067,
          "total_value": 11747.866972476906,
          "ucb1": 0.16105458736619122
        },
        {
          "action": 3,
          "visits": 3339,
          "avg_value": 0.053428895648040514,
          "total_value": 178.39908256880727,
          "ucb1": 0.13645870609506613
        }
      ],
      "selected_action": 2
    },
    {
      "turn": 2,
      "game_state": {
        "dungeon": [
          {
            "value": 2,
            "suit": "\u2666"
          },
          {
            "value": 3,
            "suit": "\u2660"
          },
          {
            "value": 6,
            "suit": "\u2663"
          },
          {
            "value": 7,
            "suit": "\u2663"
          },
          {
            "value": 5,
            "suit": "\u2665"
          },
          {
            "value": 5,
            "suit": "\u2660"
          },
          {
            "value": 14,
            "suit": "\u2660"
          },
          {
            "value": 2,
            "suit": "\u2665"
          },
          {
            "value": 9,
            "suit": "\u2663"
          },
          {
            "value": 10,
            "suit": "\u2660"
          },
          {
            "value": 11,
            "suit": "\u2663"
          },
          {
            "value": 2,
            "suit": "\u2663"
          },
          {
            "value": 10,
            "suit": "\u2663"
          },
          {
            "value": 9,
            "suit": "\u2665"
          },
          {
            "value": 8,
            "suit": "\u2663"
          },
          {
            "value": 12,
            "suit": "\u2660"
          },
          {
            "value": 6,
            "suit": "\u2666"
          },
          {
            "value": 13,
            "suit": "\u2663"
          },
          {
            "value": 6,
            "suit": "\u2660"
          },
          {
            "value": 4,
            "suit": "\u2666"
          },
          {
            "value": 9,
            "suit": "\u2660"
          },
          {
            "value": 10,
            "suit": "\u2666"
          },
          {
            "value": 8,
            "suit": "\u2665"
          },
          {
            "value": 7,
            "suit": "\u2666"
          },
          {
            "value": 7,
            "suit": "\u2665"
          },
          {
            "value": 4,
            "suit": "\u2660"
          },
          {
            "value": 7,
            "suit": "\u2660"
          },
          {
            "value": 10,
            "suit": "\u2665"
          },
          {
            "value": 4,
            "suit": "\u2663"
          },
          {
            "value": 3,
            "suit": "\u2665"
          },
          {
            "value": 9,
            "suit": "\u2666"
          },
          {
            "value": 6,
            "suit": "\u2665"
          },
          {
            "value": 5,
            "suit": "\u2666"
          },
          {
            "value": 11,
            "suit": "\u2660"
          },
          {
            "value": 13,
            "suit": "\u2660"
          },
          {
            "value": 3,
            "suit": "\u2666"
          },
          {
            "value": 2,
            "suit": "\u2660"
          },
          {
            "value": 4,
            "suit": "\u2665"
          },
          {
            "value": 5,
            "suit": "\u2663"
          },
          {
            "value": 14,
            "suit": "\u2663"
          }
        ],
        "room": [
          {
            "value": 3,
            "suit": "\u2663"
          },
          {
            "value": 8,
            "suit": "\u2660"
          },
          {
            "value": 12,
            "suit": "\u2663"
          }
        ],
        "discard": [],
        "equipped_weapon": {
          "value": 8,
          "suit": "\u2666"
        },
        "weapon_monsters": [],
        "used_potion": false,
        "health": 20,
        "number_avoided": 1,
        "last_room_avoided": true,
        "exit": false,
        "score": -188,
        "can_avoid": false,
        "can_use_potion": true,
        "game_over": false
      },
      "mcts_stats": [
        {
          "action": 0,
          "visits": 2749,
          "avg_value": 0.049070387563784165,
          "total_value": 134.89449541284267,
          "ucb1": 0.14057750735818286
        },
        {
          "action": 1,
          "visits": 7889,
          "avg_value": 0.1004819159414863,
          "total_value": 792.7018348623853,
          "ucb1": 0.1544990175969682
        },
        {
          "action": 2,
          "visits": 89362,
          "avg_value": 0.1525512455369092,
          "total_value": 13632.28440366928,
          "ucb1": 0.16860090477151485
        }
      ],
      "selected_action": 2
    },
    {
      "turn": 3,
      "game_state": {
        "dungeon": [
          {
            "value": 2,
            "suit": "\u2666"
          },
          {
            "value": 3,
            "suit": "\u2660"
          },
          {
            "value": 6,
            "suit": "\u2663"
          },
          {
            "value": 7,
            "suit": "\u2663"
          },
          {
            "value": 5,
            "suit": "\u2665"
          },
          {
            "value": 5,
            "suit": "\u2660"
          },
          {
            "value": 14,
            "suit": "\u2660"
          },
          {
            "value": 2,
            "suit": "\u2665"
          },
          {
            "value": 9,
            "suit": "\u2663"
          },
          {
            "value": 10,
            "suit": "\u2660"
          },
          {
            "value": 11,
            "suit": "\u2663"
          },
          {
            "value": 2,
            "suit": "\u2663"
          },
          {
            "value": 10,
            "suit": "\u2663"
          },
          {
            "value": 9,
            "suit": "\u2665"
          },
          {
            "value": 8,
            "suit": "\u2663"
          },
          {
            "value": 12,
            "suit": "\u2660"
          },
          {
            "value": 6,
            "suit": "\u2666"
          },
          {
            "value": 13,
            "suit": "\u2663"
          },
          {
            "value": 6,
            "suit": "\u2660"
          },
          {
            "value": 4,
            "suit": "\u2666"
          },
          {
            "value": 9,
            "suit": "\u2660"
          },
          {
            "value": 10,
            "suit": "\u2666"
          },
          {
            "value": 8,
            "suit": "\u2665"
          },
          {
            "value": 7,
            "suit": "\u2666"
          },
          {
            "value": 7,
            "suit": "\u2665"
          },
          {
            "value": 4,
            "suit": "\u2660"
          },
          {
            "value": 7,
            "suit": "\u2660"
          },
          {
            "value": 10,
            "suit": "\u2665"
          },
          {
            "value": 4,
            "suit": "\u2663"
          },
          {
            "value": 3,
            "suit": "\u2665"
          },
          {
            "value": 9,
            "suit": "\u2666"
          },
          {
            "value": 6,
            "suit": "\u2665"
          },
          {
            "value": 5,
            "suit": "\u2666"
          },
          {
            "value": 11,
            "suit": "\u2660"
          },
          {
            "value": 13,
            "suit": "\u2660"
          },
          {
            "value": 3,
            "suit": "\u2666"
          },
          {
            "value": 2,
            "suit": "\u2660"
          },
          {
            "value": 4,
            "suit": "\u2665"
          },
          {
            "value": 5,
            "suit": "\u2663"
          },
          {
            "value": 14,
            "suit": "\u2663"
          }
        ],
        "room": [
          {
            "value": 3,
            "suit": "\u2663"
          },
          {
            "value": 8,
            "suit": "\u2660"
          }
        ],
        "discard": [],
        "equipped_weapon": {
          "value": 8,
          "suit": "\u2666"
        },
        "weapon_monsters": [
          {
            "value": 12,
            "suit": "\u2663"
          }
        ],
        "used_potion": false,
        "health": 16,
        "number_avoided": 1,
        "last_room_avoided": true,
        "exit": false,
        "score": -180,
        "can_avoid": false,
        "can_use_potion": true,
        "game_over": false
      },
      "mcts_stats": [
        {
          "action": 0,
          "visits": 8468,
          "avg_value": 0.1067770516526337,
          "total_value": 904.1880733945021,
          "ucb1": 0.15891474715022613
        },
        {
          "action": 1,
          "visits": 91532,
          "avg_value": 0.15652103620851596,
          "total_value": 14326.683486237882,
          "ucb1": 0.17237930519415567
        }
      ],
      "selected_action": 1
    },
    {
      "turn": 4,
      "game_state": {
        "dungeon": [
          {
            "value": 7,
            "suit": "\u2663"
          },
          {
            "value": 5,
            "suit": "\u2665"
          },
          {
            "value": 5,
            "suit": "\u2660"
          },
          {
            "value": 14,
            "suit": "\u2660"
          },
          {
            "value": 2,
            "suit": "\u2665"
          },
          {
            "value": 9,
            "suit": "\u2663"
          },
          {
            "value": 10,
            "suit": "\u2660"
          },
          {
            "value": 11,
            "suit": "\u2663"
          },
          {
            "value": 2,
            "suit": "\u2663"
          },
          {
            "value": 10,
            "suit": "\u2663"
          },
          {
            "value": 9,
            "suit": "\u2665"
          },
          {
            "value": 8,
            "suit": "\u2663"
          },
          {
            "value": 12,
            "suit": "\u2660"
          },
          {
            "value": 6,
            "suit": "\u2666"
          },
          {
            "value": 13,
            "suit": "\u2663"
          },
          {
            "value": 6,
            "suit": "\u2660"
          },
          {
            "value": 4,
            "suit": "\u2666"
          },
          {
            "value": 9,
            "suit": "\u2660"
          },
          {
            "value": 10,
            "suit": "\u2666"
          },
          {
            "value": 8,
            "suit": "\u2665"
          },
          {
            "value": 7,
            "suit": "\u2666"
          },
          {
            "value": 7,
            "suit": "\u2665"
          },
          {
            "value": 4,
            "suit": "\u2660"
          },
          {
            "value": 7,
            "suit": "\u2660"
          },
          {
            "value": 10,
            "suit": "\u2665"
          },
          {
            "value": 4,
            "suit": "\u2663"
          },
          {
            "value": 3,
            "suit": "\u2665"
          },
          {
            "value": 9,
            "suit": "\u2666"
          },
          {
            "value": 6,
            "suit": "\u2665"
          },
          {
            "value": 5,
            "suit": "\u2666"
          },
          {
            "value": 11,
            "suit": "\u2660"
          },
          {
            "value": 13,
            "suit": "\u2660"
          },
          {
            "value": 3,
            "suit": "\u2666"
          },
          {
            "value": 2,
            "suit": "\u2660"
          },
          {
            "value": 4,
            "suit": "\u2665"
          },
          {
            "value": 5,
            "suit": "\u2663"
          },
          {
            "value": 14,
            "suit": "\u2663"
          }
        ],
        "room": [
          {
            "value": 3,
            "suit": "\u2663"
          },
          {
            "value": 2,
            "suit": "\u2666"
          },
          {
            "value": 3,
            "suit": "\u2660"
          },
          {
            "value": 6,
            "suit": "\u2663"
          }
        ],
        "discard": [],
        "equipped_weapon": {
          "value": 8,
          "suit": "\u2666"
        },
        "weapon_monsters": [
          {
            "value": 12,
            "suit": "\u2663"
          },
          {
            "value": 8,
            "suit": "\u2660"
          }
        ],
        "used_potion": false,
        "health": 16,
        "number_avoided": 1,
        "last_room_avoided": false,
        "exit": false,
        "score": -172,
        "can_avoid": true,
        "can_use_potion": true,
        "game_over": false
      },
      "mcts_stats": [
        {
          "action": 0,
          "visits": 11075,
          "avg_value": 0.1596061051628795,
          "total_value": 1767.6376146788907,
          "ucb1": 0.20519618875748807
        },
        {
          "action": 1,
          "visits": 6999,
          "avg_value": 0.14348314503644388,
          "total_value": 1004.2385321100708,
          "ucb1": 0.2008319350432022
        },
        {
          "action": 2,
          "visits": 11484,
          "avg_value": 0.16074458600557887,
          "total_value": 1845.9908256880676,
          "ucb1": 0.20551546943492613
        },
        {
          "action": 3,
          "visits": 57352,
          "avg_value": 0.19465659356479134,
          "total_value": 11163.944954127914,
          "ucb1": 0.21469060753533822
        },
        {
          "action": 4,
          "visits": 13090,
          "avg_value": 0.16462072735683086,
          "total_value": 2154.885321100916,
          "ucb1": 0.2065553203967903
        }
      ],
      "selected_action": 3
    },
    {
      "turn": 5,
      "game_state": {
        "dungeon": [
          {
            "value": 7,
            "suit": "\u2663"
          },
          {
            "value": 5,
            "suit": "\u2665"
          },
          {
            "value": 5,
            "suit": "\u2660"
          },
          {
            "value": 14,
            "suit": "\u2660"
          },
          {
            "value": 2,
            "suit": "\u2665"
          },
          {
            "value": 9,
            "suit": "\u2663"
          },
          {
            "value": 10,
            "suit": "\u2660"
          },
          {
            "value": 11,
            "suit": "\u2663"
          },
          {
            "value": 2,
            "suit": "\u2663"
          },
          {
            "value": 10,
            "suit": "\u2663"
          },
          {
            "value": 9,
            "suit": "\u2665"
          },
          {
            "value": 8,
            "suit": "\u2663"
          },
          {
            "value": 12,
            "suit": "\u2660"
          },
          {
            "value": 6,
            "suit": "\u2666"
          },
          {
            "value": 13,
            "suit": "\u2663"
          },
          {
            "value": 6,
            "suit": "\u2660"
          },
          {
            "value": 4,
            "suit": "\u2666"
          },
          {
            "value": 9,
            "suit": "\u2660"
          },
          {
            "value": 10,
            "suit": "\u2666"
          },
          {
            "value": 8,
            "suit": "\u2665"
          },
          {
            "value": 7,
            "suit": "\u2666"
          },
          {
            "value": 7,
            "suit": "\u2665"
          },
          {
            "value": 4,
            "suit": "\u2660"
          },
          {
            "value": 7,
            "suit": "\u2660"
          },
          {
            "value": 10,
            "suit": "\u2665"
          },
          {
            "value": 4,
            "suit": "\u2663"
          },
          {
            "value": 3,
            "suit": "\u2665"
          },
          {
            "value": 9,
            "suit": "\u2666"
          },
          {
            "value": 6,
            "suit": "\u2665"
          },
          {
            "value": 5,
            "suit": "\u2666"
          },
          {
            "value": 11,
            "suit": "\u2660"
          },
          {
            "value": 13,
            "suit": "\u2660"
          },
          {
            "value": 3,
            "suit": "\u2666"
          },
          {
            "value": 2,
            "suit": "\u2660"
          },
          {
            "value": 4,
            "suit": "\u2665"
          },
          {
            "value": 5,
            "suit": "\u2663"
          },
          {
            "value": 14,
            "suit": "\u2663"
          }
        ],
        "room": [
          {
            "value": 3,
            "suit": "\u2663"
          },
          {
            "value": 2,
            "suit": "\u2666"
          },
          {
            "value": 3,
            "suit": "\u2660"
          }
        ],
        "discard": [],
        "equipped_weapon": {
          "value": 8,
          "suit": "\u2666"
        },
        "weapon_monsters": [
          {
            "value": 12,
            "suit": "\u2663"
          },
          {
            "value": 8,
            "suit": "\u2660"
          },
          {
            "value": 6,
            "suit": "\u2663"
          }
        ],
        "used_potion": false,
        "health": 16,
        "number_avoided": 1,
        "last_room_avoided": false,
        "exit": false,
        "score": -166,
        "can_avoid": false,
        "can_use_potion": true,
        "game_over": false
      },
      "mcts_stats": [
        {
          "action": 0,
          "visits": 42310,
          "avg_value": 0.19885153053369078,
          "total_value": 8413.408256880457,
          "ucb1": 0.22217648170768456
        },
        {
          "action": 1,
          "visits": 15466,
          "avg_value": 0.17793099275475058,
          "total_value": 2751.8807339449722,
          "ucb1": 0.21651019590216455
        },
        {
          "action": 2,
          "visits": 42224,
          "avg_value": 0.19881601315482395,
          "total_value": 8394.807339449286,
          "ucb1": 0.2221647058672095
        }
      ],
      "selected_action": 0
    },
    {
      "turn": 6,
      "game_state": {
        "dungeon": [
          {
            "value": 7,
            "suit": "\u2663"
          },
          {
            "value": 5,
            "suit": "\u2665"
          },
          {
            "value": 5,
            "suit": "\u2660"
          },
          {
            "value": 14,
            "suit": "\u2660"
          },
          {
            "value": 2,
            "suit": "\u2665"
          },
          {
            "value": 9,
            "suit": "\u2663"
          },
          {
            "value": 10,
            "suit": "\u2660"
          },
          {
            "value": 11,
            "suit": "\u2663"
          },
          {
            "value": 2,
            "suit": "\u2663"
          },
          {
            "value": 10,
            "suit": "\u2663"
          },
          {
            "value": 9,
            "suit": "\u2665"
          },
          {
            "value": 8,
            "suit": "\u2663"
          },
          {
            "value": 12,
            "suit": "\u2660"
          },
          {
            "value": 6,
            "suit": "\u2666"
          },
          {
            "value": 13,
            "suit": "\u2663"
          },
          {
            "value": 6,
            "suit": "\u2660"
          },
          {
            "value": 4,
            "suit": "\u2666"
          },
          {
            "value": 9,
            "suit": "\u2660"
          },
          {
            "value": 10,
            "suit": "\u2666"
          },
          {
            "value": 8,
            "suit": "\u2665"
          },
          {
            "value": 7,
            "suit": "\u2666"
          },
          {
            "value": 7,
            "suit": "\u2665"
          },
          {
            "value": 4,
            "suit": "\u2660"
          },
          {
            "value": 7,
            "suit": "\u2660"
          },
          {
            "value": 10,
            "suit": "\u2665"
          },
          {
            "value": 4,
            "suit": "\u2663"
          },
          {
            "value": 3,
            "suit": "\u2665"
          },
          {
            "value": 9,
            "suit": "\u2666"
          },
          {
            "value": 6,
            "suit": "\u2665"
          },
          {
            "value": 5,
            "suit": "\u2666"
          },
          {
            "value": 11,
            "suit": "\u2660"
          },
          {
            "value": 13,
            "suit": "\u2660"
          },
          {
            "value": 3,
            "suit": "\u2666"
          },
          {
            "value": 2,
            "suit": "\u2660"
          },
          {
            "value": 4,
            "suit": "\u2665"
          },
          {
            "value": 5,
            "suit": "\u2663"
          },
          {
            "value": 14,
            "suit": "\u2663"
          }
        ],
        "room": [
          {
            "value": 2,
            "suit": "\u2666"
          },
          {
            "value": 3,
            "suit": "\u2660"
          }
        ],
        "discard": [],
        "equipped_weapon": {
          "value": 8,
          "suit": "\u2666"
        },
        "weapon_monsters": [
          {
            "value": 12,
            "suit": "\u2663"
          },
          {
            "value": 8,
            "suit": "\u2660"
          },
          {
            "value": 6,
            "suit": "\u2663"
          },
          {
            "value": 3,
            "suit": "\u2663"
          }
        ],
        "used_potion": false,
        "health": 16,
        "number_avoided": 1,
        "last_room_avoided": false,
        "exit": false,
        "score": -163,
        "can_avoid": false,
        "can_use_potion": true,
        "game_over": false
      },
      "mcts_stats": [
        {
          "action": 0,
          "visits": 35420,
          "avg_value": 0.19372225301623233,
          "total_value": 6861.642201834949,
          "ucb1": 0.21921507877098453
        },
        {
          "action": 1,
          "visits": 64580,
          "avg_value": 0.2027907211310097,
          "total_value": 13096.224770640607,
          "ucb1": 0.22167034055981163
        }
      ],
      "selected_action": 1
    },
    {
      "turn": 7,
      "game_state": {
        "dungeon": [
          {
            "value": 14,
            "suit": "\u2660"
          },
          {
            "value": 2,
            "suit": "\u2665"
          },
          {
            "value": 9,
            "suit": "\u2663"
          },
          {
            "value": 10,
            "suit": "\u2660"
          },
          {
            "value": 11,
            "suit": "\u2663"
          },
          {
            "value": 2,
            "suit": "\u2663"
          },
          {
            "value": 10,
            "suit": "\u2663"
          },
          {
            "value": 9,
            "suit": "\u2665"
          },
          {
            "value": 8,
            "suit": "\u2663"
          },
          {
            "value": 12,
            "suit": "\u2660"
          },
          {
            "value": 6,
            "suit": "\u2666"
          },
          {
            "value": 13,
            "suit": "\u2663"
          },
          {
            "value": 6,
            "suit": "\u2660"
          },
          {
            "value": 4,
            "suit": "\u2666"
          },
          {
            "value": 9,
            "suit": "\u2660"
          },
          {
            "value": 10,
            "suit": "\u2666"
          },
          {
            "value": 8,
            "suit": "\u2665"
          },
          {
            "value": 7,
            "suit": "\u2666"
          },
          {
            "value": 7,
            "suit": "\u2665"
          },
          {
            "value": 4,
            "suit": "\u2660"
          },
          {
            "value": 7,
            "suit": "\u2660"
          },
          {
            "value": 10,
            "suit": "\u2665"
          },
          {
            "value": 4,
            "suit": "\u2663"
          },
          {
            "value": 3,
            "suit": "\u2665"
          },
          {
            "value": 9,
            "suit": "\u2666"
          },
          {
            "value": 6,
            "suit": "\u2665"
          },
          {
            "value": 5,
            "suit": "\u2666"
          },
          {
            "value": 11,
            "suit": "\u2660"
          },
          {
            "value": 13,
            "suit": "\u2660"
          },
          {
            "value": 3,
            "suit": "\u2666"
          },
          {
            "value": 2,
            "suit": "\u2660"
          },
          {
            "value": 4,
            "suit": "\u2665"
          },
          {
            "value": 5,
            "suit": "\u2663"
          },
          {
            "value": 14,
            "suit": "\u2663"
          }
        ],
        "room": [
          {
            "value": 2,
            "suit": "\u2666"
          },
          {
            "value": 7,
            "suit": "\u2663"
          },
          {
            "value": 5,
            "suit": "\u2665"
          },
          {
            "value": 5,
            "suit": "\u2660"
          }
        ],
        "discard": [],
        "equipped_weapon": {
          "value": 8,
          "suit": "\u2666"
        },
        "weapon_monsters": [
          {
            "value": 12,
            "suit": "\u2663"
          },
          {
            "value": 8,
            "suit": "\u2660"
          },
          {
            "value": 6,
            "suit": "\u2663"
          },
          {
            "value": 3,
            "suit": "\u2663"
          },
          {
            "value": 3,
            "suit": "\u2660"
          }
        ],
        "used_potion": false,
        "health": 16,
        "number_avoided": 1,
        "last_room_avoided": false,
        "exit": false,
        "score": -160,
        "can_avoid": true,
        "can_use_potion": true,
        "game_over": false
      },
      "mcts_stats": [
        {
          "action": 0,
          "visits": 28367,
          "avg_value": 0.21993688233807582,
          "total_value": 6238.949541284197,
          "ucb1": 0.24842315006307744
        },
        {
          "action": 1,
          "visits": 17587,
          "avg_value": 0.2093917890769021,
          "total_value": 3682.5733944954773,
          "ucb1": 0.24556994066846352
        },
        {
          "action": 2,
          "visits": 22803,
          "avg_value": 0.21542916250759,
          "total_value": 4912.431192660575,
          "ucb1": 0.2472012874960112
        },
        {
          "action": 3,
          "visits": 19595,
          "avg_value": 0.21199777138429565,
          "total_value": 4154.096330275273,
          "ucb1": 0.24627215253872708
        },
        {
          "action": 4,
          "visits": 11648,
          "avg_value": 0.1980652661558574,
          "total_value": 2307.064220183427,
          "ucb1": 0.24251985265987405
        }
      ],
      "selected_action": 0
    },
    {
      "turn": 8,
      "game_state": {
        "dungeon": [
          {
            "value": 14,
            "suit": "\u2660"
          },
          {
            "value": 2,
            "suit": "\u2665"
          },
          {
            "value": 9,
            "suit": "\u2663"
          },
          {
            "value": 10,
            "suit": "\u2660"
          },
          {
            "value": 11,
            "suit": "\u2663"
          },
          {
            "value": 2,
            "suit": "\u2663"
          },
          {
            "value": 10,
            "suit": "\u2663"
          },
          {
            "value": 9,
            "suit": "\u2665"
          },
          {
            "value": 8,
            "suit": "\u2663"
          },
          {
            "value": 12,
            "suit": "\u2660"
          },
          {
            "value": 6,
            "suit": "\u2666"
          },
          {
            "value": 13,
            "suit": "\u2663"
          },
          {
            "value": 6,
            "suit": "\u2660"
          },
          {
            "value": 4,
            "suit": "\u2666"
          },
          {
            "value": 9,
            "suit": "\u2660"
          },
          {
            "value": 10,
            "suit": "\u2666"
          },
          {
            "value": 8,
            "suit": "\u2665"
          },
          {
            "value": 7,
            "suit": "\u2666"
          },
          {
            "value": 7,
            "suit": "\u2665"
          },
          {
            "value": 4,
            "suit": "\u2660"
          },
          {
            "value": 7,
            "suit": "\u2660"
          },
          {
            "value": 10,
            "suit": "\u2665"
          },
          {
            "value": 4,
            "suit": "\u2663"
          },
          {
            "value": 3,
            "suit": "\u2665"
          },
          {
            "value": 9,
            "suit": "\u2666"
          },
          {
            "value": 6,
            "suit": "\u2665"
          },
          {
            "value": 5,
            "suit": "\u2666"
          },
          {
            "value": 11,
            "suit": "\u2660"
          },
          {
            "value": 13,
            "suit": "\u2660"
          },
          {
            "value": 3,
            "suit": "\u2666"
          },
          {
            "value": 2,
            "suit": "\u2660"
          },
          {
            "value": 4,
            "suit": "\u2665"
          },
          {
            "value": 5,
            "suit": "\u2663"
          },
          {
            "value": 14,
            "suit": "\u2663"
          }
        ],
        "room": [
          {
            "value": 7,
            "suit": "\u2663"
          },
          {
            "value": 5,
            "suit": "\u2665"
          },
          {
            "value": 5,
            "suit": "\u2660"
          }
        ],
        "discard": [
          {
            "value": 8,
            "suit": "\u2666"
          },
          {
            "value": 12,
            "suit": "\u2663"
          },
          {
            "value": 8,
            "suit": "\u2660"
          },
          {
            "value": 6,
            "suit": "\u2663"
          },
          {
            "value": 3,
            "suit": "\u2663"
          },
          {
            "value": 3,
            "suit": "\u2660"
          }
        ],
        "equipped_weapon": {
          "value": 2,
          "suit": "\u2666"
        },
        "weapon_monsters": [],
        "used_potion": false,
        "health": 16,
        "number_avoided": 1,
        "last_room_avoided": false,
        "exit": false,
        "score": -160,
        "can_avoid": false,
        "can_use_potion": true,
        "game_over": false
      },
      "mcts_stats": [
        {
          "action": 0,
          "visits": 40172,
          "avg_value": 0.22556379129376117,
          "total_value": 9061.348623852973,
          "ucb1": 0.24950138707028563
        },
        {
          "action": 1,
          "visits": 35232,
          "avg_value": 0.22334223370746698,
          "total_value": 7868.793577981476,
          "ucb1": 0.24890298456974594
        },
        {
          "action": 2,
          "visits": 24596,
          "avg_value": 0.2164555361429605,
          "total_value": 5323.940366972257,
          "ucb1": 0.24704768711154526
        }
      ],
      "selected_action": 0
    },
    {
      "turn": 9,
      "game_state": {
        "dungeon": [
          {
            "value": 14,
            "suit": "\u2660"
          },
          {
            "value": 2,
            "suit": "\u2665"
          },
          {
            "value": 9,
            "suit": "\u2663"
          },
          {
            "value": 10,
            "suit": "\u2660"
          },
          {
            "value": 11,
            "suit": "\u2663"
          },
          {
            "value": 2,
            "suit": "\u2663"
          },
          {
            "value": 10,
            "suit": "\u2663"
          },
          {
            "value": 9,
            "suit": "\u2665"
          },
          {
            "value": 8,
            "suit": "\u2663"
          },
          {
            "value": 12,
            "suit": "\u2660"
          },
          {
            "value": 6,
            "suit": "\u2666"
          },
          {
            "value": 13,
            "suit": "\u2663"
          },
          {
            "value": 6,
            "suit": "\u2660"
          },
          {
            "value": 4,
            "suit": "\u2666"
          },
          {
            "value": 9,
            "suit": "\u2660"
          },
          {
            "value": 10,
            "suit": "\u2666"
          },
          {
            "value": 8,
            "suit": "\u2665"
          },
          {
            "value": 7,
            "suit": "\u2666"
          },
          {
            "value": 7,
            "suit": "\u2665"
          },
          {
            "value": 4,
            "suit": "\u2660"
          },
          {
            "value": 7,
            "suit": "\u2660"
          },
          {
            "value": 10,
            "suit": "\u2665"
          },
          {
            "value": 4,
            "suit": "\u2663"
          },
          {
            "value": 3,
            "suit": "\u2665"
          },
          {
            "value": 9,
            "suit": "\u2666"
          },
          {
            "value": 6,
            "suit": "\u2665"
          },
          {
            "value": 5,
            "suit": "\u2666"
          },
          {
            "value": 11,
            "suit": "\u2660"
          },
          {
            "value": 13,
            "suit": "\u2660"
          },
          {
            "value": 3,
            "suit": "\u2666"
          },
          {
            "value": 2,
            "suit": "\u2660"
          },
          {
            "value": 4,
            "suit": "\u2665"
          },
          {
            "value": 5,
            "suit": "\u2663"
          },
          {
            "value": 14,
            "suit": "\u2663"
          }
        ],
        "room": [
          {
            "value": 5,
            "suit": "\u2665"
          },
          {
            "value": 5,
            "suit": "\u2660"
          }
        ],
        "discard": [
          {
            "value": 8,
            "suit": "\u2666"
          },
          {
            "value": 12,
            "suit": "\u2663"
          },
          {
            "value": 8,
            "suit": "\u2660"
          },
          {
            "value": 6,
            "suit": "\u2663"
          },
          {
            "value": 3,
            "suit": "\u2663"
          },
          {
            "value": 3,
            "suit": "\u2660"
          }
        ],
        "equipped_weapon": {
          "value": 2,
          "suit": "\u2666"
        },
        "weapon_monsters": [
          {
            "value": 7,
            "suit": "\u2663"
          }
        ],
        "used_potion": false,
        "health": 11,
        "number_avoided": 1,
        "last_room_avoided": false,
        "exit": false,
        "score": -158,
        "can_avoid": false,
        "can_use_potion": true,
        "game_over": false
      },
      "mcts_stats": [
        {
          "action": 0,
          "visits": 81455,
          "avg_value": 0.23203496724426695,
          "total_value": 18900.408256881765,
          "ucb1": 0.24884557372852026
        },
        {
          "action": 1,
          "visits": 18545,
          "avg_value": 0.20677449595701242,
          "total_value": 3834.633027522795,
          "ucb1": 0.2420058096371299
        }
      ],
      "selected_action": 0
    },
    {
      "turn": 10,
      "game_state": {
        "dungeon": [
          {
            "value": 10,
            "suit": "\u2660"
          },
          {
            "value": 11,
            "suit": "\u2663"
          },
          {
            "value": 2,
            "suit": "\u2663"
          },
          {
            "value": 10,
            "suit": "\u2663"
          },
          {
            "value": 9,
            "suit": "\u2665"
          },
          {
            "value": 8,
            "suit": "\u2663"
          },
          {
            "value": 12,
            "suit": "\u2660"
          },
          {
            "value": 6,
            "suit": "\u2666"
          },
          {
            "value": 13,
            "suit": "\u2663"
          },
          {
            "value": 6,
            "suit": "\u2660"
          },
          {
            "value": 4,
            "suit": "\u2666"
          },
          {
            "value": 9,
            "suit": "\u2660"
          },
          {
            "value": 10,
            "suit": "\u2666"
          },
          {
            "value": 8,
            "suit": "\u2665"
          },
          {
            "value": 7,
            "suit": "\u2666"
          },
          {
            "value": 7,
            "suit": "\u2665"
          },
          {
            "value": 4,
            "suit": "\u2660"
          },
          {
            "value": 7,
            "suit": "\u2660"
          },
          {
            "value": 10,
            "suit": "\u2665"
          },
          {
            "value": 4,
            "suit": "\u2663"
          },
          {
            "value": 3,
            "suit": "\u2665"
          },
          {
            "value": 9,
            "suit": "\u2666"
          },
          {
            "value": 6,
            "suit": "\u2665"
          },
          {
            "value": 5,
            "suit": "\u2666"
          },
          {
            "value": 11,
            "suit": "\u2660"
          },
          {
            "value": 13,
            "suit": "\u2660"
          },
          {
            "value": 3,
            "suit": "\u2666"
          },
          {
            "value": 2,
            "suit": "\u2660"
          },
          {
            "value": 4,
            "suit": "\u2665"
          },
          {
            "value": 5,
            "suit": "\u2663"
          },
          {
            "value": 14,
            "suit": "\u2663"
          }
        ],
        "room": [
          {
            "value": 5,
            "suit": "\u2660"
          },
          {
            "value": 14,
            "suit": "\u2660"
          },
          {
            "value": 2,
            "suit": "\u2665"
          },
          {
            "value": 9,
            "suit": "\u2663"
          }
        ],
        "discard": [
          {
            "value": 8,
            "suit": "\u2666"
          },
          {
            "value": 12,
            "suit": "\u2663"
          },
          {
            "value": 8,
            "suit": "\u2660"
          },
          {
            "value": 6,
            "suit": "\u2663"
          },
          {
            "value": 3,
            "suit": "\u2663"
          },
          {
            "value": 3,
            "suit": "\u2660"
          },
          {
            "value": 5,
            "suit": "\u2665"
          }
        ],
        "equipped_weapon": {
          "value": 2,
          "suit": "\u2666"
        },
        "weapon_monsters": [
          {
            "value": 7,
            "suit": "\u2663"
          }
        ],
        "used_potion": false,
        "health": 16,
        "number_avoided": 1,
        "last_room_avoided": false,
        "exit": false,
        "score": -153,
        "can_avoid": true,
        "can_use_potion": true,
        "game_over": false
      },
      "mcts_stats": [
        {
          "action": 0,
          "visits": 6677,
          "avg_value": 0.19349183078155627,
          "total_value": 1291.9449541284512,
          "ucb1": 0.2522071691307464
        },
        {
          "action": 1,
          "visits": 4406,
          "avg_value": 0.17489391030579285,
          "total_value": 770.5825688073232,
          "ucb1": 0.2471742208135606
        },
        {
          "action": 2,
          "visits": 7513,
          "avg_value": 0.19811470515327279,
          "total_value": 1488.4357798165383,
          "ucb1": 0.2534669911531713
        },
        {
          "action": 3,
          "visits": 5529,
          "avg_value": 0.18552718692598116,
          "total_value": 1025.77981651375,
          "ucb1": 0.2500508420147023
        },
        {
          "action": 4,
          "visits": 75875,
          "avg_value": 0.2501347883258191,
          "total_value": 18978.977064221523,
          "ucb1": 0.2675525724632021
        }
      ],
      "selected_action": 4
    },
    {
      "turn": 11,
      "game_state": {
        "dungeon": [
          {
            "value": 9,
            "suit": "\u2665"
          },
          {
            "value": 8,
            "suit": "\u2663"
          },
          {
            "value": 12,
            "suit": "\u2660"
          },
          {
            "value": 6,
            "suit": "\u2666"
          },
          {
            "value": 13,
            "suit": "\u2663"
          },
          {
            "value": 6,
            "suit": "\u2660"
          },
          {
            "value": 4,
            "suit": "\u2666"
          },
          {
            "value": 9,
            "suit": "\u2660"
          },
          {
            "value": 10,
            "suit": "\u2666"
          },
          {
            "value": 8,
            "suit": "\u2665"
          },
          {
            "value": 7,
            "suit": "\u2666"
          },
          {
            "value": 7,
            "suit": "\u2665"
          },
          {
            "value": 4,
            "suit": "\u2660"
          },
          {
            "value": 7,
            "suit": "\u2660"
          },
          {
            "value": 10,
            "suit": "\u2665"
          },
          {
            "value": 4,
            "suit": "\u2663"
          },
          {
            "value": 3,
            "suit": "\u2665"
          },
          {
            "value": 9,
            "suit": "\u2666"
          },
          {
            "value": 6,
            "suit": "\u2665"
          },
          {
            "value": 5,
            "suit": "\u2666"
          },
          {
            "value": 11,
            "suit": "\u2660"
          },
          {
            "value": 13,
            "suit": "\u2660"
          },
          {
            "value": 3,
            "suit": "\u2666"
          },
          {
            "value": 2,
            "suit": "\u2660"
          },
          {
            "value": 4,
            "suit": "\u2665"
          },
          {
            "value": 5,
            "suit": "\u2663"
          },
          {
            "value": 14,
            "suit": "\u2663"
          },
          {
            "value": 5,
            "suit": "\u2660"
          },
          {
            "value": 14,
            "suit": "\u2660"
          },
          {
            "value": 2,
            "suit": "\u2665"
          },
          {
            "value": 9,
            "suit": "\u2663"
          }
        ],
        "room": [
          {
            "value": 10,
            "suit": "\u2660"
          },
          {
            "value": 11,
            "suit": "\u2663"
          },
          {
            "value": 2,
            "suit": "\u2663"
          },
          {
            "value": 10,
            "suit": "\u2663"
          }
        ],
        "discard": [
          {
            "value": 8,
            "suit": "\u2666"
          },
          {
            "value": 12,
            "suit": "\u2663"
          },
          {
            "value": 8,
            "suit": "\u2660"
          },
          {
            "value": 6,
            "suit": "\u2663"
          },
          {
            "value": 3,
            "suit": "\u2663"
          },
          {
            "value": 3,
            "suit": "\u2660"
          },
          {
            "value": 5,
            "suit": "\u2665"
          }
        ],
        "equipped_weapon": {
          "value": 2,
          "suit": "\u2666"
        },
        "weapon_monsters": [
          {
            "value": 7,
            "suit": "\u2663"
          }
        ],
        "used_potion": false,
        "health": 16,
        "number_avoided": 2,
        "last_room_avoided": true,
        "exit": false,
        "score": -153,
        "can_avoid": false,
        "can_use_potion": true,
        "game_over": false
      },
      "mcts_stats": [
        {
          "action": 0,
          "visits": 23168,
          "avg_value": 0.16417694130467708,
          "total_value": 3803.6513761467586,
          "ucb1": 0.19569779590904376
        },
        {
          "action": 1,
          "visits": 23168,
          "avg_value": 0.16417694130467708,
          "total_value": 3803.6513761467586,
          "ucb1": 0.19569779590904376
        },
        {
          "action": 2,
          "visits": 30496,
          "avg_value": 0.1697247706421772,
          "total_value": 5175.926605503836,
          "ucb1": 0.1971987024838715
        },
        {
          "action": 3,
          "visits": 23168,
          "avg_value": 0.1641773372953507,
          "total_value": 3803.660550458685,
          "ucb1": 0.19569819189971738
        }
      ],
      "selected_action": 2
    },
    {
      "turn": 12,
      "game_state": {
        "dungeon": [
          {
            "value": 9,
            "suit": "\u2665"
          },
          {
            "value": 8,
            "suit": "\u2663"
          },
          {
            "value": 12,
            "suit": "\u2660"
          },
          {
            "value": 6,
            "suit": "\u2666"
          },
          {
            "value": 13,
            "suit": "\u2663"
          },
          {
            "value": 6,
            "suit": "\u2660"
          },
          {
            "value": 4,
            "suit": "\u2666"
          },
          {
            "value": 9,
            "suit": "\u2660"
          },
          {
            "value": 10,
            "suit": "\u2666"
          },
          {
            "value": 8,
            "suit": "\u2665"
          },
          {
            "value": 7,
            "suit": "\u2666"
          },
          {
            "value": 7,
            "suit": "\u2665"
          },
          {
            "value": 4,
            "suit": "\u2660"
          },
          {
            "value": 7,
            "suit": "\u2660"
          },
          {
            "value": 10,
            "suit": "\u2665"
          },
          {
            "value": 4,
            "suit": "\u2663"
          },
          {
            "value": 3,
            "suit": "\u2665"
          },
          {
            "value": 9,
            "suit": "\u2666"
          },
          {
            "value": 6,
            "suit": "\u2665"
          },
          {
            "value": 5,
            "suit": "\u2666"
          },
          {
            "value": 11,
            "suit": "\u2660"
          },
          {
            "value": 13,
            "suit": "\u2660"
          },
          {
            "value": 3,
            "suit": "\u2666"
          },
          {
            "value": 2,
            "suit": "\u2660"
          },
          {
            "value": 4,
            "suit": "\u2665"
          },
          {
            "value": 5,
            "suit": "\u2663"
          },
          {
            "value": 14,
            "suit": "\u2663"
          },
          {
            "value": 5,
            "suit": "\u2660"
          },
          {
            "value": 14,
            "suit": "\u2660"
          },
          {
            "value": 2,
            "suit": "\u2665"
          },
          {
            "value": 9,
            "suit": "\u2663"
          }
        ],
        "room": [
          {
            "value": 10,
            "suit": "\u2660"
          },
          {
            "value": 11,
            "suit": "\u2663"
          },
          {
            "value": 10,
            "suit": "\u2663"
          }
        ],
        "discard": [
          {
            "value": 8,
            "suit": "\u2666"
          },
          {
            "value": 12,
            "suit": "\u2663"
          },
          {
            "value": 8,
            "suit": "\u2660"
          },
          {
            "value": 6,
            "suit": "\u2663"
          },
          {
            "value": 3,
            "suit": "\u2663"
          },
          {
            "value": 3,
            "suit": "\u2660"
          },
          {
            "value": 5,
            "suit": "\u2665"
          }
        ],
        "equipped_weapon": {
          "value": 2,
          "suit": "\u2666"
        },
        "weapon_monsters": [
          {
            "value": 7,
            "suit": "\u2663"
          },
          {
            "value": 2,
            "suit": "\u2663"
          }
        ],
        "used_potion": false,
        "health": 16,
        "number_avoided": 2,
        "last_room_avoided": true,
        "exit": false,
        "score": -151,
        "can_avoid": false,
        "can_use_potion": true,
        "game_over": false
      },
      "mcts_stats": [
        {
          "action": 0,
          "visits": 33333,
          "avg_value": 0.16972477064216263,
          "total_value": 5657.435779815207,
          "ucb1": 0.1960035419115158
        },
        {
          "action": 1,
          "visits": 33333,
          "avg_value": 0.16972477064216263,
          "total_value": 5657.435779815207,
          "ucb1": 0.1960035419115158
        },
        {
          "action": 2,
          "visits": 33334,
          "avg_value": 0.1697247706421626,
          "total_value": 5657.605504585848,
          "ucb1": 0.19600314773487393
        }
      ],
      "selected_action": 2
    },
    {
      "turn": 13,
      "game_state": {
        "dungeon": [
          {
            "value": 9,
            "suit": "\u2665"
          },
          {
            "value": 8,
            "suit": "\u2663"
          },
          {
            "value": 12,
            "suit": "\u2660"
          },
          {
            "value": 6,
            "suit": "\u2666"
          },
          {
            "value": 13,
            "suit": "\u2663"
          },
          {
            "value": 6,
            "suit": "\u2660"
          },
          {
            "value": 4,
            "suit": "\u2666"
          },
          {
            "value": 9,
            "suit": "\u2660"
          },
          {
            "value": 10,
            "suit": "\u2666"
          },
          {
            "value": 8,
            "suit": "\u2665"
          },
          {
            "value": 7,
            "suit": "\u2666"
          },
          {
            "value": 7,
            "suit": "\u2665"
          },
          {
            "value": 4,
            "suit": "\u2660"
          },
          {
            "value": 7,
            "suit": "\u2660"
          },
          {
            "value": 10,
            "suit": "\u2665"
          },
          {
            "value": 4,
            "suit": "\u2663"
          },
          {
            "value": 3,
            "suit": "\u2665"
          },
          {
            "value": 9,
            "suit": "\u2666"
          },
          {
            "value": 6,
            "suit": "\u2665"
          },
          {
            "value": 5,
            "suit": "\u2666"
          },
          {
            "value": 11,
            "suit": "\u2660"
          },
          {
            "value": 13,
            "suit": "\u2660"
          },
          {
            "value": 3,
            "suit": "\u2666"
          },
          {
            "value": 2,
            "suit": "\u2660"
          },
          {
            "value": 4,
            "suit": "\u2665"
          },
          {
            "value": 5,
            "suit": "\u2663"
          },
          {
            "value": 14,
            "suit": "\u2663"
          },
          {
            "value": 5,
            "suit": "\u2660"
          },
          {
            "value": 14,
            "suit": "\u2660"
          },
          {
            "value": 2,
            "suit": "\u2665"
          },
          {
            "value": 9,
            "suit": "\u2663"
          }
        ],
        "room": [
          {
            "value": 10,
            "suit": "\u2660"
          },
          {
            "value": 11,
            "suit": "\u2663"
          }
        ],
        "discard": [
          {
            "value": 8,
            "suit": "\u2666"
          },
          {
            "value": 12,
            "suit": "\u2663"
          },
          {
            "value": 8,
            "suit": "\u2660"
          },
          {
            "value": 6,
            "suit": "\u2663"
          },
          {
            "value": 3,
            "suit": "\u2663"
          },
          {
            "value": 3,
            "suit": "\u2660"
          },
          {
            "value": 5,
            "suit": "\u2665"
          },
          {
            "value": 10,
            "suit": "\u2663"
          }
        ],
        "equipped_weapon": {
          "value": 2,
          "suit": "\u2666"
        },
        "weapon_monsters": [
          {
            "value": 7,
            "suit": "\u2663"
          },
          {
            "value": 2,
            "suit": "\u2663"
          }
        ],
        "used_potion": false,
        "health": 6,
        "number_avoided": 2,
        "last_room_avoided": true,
        "exit": false,
        "score": -151,
        "can_avoid": false,
        "can_use_potion": true,
        "game_over": false
      },
      "mcts_stats": [
        {
          "action": 0,
          "visits": 50000,
          "avg_value": 0.1697247706421261,
          "total_value": 8486.238532106305,
          "ucb1": 0.19118119025163208
        },
        {
          "action": 1,
          "visits": 50000,
          "avg_value": 0.1697247706421261,
          "total_value": 8486.238532106305,
          "ucb1": 0.19118119025163208
        }
      ],
      "selected_action": 1
    }
  ]
}