{
  "metadata": {
    "seed": 1008,
    "num_simulations": 100000,
    "timestamp": "2025-12-22T01:57:47.528825",
    "final_score": -156,
    "num_turns": 10,
    "final_state": {
      "dungeon": [
        {
          "value": 2,
          "suit": "\u2660"
        },
        {
          "value": 2,
          "suit": "\u2663"
        },
        {
          "value": 14,
          "suit": "\u2660"
        },
        {
          "value": 6,
          "suit": "\u2660"
        },
        {
          "value": 9,
          "suit": "\u2663"
        },
        {
          "value": 3,
          "suit": "\u2663"
        },
        {
          "value": 8,
          "suit": "\u2663"
        },
        {
          "value": 4,
          "suit": "\u2666"
        },
        {
          "value": 5,
          "suit": "\u2666"
        },
        {
          "value": 7,
          "suit": "\u2660"
        },
        {
          "value": 9,
          "suit": "\u2660"
        },
        {
          "value": 7,
          "suit": "\u2663"
        },
        {
          "value": 13,
          "suit": "\u2663"
        },
        {
          "value": 10,
          "suit": "\u2660"
        },
        {
          "value": 3,
          "suit": "\u2665"
        },
        {
          "value": 10,
          "suit": "\u2666"
        },
        {
          "value": 6,
          "suit": "\u2665"
        },
        {
          "value": 8,
          "suit": "\u2666"
        },
        {
          "value": 7,
          "suit": "\u2666"
        },
        {
          "value": 9,
          "suit": "\u2666"
        },
        {
          "value": 4,
          "suit": "\u2663"
        },
        {
          "value": 2,
          "suit": "\u2665"
        },
        {
          "value": 6,
          "suit": "\u2663"
        },
        {
          "value": 9,
          "suit": "\u2665"
        },
        {
          "value": 2,
          "suit": "\u2666"
        },
        {
          "value": 5,
          "suit": "\u2665"
        },
        {
          "value": 8,
          "suit": "\u2665"
        },
        {
          "value": 7,
          "suit": "\u2665"
        },
        {
          "value": 5,
          "suit": "\u2663"
        },
        {
          "value": 12,
          "suit": "\u2663"
        },
        {
          "value": 4,
          "suit": "\u2660"
        }
      ],
      "room": [
        {
          "value": 11,
          "suit": "\u2660"
        },
        {
          "value": 14,
          "suit": "\u2663"
        },
        {
          "value": 3,
          "suit": "\u2660"
        }
      ],
      "discard": [
        {
          "value": 12,
          "suit": "\u2660"
        },
        {
          "value": 10,
          "suit": "\u2665"
        },
        {
          "value": 5,
          "suit": "\u2660"
        },
        {
          "value": 4,
          "suit": "\u2665"
        },
        {
          "value": 6,
          "suit": "\u2666"
        },
        {
          "value": 10,
          "suit": "\u2663"
        },
        {
          "value": 8,
          "suit": "\u2660"
        }
      ],
      "equipped_weapon": {
        "value": 3,
        "suit": "\u2666"
      },
      "weapon_monsters": [
        {
          "value": 13,
          "suit": "\u2660"
        },
        {
          "value": 11,
          "suit": "\u2663"
        }
      ],
      "used_potion": false,
      "health": -7,
      "number_avoided": 0,
      "last_room_avoided": false,
      "exit": false,
      "score": -156,
      "can_avoid": false,
      "can_use_potion": true,
      "game_over": true
    }
  },
  "events": [
    {
      "turn": 0,
      "game_state": {
        "dungeon": [
          {
            "value": 10,
            "suit": "\u2663"
          },
          {
            "value": 3,
            "suit": "\u2666"
          },
          {
            "value": 6,
            "suit": "\u2666"
          },
          {
            "value": 4,
            "suit": "\u2665"
          },
          {
            "value": 11,
            "suit": "\u2660"
          },
          {
            "value": 13,
            "suit": "\u2660"
          },
          {
            "value": 14,
            "suit": "\u2663"
          },
          {
            "value": 3,
            "suit": "\u2660"
          },
          {
            "value": 11,
            "suit": "\u2663"
          },
          {
            "value": 2,
            "suit": "\u2660"
          },
          {
            "value": 2,
            "suit": "\u2663"
          },
          {
            "value": 14,
            "suit": "\u2660"
          },
          {
            "value": 6,
            "suit": "\u2660"
          },
          {
            "value": 9,
            "suit": "\u2663"
          },
          {
            "value": 3,
            "suit": "\u2663"
          },
          {
            "value": 8,
            "suit": "\u2663"
          },
          {
            "value": 4,
            "suit": "\u2666"
          },
          {
            "value": 5,
            "suit": "\u2666"
          },
          {
            "value": 7,
            "suit": "\u2660"
          },
          {
            "value": 9,
            "suit": "\u2660"
          },
          {
            "value": 7,
            "suit": "\u2663"
          },
          {
            "value": 13,
            "suit": "\u2663"
          },
          {
            "value": 10,
            "suit": "\u2660"
          },
          {
            "value": 3,
            "suit": "\u2665"
          },
          {
            "value": 10,
            "suit": "\u2666"
          },
          {
            "value": 6,
            "suit": "\u2665"
          },
          {
            "value": 8,
            "suit": "\u2666"
          },
          {
            "value": 7,
            "suit": "\u2666"
          },
          {
            "value": 9,
            "suit": "\u2666"
          },
          {
            "value": 4,
            "suit": "\u2663"
          },
          {
            "value": 2,
            "suit": "\u2665"
          },
          {
            "value": 6,
            "suit": "\u2663"
          },
          {
            "value": 9,
            "suit": "\u2665"
          },
          {
            "value": 2,
            "suit": "\u2666"
          },
          {
            "value": 5,
            "suit": "\u2665"
          },
          {
            "value": 8,
            "suit": "\u2665"
          },
          {
            "value": 7,
            "suit": "\u2665"
          },
          {
            "value": 5,
            "suit": "\u2663"
          },
          {
            "value": 12,
            "suit": "\u2663"
          },
          {
            "value": 4,
            "suit": "\u2660"
          }
        ],
        "room": [
          {
            "value": 5,
            "suit": "\u2660"
          },
          {
            "value": 12,
            "suit": "\u2660"
          },
          {
            "value": 8,
            "suit": "\u2660"
          },
          {
            "value": 10,
            "suit": "\u2665"
          }
        ],
        "discard": [],
        "equipped_weapon": null,
        "weapon_monsters": [],
        "used_potion": false,
        "health": 20,
        "number_avoided": 0,
        "last_room_avoided": false,
        "exit": false,
        "score": -188,
        "can_avoid": true,
        "can_use_potion": true,
        "game_over": false
      },
      "mcts_stats": [
        {
          "action": 0,
          "visits": 23529,
          "avg_value": 0.04995494531246032,
          "total_value": 1175.389908256879,
          "ucb1": 0.081233056641793
        },
        {
          "action": 1,
          "visits": 24710,
          "avg_value": 0.05188944044494107,
          "total_value": 1282.1880733944938,
          "ucb1": 0.08241094113161633
        },
        {
          "action": 2,
          "visits": 21567,
          "avg_value": 0.046382661584148326,
          "total_value": 1000.3348623853269,
          "ucb1": 0.07905253011571255
        },
        {
          "action": 3,
          "visits": 10260,
          "avg_value": 0.008742868894969313,
          "total_value": 89.70183486238516,
          "ucb1": 0.056109072294228596
        },
        {
          "action": 4,
          "visits": 19934,
          "avg_value": 0.043023629353011184,
          "total_value": 857.633027522925,
          "ucb1": 0.07700532368188776
        }
      ],
      "selected_action": 1
    },
    {
      "turn": 1,
      "game_state": {
        "dungeon": [
          {
            "value": 10,
            "suit": "\u2663"
          },
          {
            "value": 3,
            "suit": "\u2666"
          },
          {
            "value": 6,
            "suit": "\u2666"
          },
          {
            "value": 4,
            "suit": "\u2665"
          },
          {
            "value": 11,
            "suit": "\u2660"
          },
          {
            "value": 13,
            "suit": "\u2660"
          },
          {
            "value": 14,
            "suit": "\u2663"
          },
          {
            "value": 3,
            "suit": "\u2660"
          },
          {
            "value": 11,
            "suit": "\u2663"
          },
          {
            "value": 2,
            "suit": "\u2660"
          },
          {
            "value": 2,
            "suit": "\u2663"
          },
          {
            "value": 14,
            "suit": "\u2660"
          },
          {
            "value": 6,
            "suit": "\u2660"
          },
          {
            "value": 9,
            "suit": "\u2663"
          },
          {
            "value": 3,
            "suit": "\u2663"
          },
          {
            "value": 8,
            "suit": "\u2663"
          },
          {
            "value": 4,
            "suit": "\u2666"
          },
          {
            "value": 5,
            "suit": "\u2666"
          },
          {
            "value": 7,
            "suit": "\u2660"
          },
          {
            "value": 9,
            "suit": "\u2660"
          },
          {
            "value": 7,
            "suit": "\u2663"
          },
          {
            "value": 13,
            "suit": "\u2663"
          },
          {
            "value": 10,
            "suit": "\u2660"
          },
          {
            "value": 3,
            "suit": "\u2665"
          },
          {
            "value": 10,
            "suit": "\u2666"
          },
          {
            "value": 6,
            "suit": "\u2665"
          },
          {
            "value": 8,
            "suit": "\u2666"
          },
          {
            "value": 7,
            "suit": "\u2666"
          },
          {
            "value": 9,
            "suit": "\u2666"
          },
          {
            "value": 4,
            "suit": "\u2663"
          },
          {
            "value": 2,
            "suit": "\u2665"
          },
          {
            "value": 6,
            "suit": "\u2663"
          },
          {
            "value": 9,
            "suit": "\u2665"
          },
          {
            "value": 2,
            "suit": "\u2666"
          },
          {
            "value": 5,
            "suit": "\u2665"
          },
          {
            "value": 8,
            "suit": "\u2665"
          },
          {
            "value": 7,
            "suit": "\u2665"
          },
          {
            "value": 5,
            "suit": "\u2663"
          },
          {
            "value": 12,
            "suit": "\u2663"
          },
          {
            "value": 4,
            "suit": "\u2660"
          }
        ],
        "room": [
          {
            "value": 5,
            "suit": "\u2660"
          },
          {
            "value": 8,
            "suit": "\u2660"
          },
          {
            "value": 10,
            "suit": "\u2665"
          }
        ],
        "discard": [
          {
            "value": 12,
            "suit": "\u2660"
          }
        ],
        "equipped_weapon": null,
        "weapon_monsters": [],
        "used_potion": false,
        "health": 8,
        "number_avoided": 0,
        "last_room_avoided": false,
        "exit": false,
        "score": -188,
        "can_avoid": false,
        "can_use_potion": true,
        "game_over": false
      },
      "mcts_stats": [
        {
          "action": 0,
          "visits": 36901,
          "avg_value": 0.06172068631938409,
          "total_value": 2277.5550458715925,
          "ucb1": 0.0866967037166293
        },
        {
          "action": 1,
          "visits": 9561,
          "avg_value": 0.0,
          "total_value": 0.0,
          "ucb1": 0.04906712328947959
        },
        {
          "action": 2,
          "visits": 53538,
          "avg_value": 0.0725780471111837,
          "total_value": 3885.6834862385526,
          "ucb1": 0.0933133882262023
        }
      ],
      "selected_action": 2
    },
    {
      "turn": 2,
      "game_state": {
        "dungeon": [
          {
            "value": 10,
            "suit": "\u2663"
          },
          {
            "value": 3,
            "suit": "\u2666"
          },
          {
            "value": 6,
            "suit": "\u2666"
          },
          {
            "value": 4,
            "suit": "\u2665"
          },
          {
            "value": 11,
            "suit": "\u2660"
          },
          {
            "value": 13,
            "suit": "\u2660"
          },
          {
            "value": 14,
            "suit": "\u2663"
          },
          {
            "value": 3,
            "suit": "\u2660"
          },
          {
            "value": 11,
            "suit": "\u2663"
          },
          {
            "value": 2,
            "suit": "\u2660"
          },
          {
            "value": 2,
            "suit": "\u2663"
          },
          {
            "value": 14,
            "suit": "\u2660"
          },
          {
            "value": 6,
            "suit": "\u2660"
          },
          {
            "value": 9,
            "suit": "\u2663"
          },
          {
            "value": 3,
            "suit": "\u2663"
          },
          {
            "value": 8,
            "suit": "\u2663"
          },
          {
            "value": 4,
            "suit": "\u2666"
          },
          {
            "value": 5,
            "suit": "\u2666"
          },
          {
            "value": 7,
            "suit": "\u2660"
          },
          {
            "value": 9,
            "suit": "\u2660"
          },
          {
            "value": 7,
            "suit": "\u2663"
          },
          {
            "value": 13,
            "suit": "\u2663"
          },
          {
            "value": 10,
            "suit": "\u2660"
          },
          {
            "value": 3,
            "suit": "\u2665"
          },
          {
            "value": 10,
            "suit": "\u2666"
          },
          {
            "value": 6,
            "suit": "\u2665"
          },
          {
            "value": 8,
            "suit": "\u2666"
          },
          {
            "value": 7,
            "suit": "\u2666"
          },
          {
            "value": 9,
            "suit": "\u2666"
          },
          {
            "value": 4,
            "suit": "\u2663"
          },
          {
            "value": 2,
            "suit": "\u2665"
          },
          {
            "value": 6,
            "suit": "\u2663"
          },
          {
            "value": 9,
            "suit": "\u2665"
          },
          {
            "value": 2,
            "suit": "\u2666"
          },
          {
            "value": 5,
            "suit": "\u2665"
          },
          {
            "value": 8,
            "suit": "\u2665"
          },
          {
            "value": 7,
            "suit": "\u2665"
          },
          {
            "value": 5,
            "suit": "\u2663"
          },
          {
            "value": 12,
            "suit": "\u2663"
          },
          {
            "value": 4,
            "suit": "\u2660"
          }
        ],
        "room": [
          {
            "value": 5,
            "suit": "\u2660"
          },
          {
            "value": 8,
            "suit": "\u2660"
          }
        ],
        "discard": [
          {
            "value": 12,
            "suit": "\u2660"
          },
          {
            "value": 10,
            "suit": "\u2665"
          }
        ],
        "equipped_weapon": null,
        "weapon_monsters": [],
        "used_potion": true,
        "health": 18,
        "number_avoided": 0,
        "last_room_avoided": false,
        "exit": false,
        "score": -178,
        "can_avoid": false,
        "can_use_potion": false,
        "game_over": false
      },
      "mcts_stats": [
        {
          "action": 0,
          "visits": 55529,
          "avg_value": 0.07704867330253613,
          "total_value": 4278.435779816529,
          "ucb1": 0.0974088868947234
        },
        {
          "action": 1,
          "visits": 44471,
          "avg_value": 0.07092375837547174,
          "total_value": 3154.050458715604,
          "ucb1": 0.09367493218608006
        }
      ],
      "selected_action": 0
    },
    {
      "turn": 3,
      "game_state": {
        "dungeon": [
          {
            "value": 4,
            "suit": "\u2665"
          },
          {
            "value": 11,
            "suit": "\u2660"
          },
          {
            "value": 13,
            "suit": "\u2660"
          },
          {
            "value": 14,
            "suit": "\u2663"
          },
          {
            "value": 3,
            "suit": "\u2660"
          },
          {
            "value": 11,
            "suit": "\u2663"
          },
          {
            "value": 2,
            "suit": "\u2660"
          },
          {
            "value": 2,
            "suit": "\u2663"
          },
          {
            "value": 14,
            "suit": "\u2660"
          },
          {
            "value": 6,
            "suit": "\u2660"
          },
          {
            "value": 9,
            "suit": "\u2663"
          },
          {
            "value": 3,
            "suit": "\u2663"
          },
          {
            "value": 8,
            "suit": "\u2663"
          },
          {
            "value": 4,
            "suit": "\u2666"
          },
          {
            "value": 5,
            "suit": "\u2666"
          },
          {
            "value": 7,
            "suit": "\u2660"
          },
          {
            "value": 9,
            "suit": "\u2660"
          },
          {
            "value": 7,
            "suit": "\u2663"
          },
          {
            "value": 13,
            "suit": "\u2663"
          },
          {
            "value": 10,
            "suit": "\u2660"
          },
          {
            "value": 3,
            "suit": "\u2665"
          },
          {
            "value": 10,
            "suit": "\u2666"
          },
          {
            "value": 6,
            "suit": "\u2665"
          },
          {
            "value": 8,
            "suit": "\u2666"
          },
          {
            "value": 7,
            "suit": "\u2666"
          },
          {
            "value": 9,
            "suit": "\u2666"
          },
          {
            "value": 4,
            "suit": "\u2663"
          },
          {
            "value": 2,
            "suit": "\u2665"
          },
          {
            "value": 6,
            "suit": "\u2663"
          },
          {
            "value": 9,
            "suit": "\u2665"
          },
          {
            "value": 2,
            "suit": "\u2666"
          },
          {
            "value": 5,
            "suit": "\u2665"
          },
          {
            "value": 8,
            "suit": "\u2665"
          },
          {
            "value": 7,
            "suit": "\u2665"
          },
          {
            "value": 5,
            "suit": "\u2663"
          },
          {
            "value": 12,
            "suit": "\u2663"
          },
          {
            "value": 4,
            "suit": "\u2660"
          }
        ],
        "room": [
          {
            "value": 8,
            "suit": "\u2660"
          },
          {
            "value": 10,
            "suit": "\u2663"
          },
          {
            "value": 3,
            "suit": "\u2666"
          },
          {
            "value": 6,
            "suit": "\u2666"
          }
        ],
        "discard": [
          {
            "value": 12,
            "suit": "\u2660"
          },
          {
            "value": 10,
            "suit": "\u2665"
          },
          {
            "value": 5,
            "suit": "\u2660"
          }
        ],
        "equipped_weapon": null,
        "weapon_monsters": [],
        "used_potion": false,
        "health": 13,
        "number_avoided": 0,
        "last_room_avoided": false,
        "exit": false,
        "score": -178,
        "can_avoid": true,
        "can_use_potion": true,
        "game_over": false
      },
      "mcts_stats": [
        {
          "action": 0,
          "visits": 15541,
          "avg_value": 0.06605669879436941,
          "total_value": 1026.5871559632951,
          "ucb1": 0.1045426988152047
        },
        {
          "action": 1,
          "visits": 15346,
          "avg_value": 0.0654301930874012,
          "total_value": 1004.0917431192588,
          "ucb1": 0.10415994000325066
        },
        {
          "action": 2,
          "visits": 27490,
          "avg_value": 0.09050597214667043,
          "total_value": 2488.00917431197,
          "ucb1": 0.1194430642138883
        },
        {
          "action": 3,
          "visits": 29570,
          "avg_value": 0.09316564953942454,
          "total_value": 2754.9082568807835,
          "ucb1": 0.12106644553908975
        },
        {
          "action": 4,
          "visits": 12053,
          "avg_value": 0.052702247032792686,
          "total_value": 635.2201834862502,
          "ucb1": 0.0964035793744127
        }
      ],
      "selected_action": 3
    },
    {
      "turn": 4,
      "game_state": {
        "dungeon": [
          {
            "value": 4,
            "suit": "\u2665"
          },
          {
            "value": 11,
            "suit": "\u2660"
          },
          {
            "value": 13,
            "suit": "\u2660"
          },
          {
            "value": 14,
            "suit": "\u2663"
          },
          {
            "value": 3,
            "suit": "\u2660"
          },
          {
            "value": 11,
            "suit": "\u2663"
          },
          {
            "value": 2,
            "suit": "\u2660"
          },
          {
            "value": 2,
            "suit": "\u2663"
          },
          {
            "value": 14,
            "suit": "\u2660"
          },
          {
            "value": 6,
            "suit": "\u2660"
          },
          {
            "value": 9,
            "suit": "\u2663"
          },
          {
            "value": 3,
            "suit": "\u2663"
          },
          {
            "value": 8,
            "suit": "\u2663"
          },
          {
            "value": 4,
            "suit": "\u2666"
          },
          {
            "value": 5,
            "suit": "\u2666"
          },
          {
            "value": 7,
            "suit": "\u2660"
          },
          {
            "value": 9,
            "suit": "\u2660"
          },
          {
            "value": 7,
            "suit": "\u2663"
          },
          {
            "value": 13,
            "suit": "\u2663"
          },
          {
            "value": 10,
            "suit": "\u2660"
          },
          {
            "value": 3,
            "suit": "\u2665"
          },
          {
            "value": 10,
            "suit": "\u2666"
          },
          {
            "value": 6,
            "suit": "\u2665"
          },
          {
            "value": 8,
            "suit": "\u2666"
          },
          {
            "value": 7,
            "suit": "\u2666"
          },
          {
            "value": 9,
            "suit": "\u2666"
          },
          {
            "value": 4,
            "suit": "\u2663"
          },
          {
            "value": 2,
            "suit": "\u2665"
          },
          {
            "value": 6,
            "suit": "\u2663"
          },
          {
            "value": 9,
            "suit": "\u2665"
          },
          {
            "value": 2,
            "suit": "\u2666"
          },
          {
            "value": 5,
            "suit": "\u2665"
          },
          {
            "value": 8,
            "suit": "\u2665"
          },
          {
            "value": 7,
            "suit": "\u2665"
          },
          {
            "value": 5,
            "suit": "\u2663"
          },
          {
            "value": 12,
            "suit": "\u2663"
          },
          {
            "value": 4,
            "suit": "\u2660"
          }
        ],
        "room": [
          {
            "value": 8,
            "suit": "\u2660"
          },
          {
            "value": 10,
            "suit": "\u2663"
          },
          {
            "value": 3,
            "suit": "\u2666"
          }
        ],
        "discard": [
          {
            "value": 12,
            "suit": "\u2660"
          },
          {
            "value": 10,
            "suit": "\u2665"
          },
          {
            "value": 5,
            "suit": "\u2660"
          }
        ],
        "equipped_weapon": {
          "value": 6,
          "suit": "\u2666"
        },
        "weapon_monsters": [],
        "used_potion": false,
        "health": 13,
        "number_avoided": 0,
        "last_room_avoided": false,
        "exit": false,
        "score": -178,
        "can_avoid": false,
        "can_use_potion": true,
        "game_over": false
      },
      "mcts_stats": [
        {
          "action": 0,
          "visits": 32662,
          "avg_value": 0.09469467366336172,
          "total_value": 3092.9174311927204,
          "ucb1": 0.12124200490630777
        },
        {
          "action": 1,
          "visits": 50542,
          "avg_value": 0.10802497259977366,
          "total_value": 5459.79816513776,
          "ucb1": 0.12936603542303737
        },
        {
          "action": 2,
          "visits": 16796,
          "avg_value": 0.06787630737768549,
          "total_value": 1140.0504587156056,
          "ucb1": 0.10489655531071637
        }
      ],
      "selected_action": 1
    },
    {
      "turn": 5,
      "game_state": {
        "dungeon": [
          {
            "value": 4,
            "suit": "\u2665"
          },
          {
            "value": 11,
            "suit": "\u2660"
          },
          {
            "value": 13,
            "suit": "\u2660"
          },
          {
            "value": 14,
            "suit": "\u2663"
          },
          {
            "value": 3,
            "suit": "\u2660"
          },
          {
            "value": 11,
            "suit": "\u2663"
          },
          {
            "value": 2,
            "suit": "\u2660"
          },
          {
            "value": 2,
            "suit": "\u2663"
          },
          {
            "value": 14,
            "suit": "\u2660"
          },
          {
            "value": 6,
            "suit": "\u2660"
          },
          {
            "value": 9,
            "suit": "\u2663"
          },
          {
            "value": 3,
            "suit": "\u2663"
          },
          {
            "value": 8,
            "suit": "\u2663"
          },
          {
            "value": 4,
            "suit": "\u2666"
          },
          {
            "value": 5,
            "suit": "\u2666"
          },
          {
            "value": 7,
            "suit": "\u2660"
          },
          {
            "value": 9,
            "suit": "\u2660"
          },
          {
            "value": 7,
            "suit": "\u2663"
          },
          {
            "value": 13,
            "suit": "\u2663"
          },
          {
            "value": 10,
            "suit": "\u2660"
          },
          {
            "value": 3,
            "suit": "\u2665"
          },
          {
            "value": 10,
            "suit": "\u2666"
          },
          {
            "value": 6,
            "suit": "\u2665"
          },
          {
            "value": 8,
            "suit": "\u2666"
          },
          {
            "value": 7,
            "suit": "\u2666"
          },
          {
            "value": 9,
            "suit": "\u2666"
          },
          {
            "value": 4,
            "suit": "\u2663"
          },
          {
            "value": 2,
            "suit": "\u2665"
          },
          {
            "value": 6,
            "suit": "\u2663"
          },
          {
            "value": 9,
            "suit": "\u2665"
          },
          {
            "value": 2,
            "suit": "\u2666"
          },
          {
            "value": 5,
            "suit": "\u2665"
          },
          {
            "value": 8,
            "suit": "\u2665"
          },
          {
            "value": 7,
            "suit": "\u2665"
          },
          {
            "value": 5,
            "suit": "\u2663"
          },
          {
            "value": 12,
            "suit": "\u2663"
          },
          {
            "value": 4,
            "suit": "\u2660"
          }
        ],
        "room": [
          {
            "value": 8,
            "suit": "\u2660"
          },
          {
            "value": 3,
            "suit": "\u2666"
          }
        ],
        "discard": [
          {
            "value": 12,
            "suit": "\u2660"
          },
          {
            "value": 10,
            "suit": "\u2665"
          },
          {
            "value": 5,
            "suit": "\u2660"
          }
        ],
        "equipped_weapon": {
          "value": 6,
          "suit": "\u2666"
        },
        "weapon_monsters": [
          {
            "value": 10,
            "suit": "\u2663"
          }
        ],
        "used_potion": false,
        "health": 9,
        "number_avoided": 0,
        "last_room_avoided": false,
        "exit": false,
        "score": -172,
        "can_avoid": false,
        "can_use_potion": true,
        "game_over": false
      },
      "mcts_stats": [
        {
          "action": 0,
          "visits": 64988,
          "avg_value": 0.11574035121798593,
          "total_value": 7521.73394495447,
          "ucb1": 0.13456061343728223
        },
        {
          "action": 1,
          "visits": 35012,
          "avg_value": 0.0982765279951201,
          "total_value": 3440.857798165145,
          "ucb1": 0.12391745935475218
        }
      ],
      "selected_action": 0
    },
    {
      "turn": 6,
      "game_state": {
        "dungeon": [
          {
            "value": 14,
            "suit": "\u2663"
          },
          {
            "value": 3,
            "suit": "\u2660"
          },
          {
            "value": 11,
            "suit": "\u2663"
          },
          {
            "value": 2,
            "suit": "\u2660"
          },
          {
            "value": 2,
            "suit": "\u2663"
          },
          {
            "value": 14,
            "suit": "\u2660"
          },
          {
            "value": 6,
            "suit": "\u2660"
          },
          {
            "value": 9,
            "suit": "\u2663"
          },
          {
            "value": 3,
            "suit": "\u2663"
          },
          {
            "value": 8,
            "suit": "\u2663"
          },
          {
            "value": 4,
            "suit": "\u2666"
          },
          {
            "value": 5,
            "suit": "\u2666"
          },
          {
            "value": 7,
            "suit": "\u2660"
          },
          {
            "value": 9,
            "suit": "\u2660"
          },
          {
            "value": 7,
            "suit": "\u2663"
          },
          {
            "value": 13,
            "suit": "\u2663"
          },
          {
            "value": 10,
            "suit": "\u2660"
          },
          {
            "value": 3,
            "suit": "\u2665"
          },
          {
            "value": 10,
            "suit": "\u2666"
          },
          {
            "value": 6,
            "suit": "\u2665"
          },
          {
            "value": 8,
            "suit": "\u2666"
          },
          {
            "value": 7,
            "suit": "\u2666"
          },
          {
            "value": 9,
            "suit": "\u2666"
          },
          {
            "value": 4,
            "suit": "\u2663"
          },
          {
            "value": 2,
            "suit": "\u2665"
          },
          {
            "value": 6,
            "suit": "\u2663"
          },
          {
            "value": 9,
            "suit": "\u2665"
          },
          {
            "value": 2,
            "suit": "\u2666"
          },
          {
            "value": 5,
            "suit": "\u2665"
          },
          {
            "value": 8,
            "suit": "\u2665"
          },
          {
            "value": 7,
            "suit": "\u2665"
          },
          {
            "value": 5,
            "suit": "\u2663"
          },
          {
            "value": 12,
            "suit": "\u2663"
          },
          {
            "value": 4,
            "suit": "\u2660"
          }
        ],
        "room": [
          {
            "value": 3,
            "suit": "\u2666"
          },
          {
            "value": 4,
            "suit": "\u2665"
          },
          {
            "value": 11,
            "suit": "\u2660"
          },
          {
            "value": 13,
            "suit": "\u2660"
          }
        ],
        "discard": [
          {
            "value": 12,
            "suit": "\u2660"
          },
          {
            "value": 10,
            "suit": "\u2665"
          },
          {
            "value": 5,
            "suit": "\u2660"
          }
        ],
        "equipped_weapon": {
          "value": 6,
          "suit": "\u2666"
        },
        "weapon_monsters": [
          {
            "value": 10,
            "suit": "\u2663"
          },
          {
            "value": 8,
            "suit": "\u2660"
          }
        ],
        "used_potion": false,
        "health": 7,
        "number_avoided": 0,
        "last_room_avoided": false,
        "exit": false,
        "score": -166,
        "can_avoid": true,
        "can_use_potion": true,
        "game_over": false
      },
      "mcts_stats": [
        {
          "action": 0,
          "visits": 26210,
          "avg_value": 0.12680064685724526,
          "total_value": 3323.4449541283984,
          "ucb1": 0.15643590710996544
        },
        {
          "action": 1,
          "visits": 27783,
          "avg_value": 0.12898686973455237,
          "total_value": 3583.6422018350686,
          "ucb1": 0.1577709718364799
        },
        {
          "action": 2,
          "visits": 14576,
          "avg_value": 0.10091743119266204,
          "total_value": 1470.972477064242,
          "ucb1": 0.1406569931976457
        },
        {
          "action": 3,
          "visits": 14576,
          "avg_value": 0.10091743119266204,
          "total_value": 1470.972477064242,
          "ucb1": 0.1406569931976457
        },
        {
          "action": 4,
          "visits": 16855,
          "avg_value": 0.1080549424530333,
          "total_value": 1821.2660550458763,
          "ucb1": 0.14501033991457027
        }
      ],
      "selected_action": 1
    },
    {
      "turn": 7,
      "game_state": {
        "dungeon": [
          {
            "value": 14,
            "suit": "\u2663"
          },
          {
            "value": 3,
            "suit": "\u2660"
          },
          {
            "value": 11,
            "suit": "\u2663"
          },
          {
            "value": 2,
            "suit": "\u2660"
          },
          {
            "value": 2,
            "suit": "\u2663"
          },
          {
            "value": 14,
            "suit": "\u2660"
          },
          {
            "value": 6,
            "suit": "\u2660"
          },
          {
            "value": 9,
            "suit": "\u2663"
          },
          {
            "value": 3,
            "suit": "\u2663"
          },
          {
            "value": 8,
            "suit": "\u2663"
          },
          {
            "value": 4,
            "suit": "\u2666"
          },
          {
            "value": 5,
            "suit": "\u2666"
          },
          {
            "value": 7,
            "suit": "\u2660"
          },
          {
            "value": 9,
            "suit": "\u2660"
          },
          {
            "value": 7,
            "suit": "\u2663"
          },
          {
            "value": 13,
            "suit": "\u2663"
          },
          {
            "value": 10,
            "suit": "\u2660"
          },
          {
            "value": 3,
            "suit": "\u2665"
          },
          {
            "value": 10,
            "suit": "\u2666"
          },
          {
            "value": 6,
            "suit": "\u2665"
          },
          {
            "value": 8,
            "suit": "\u2666"
          },
          {
            "value": 7,
            "suit": "\u2666"
          },
          {
            "value": 9,
            "suit": "\u2666"
          },
          {
            "value": 4,
            "suit": "\u2663"
          },
          {
            "value": 2,
            "suit": "\u2665"
          },
          {
            "value": 6,
            "suit": "\u2663"
          },
          {
            "value": 9,
            "suit": "\u2665"
          },
          {
            "value": 2,
            "suit": "\u2666"
          },
          {
            "value": 5,
            "suit": "\u2665"
          },
          {
            "value": 8,
            "suit": "\u2665"
          },
          {
            "value": 7,
            "suit": "\u2665"
          },
          {
            "value": 5,
            "suit": "\u2663"
          },
          {
            "value": 12,
            "suit": "\u2663"
          },
          {
            "value": 4,
            "suit": "\u2660"
          }
        ],
        "room": [
          {
            "value": 3,
            "suit": "\u2666"
          },
          {
            "value": 11,
            "suit": "\u2660"
          },
          {
            "value": 13,
            "suit": "\u2660"
          }
        ],
        "discard": [
          {
            "value": 12,
            "suit": "\u2660"
          },
          {
            "value": 10,
            "suit": "\u2665"
          },
          {
            "value": 5,
            "suit": "\u2660"
          },
          {
            "value": 4,
            "suit": "\u2665"
          }
        ],
        "equipped_weapon": {
          "value": 6,
          "suit": "\u2666"
        },
        "weapon_monsters": [
          {
            "value": 10,
            "suit": "\u2663"
          },
          {
            "value": 8,
            "suit": "\u2660"
          }
        ],
        "used_potion": true,
        "health": 11,
        "number_avoided": 0,
        "last_room_avoided": false,
        "exit": false,
        "score": -162,
        "can_avoid": false,
        "can_use_potion": false,
        "game_over": false
      },
      "mcts_stats": [
        {
          "action": 0,
          "visits": 50224,
          "avg_value": 0.14232349167473557,
          "total_value": 7148.05504587192,
          "ucb1": 0.16373200979337216
        },
        {
          "action": 1,
          "visits": 24888,
          "avg_value": 0.11926605504587881,
          "total_value": 2968.2935779818317,
          "ucb1": 0.14967821436389545
        },
        {
          "action": 2,
          "visits": 24888,
          "avg_value": 0.11926605504587881,
          "total_value": 2968.2935779818317,
          "ucb1": 0.14967821436389545
        }
      ],
      "selected_action": 0
    },
    {
      "turn": 8,
      "game_state": {
        "dungeon": [
          {
            "value": 14,
            "suit": "\u2663"
          },
          {
            "value": 3,
            "suit": "\u2660"
          },
          {
            "value": 11,
            "suit": "\u2663"
          },
          {
            "value": 2,
            "suit": "\u2660"
          },
          {
            "value": 2,
            "suit": "\u2663"
          },
          {
            "value": 14,
            "suit": "\u2660"
          },
          {
            "value": 6,
            "suit": "\u2660"
          },
          {
            "value": 9,
            "suit": "\u2663"
          },
          {
            "value": 3,
            "suit": "\u2663"
          },
          {
            "value": 8,
            "suit": "\u2663"
          },
          {
            "value": 4,
            "suit": "\u2666"
          },
          {
            "value": 5,
            "suit": "\u2666"
          },
          {
            "value": 7,
            "suit": "\u2660"
          },
          {
            "value": 9,
            "suit": "\u2660"
          },
          {
            "value": 7,
            "suit": "\u2663"
          },
          {
            "value": 13,
            "suit": "\u2663"
          },
          {
            "value": 10,
            "suit": "\u2660"
          },
          {
            "value": 3,
            "suit": "\u2665"
          },
          {
            "value": 10,
            "suit": "\u2666"
          },
          {
            "value": 6,
            "suit": "\u2665"
          },
          {
            "value": 8,
            "suit": "\u2666"
          },
          {
            "value": 7,
            "suit": "\u2666"
          },
          {
            "value": 9,
            "suit": "\u2666"
          },
          {
            "value": 4,
            "suit": "\u2663"
          },
          {
            "value": 2,
            "suit": "\u2665"
          },
          {
            "value": 6,
            "suit": "\u2663"
          },
          {
            "value": 9,
            "suit": "\u2665"
          },
          {
            "value": 2,
            "suit": "\u2666"
          },
          {
            "value": 5,
            "suit": "\u2665"
          },
          {
            "value": 8,
            "suit": "\u2665"
          },
          {
            "value": 7,
            "suit": "\u2665"
          },
          {
            "value": 5,
            "suit": "\u2663"
          },
          {
            "value": 12,
            "suit": "\u2663"
          },
          {
            "value": 4,
            "suit": "\u2660"
          }
        ],
        "room": [
          {
            "value": 11,
            "suit": "\u2660"
          },
          {
            "value": 13,
            "suit": "\u2660"
          }
        ],
        "discard": [
          {
            "value": 12,
            "suit": "\u2660"
          },
          {
            "value": 10,
            "suit": "\u2665"
          },
          {
            "value": 5,
            "suit": "\u2660"
          },
          {
            "value": 4,
            "suit": "\u2665"
          },
          {
            "value": 6,
            "suit": "\u2666"
          },
          {
            "value": 10,
            "suit": "\u2663"
          },
          {
            "value": 8,
            "suit": "\u2660"
          }
        ],
        "equipped_weapon": {
          "value": 3,
          "suit": "\u2666"
        },
        "weapon_monsters": [],
        "used_potion": true,
        "health": 11,
        "number_avoided": 0,
        "last_room_avoided": false,
        "exit": false,
        "score": -162,
        "can_avoid": false,
        "can_use_potion": false,
        "game_over": false
      },
      "mcts_stats": [
        {
          "action": 0,
          "visits": 47664,
          "avg_value": 0.1411420463119566,
          "total_value": 6727.394495413098,
          "ucb1": 0.16311796366099227
        },
        {
          "action": 1,
          "visits": 52336,
          "avg_value": 0.14371201327204972,
          "total_value": 7521.311926605994,
          "ucb1": 0.16468411678376735
        }
      ],
      "selected_action": 1
    },
    {
      "turn": 9,
      "game_state": {
        "dungeon": [
          {
            "value": 2,
            "suit": "\u2660"
          },
          {
            "value": 2,
            "suit": "\u2663"
          },
          {
            "value": 14,
            "suit": "\u2660"
          },
          {
            "value": 6,
            "suit": "\u2660"
          },
          {
            "value": 9,
            "suit": "\u2663"
          },
          {
            "value": 3,
            "suit": "\u2663"
          },
          {
            "value": 8,
            "suit": "\u2663"
          },
          {
            "value": 4,
            "suit": "\u2666"
          },
          {
            "value": 5,
            "suit": "\u2666"
          },
          {
            "value": 7,
            "suit": "\u2660"
          },
          {
            "value": 9,
            "suit": "\u2660"
          },
          {
            "value": 7,
            "suit": "\u2663"
          },
          {
            "value": 13,
            "suit": "\u2663"
          },
          {
            "value": 10,
            "suit": "\u2660"
          },
          {
            "value": 3,
            "suit": "\u2665"
          },
          {
            "value": 10,
            "suit": "\u2666"
          },
          {
            "value": 6,
            "suit": "\u2665"
          },
          {
            "value": 8,
            "suit": "\u2666"
          },
          {
            "value": 7,
            "suit": "\u2666"
          },
          {
            "value": 9,
            "suit": "\u2666"
          },
          {
            "value": 4,
            "suit": "\u2663"
          },
          {
            "value": 2,
            "suit": "\u2665"
          },
          {
            "value": 6,
            "suit": "\u2663"
          },
          {
            "value": 9,
            "suit": "\u2665"
          },
          {
            "value": 2,
            "suit": "\u2666"
          },
          {
            "value": 5,
            "suit": "\u2665"
          },
          {
            "value": 8,
            "suit": "\u2665"
          },
          {
            "value": 7,
            "suit": "\u2665"
          },
          {
            "value": 5,
            "suit": "\u2663"
          },
          {
            "value": 12,
            "suit": "\u2663"
          },
          {
            "value": 4,
            "suit": "\u2660"
          }
        ],
        "room": [
          {
            "value": 11,
            "suit": "\u2660"
          },
          {
            "value": 14,
            "suit": "\u2663"
          },
          {
            "value": 3,
            "suit": "\u2660"
          },
          {
            "value": 11,
            "suit": "\u2663"
          }
        ],
        "discard": [
          {
            "value": 12,
            "suit": "\u2660"
          },
          {
            "value": 10,
            "suit": "\u2665"
          },
          {
            "value": 5,
            "suit": "\u2660"
          },
          {
            "value": 4,
            "suit": "\u2665"
          },
          {
            "value": 6,
            "suit": "\u2666"
          },
          {
            "value": 10,
            "suit": "\u2663"
          },
          {
            "value": 8,
            "suit": "\u2660"
          }
        ],
        "equipped_weapon": {
          "value": 3,
          "suit": "\u2666"
        },
        "weapon_monsters": [
          {
            "value": 13,
            "suit": "\u2660"
          }
        ],
        "used_potion": false,
        "health": 1,
        "number_avoided": 0,
        "last_room_avoided": false,
        "exit": false,
        "score": -159,
        "can_avoid": true,
        "can_use_potion": true,
        "game_over": false
      },
      "mcts_stats": [
        {
          "action": 0,
          "visits": 21488,
          "avg_value": 0.14678899082569452,
          "total_value": 3154.201834862524,
          "ucb1": 0.1795188591663578
        },
        {
          "action": 1,
          "visits": 15856,
          "avg_value": 0.1330275229357771,
          "total_value": 2109.284403669682,
          "ucb1": 0.17112931805499343
        },
        {
          "action": 2,
          "visits": 21488,
          "avg_value": 0.14678899082569452,
          "total_value": 3154.201834862524,
          "ucb1": 0.1795188591663578
        },
        {
          "action": 3,
          "visits": 21488,
          "avg_value": 0.14678899082569452,
          "total_value": 3154.201834862524,
          "ucb1": 0.1795188591663578
        },
        {
          "action": 4,
          "visits": 19680,
          "avg_value": 0.14302509882897094,
          "total_value": 2814.733944954148,
          "ucb1": 0.17722538255081235
        }
      ],
      "selected_action": 3
    }
  ]
}