{
  "metadata": {
    "seed": 1675,
    "num_simulations": 100000,
    "timestamp": "2025-12-22T20:29:35.966319",
    "final_score": -172,
    "num_turns": 10,
    "final_state": {
      "dungeon": [
        {
          "value": 4,
          "suit": "\u2666"
        },
        {
          "value": 3,
          "suit": "\u2660"
        },
        {
          "value": 9,
          "suit": "\u2663"
        },
        {
          "value": 2,
          "suit": "\u2666"
        },
        {
          "value": 7,
          "suit": "\u2665"
        },
        {
          "value": 2,
          "suit": "\u2660"
        },
        {
          "value": 11,
          "suit": "\u2660"
        },
        {
          "value": 9,
          "suit": "\u2660"
        },
        {
          "value": 10,
          "suit": "\u2666"
        },
        {
          "value": 7,
          "suit": "\u2666"
        },
        {
          "value": 2,
          "suit": "\u2663"
        },
        {
          "value": 10,
          "suit": "\u2663"
        },
        {
          "value": 5,
          "suit": "\u2666"
        },
        {
          "value": 6,
          "suit": "\u2665"
        },
        {
          "value": 14,
          "suit": "\u2663"
        },
        {
          "value": 3,
          "suit": "\u2663"
        },
        {
          "value": 8,
          "suit": "\u2663"
        },
        {
          "value": 5,
          "suit": "\u2663"
        },
        {
          "value": 5,
          "suit": "\u2660"
        },
        {
          "value": 10,
          "suit": "\u2665"
        },
        {
          "value": 6,
          "suit": "\u2663"
        },
        {
          "value": 6,
          "suit": "\u2666"
        },
        {
          "value": 2,
          "suit": "\u2665"
        },
        {
          "value": 8,
          "suit": "\u2666"
        },
        {
          "value": 9,
          "suit": "\u2665"
        },
        {
          "value": 11,
          "suit": "\u2663"
        },
        {
          "value": 9,
          "suit": "\u2666"
        },
        {
          "value": 12,
          "suit": "\u2663"
        },
        {
          "value": 6,
          "suit": "\u2660"
        },
        {
          "value": 7,
          "suit": "\u2663"
        },
        {
          "value": 4,
          "suit": "\u2663"
        }
      ],
      "room": [
        {
          "value": 12,
          "suit": "\u2660"
        },
        {
          "value": 13,
          "suit": "\u2660"
        },
        {
          "value": 3,
          "suit": "\u2666"
        },
        {
          "value": 13,
          "suit": "\u2663"
        }
      ],
      "discard": [
        {
          "value": 14,
          "suit": "\u2660"
        },
        {
          "value": 8,
          "suit": "\u2665"
        },
        {
          "value": 4,
          "suit": "\u2665"
        },
        {
          "value": 5,
          "suit": "\u2665"
        },
        {
          "value": 4,
          "suit": "\u2660"
        },
        {
          "value": 7,
          "suit": "\u2660"
        },
        {
          "value": 3,
          "suit": "\u2665"
        },
        {
          "value": 10,
          "suit": "\u2660"
        },
        {
          "value": 8,
          "suit": "\u2660"
        }
      ],
      "equipped_weapon": null,
      "weapon_monsters": [],
      "used_potion": false,
      "health": -7,
      "number_avoided": 1,
      "last_room_avoided": false,
      "exit": false,
      "score": -172,
      "can_avoid": true,
      "can_use_potion": true,
      "game_over": true
    }
  },
  "events": [
    {
      "turn": 0,
      "game_state": {
        "dungeon": [
          {
            "value": 7,
            "suit": "\u2660"
          },
          {
            "value": 4,
            "suit": "\u2660"
          },
          {
            "value": 12,
            "suit": "\u2663"
          },
          {
            "value": 6,
            "suit": "\u2660"
          },
          {
            "value": 7,
            "suit": "\u2663"
          },
          {
            "value": 4,
            "suit": "\u2663"
          },
          {
            "value": 8,
            "suit": "\u2660"
          },
          {
            "value": 10,
            "suit": "\u2660"
          },
          {
            "value": 3,
            "suit": "\u2665"
          },
          {
            "value": 12,
            "suit": "\u2660"
          },
          {
            "value": 13,
            "suit": "\u2660"
          },
          {
            "value": 3,
            "suit": "\u2666"
          },
          {
            "value": 13,
            "suit": "\u2663"
          },
          {
            "value": 4,
            "suit": "\u2666"
          },
          {
            "value": 3,
            "suit": "\u2660"
          },
          {
            "value": 9,
            "suit": "\u2663"
          },
          {
            "value": 2,
            "suit": "\u2666"
          },
          {
            "value": 7,
            "suit": "\u2665"
          },
          {
            "value": 2,
            "suit": "\u2660"
          },
          {
            "value": 11,
            "suit": "\u2660"
          },
          {
            "value": 9,
            "suit": "\u2660"
          },
          {
            "value": 10,
            "suit": "\u2666"
          },
          {
            "value": 7,
            "suit": "\u2666"
          },
          {
            "value": 2,
            "suit": "\u2663"
          },
          {
            "value": 10,
            "suit": "\u2663"
          },
          {
            "value": 5,
            "suit": "\u2666"
          },
          {
            "value": 6,
            "suit": "\u2665"
          },
          {
            "value": 14,
            "suit": "\u2663"
          },
          {
            "value": 3,
            "suit": "\u2663"
          },
          {
            "value": 8,
            "suit": "\u2663"
          },
          {
            "value": 5,
            "suit": "\u2663"
          },
          {
            "value": 5,
            "suit": "\u2660"
          },
          {
            "value": 10,
            "suit": "\u2665"
          },
          {
            "value": 6,
            "suit": "\u2663"
          },
          {
            "value": 6,
            "suit": "\u2666"
          },
          {
            "value": 2,
            "suit": "\u2665"
          },
          {
            "value": 8,
            "suit": "\u2666"
          },
          {
            "value": 9,
            "suit": "\u2665"
          },
          {
            "value": 11,
            "suit": "\u2663"
          },
          {
            "value": 9,
            "suit": "\u2666"
          }
        ],
        "room": [
          {
            "value": 14,
            "suit": "\u2660"
          },
          {
            "value": 5,
            "suit": "\u2665"
          },
          {
            "value": 8,
            "suit": "\u2665"
          },
          {
            "value": 4,
            "suit": "\u2665"
          }
        ],
        "discard": [],
        "equipped_weapon": null,
        "weapon_monsters": [],
        "used_potion": false,
        "health": 20,
        "number_avoided": 0,
        "last_room_avoided": false,
        "exit": false,
        "score": -188,
        "can_avoid": true,
        "can_use_potion": true,
        "game_over": false
      },
      "mcts_stats": [
        {
          "action": 0,
          "visits": 36622,
          "avg_value": 0.03807118997504408,
          "total_value": 1394.2431192660642,
          "ucb1": 0.06314216514873197
        },
        {
          "action": 1,
          "visits": 16503,
          "avg_value": 0.006634045408480081,
          "total_value": 109.48165137614679,
          "ucb1": 0.04398148264947363
        },
        {
          "action": 2,
          "visits": 15774,
          "avg_value": 0.004449314456607865,
          "total_value": 70.18348623853245,
          "ucb1": 0.042650015918419264
        },
        {
          "action": 3,
          "visits": 16612,
          "avg_value": 0.006949767715169998,
          "total_value": 115.449541284404,
          "ucb1": 0.044174475289827424
        },
        {
          "action": 4,
          "visits": 14489,
          "avg_value": 0.00019945532865489238,
          "total_value": 2.889908256880736,
          "ucb1": 0.040058147966112456
        }
      ],
      "selected_action": 0
    },
    {
      "turn": 1,
      "game_state": {
        "dungeon": [
          {
            "value": 7,
            "suit": "\u2660"
          },
          {
            "value": 4,
            "suit": "\u2660"
          },
          {
            "value": 12,
            "suit": "\u2663"
          },
          {
            "value": 6,
            "suit": "\u2660"
          },
          {
            "value": 7,
            "suit": "\u2663"
          },
          {
            "value": 4,
            "suit": "\u2663"
          },
          {
            "value": 8,
            "suit": "\u2660"
          },
          {
            "value": 10,
            "suit": "\u2660"
          },
          {
            "value": 3,
            "suit": "\u2665"
          },
          {
            "value": 12,
            "suit": "\u2660"
          },
          {
            "value": 13,
            "suit": "\u2660"
          },
          {
            "value": 3,
            "suit": "\u2666"
          },
          {
            "value": 13,
            "suit": "\u2663"
          },
          {
            "value": 4,
            "suit": "\u2666"
          },
          {
            "value": 3,
            "suit": "\u2660"
          },
          {
            "value": 9,
            "suit": "\u2663"
          },
          {
            "value": 2,
            "suit": "\u2666"
          },
          {
            "value": 7,
            "suit": "\u2665"
          },
          {
            "value": 2,
            "suit": "\u2660"
          },
          {
            "value": 11,
            "suit": "\u2660"
          },
          {
            "value": 9,
            "suit": "\u2660"
          },
          {
            "value": 10,
            "suit": "\u2666"
          },
          {
            "value": 7,
            "suit": "\u2666"
          },
          {
            "value": 2,
            "suit": "\u2663"
          },
          {
            "value": 10,
            "suit": "\u2663"
          },
          {
            "value": 5,
            "suit": "\u2666"
          },
          {
            "value": 6,
            "suit": "\u2665"
          },
          {
            "value": 14,
            "suit": "\u2663"
          },
          {
            "value": 3,
            "suit": "\u2663"
          },
          {
            "value": 8,
            "suit": "\u2663"
          },
          {
            "value": 5,
            "suit": "\u2663"
          },
          {
            "value": 5,
            "suit": "\u2660"
          },
          {
            "value": 10,
            "suit": "\u2665"
          },
          {
            "value": 6,
            "suit": "\u2663"
          },
          {
            "value": 6,
            "suit": "\u2666"
          },
          {
            "value": 2,
            "suit": "\u2665"
          },
          {
            "value": 8,
            "suit": "\u2666"
          },
          {
            "value": 9,
            "suit": "\u2665"
          },
          {
            "value": 11,
            "suit": "\u2663"
          },
          {
            "value": 9,
            "suit": "\u2666"
          }
        ],
        "room": [
          {
            "value": 5,
            "suit": "\u2665"
          },
          {
            "value": 8,
            "suit": "\u2665"
          },
          {
            "value": 4,
            "suit": "\u2665"
          }
        ],
        "discard": [
          {
            "value": 14,
            "suit": "\u2660"
          }
        ],
        "equipped_weapon": null,
        "weapon_monsters": [],
        "used_potion": false,
        "health": 6,
        "number_avoided": 0,
        "last_room_avoided": false,
        "exit": false,
        "score": -188,
        "can_avoid": false,
        "can_use_potion": true,
        "game_over": false
      },
      "mcts_stats": [
        {
          "action": 0,
          "visits": 29159,
          "avg_value": 0.03417076446726082,
          "total_value": 996.3853211008583,
          "ucb1": 0.062267505139672594
        },
        {
          "action": 1,
          "visits": 44165,
          "avg_value": 0.04765698272844875,
          "total_value": 2104.770642201939,
          "ucb1": 0.07048683696315902
        },
        {
          "action": 2,
          "visits": 26676,
          "avg_value": 0.03089400361249742,
          "total_value": 824.1284403669812,
          "ucb1": 0.06026927594812536
        }
      ],
      "selected_action": 1
    },
    {
      "turn": 2,
      "game_state": {
        "dungeon": [
          {
            "value": 7,
            "suit": "\u2660"
          },
          {
            "value": 4,
            "suit": "\u2660"
          },
          {
            "value": 12,
            "suit": "\u2663"
          },
          {
            "value": 6,
            "suit": "\u2660"
          },
          {
            "value": 7,
            "suit": "\u2663"
          },
          {
            "value": 4,
            "suit": "\u2663"
          },
          {
            "value": 8,
            "suit": "\u2660"
          },
          {
            "value": 10,
            "suit": "\u2660"
          },
          {
            "value": 3,
            "suit": "\u2665"
          },
          {
            "value": 12,
            "suit": "\u2660"
          },
          {
            "value": 13,
            "suit": "\u2660"
          },
          {
            "value": 3,
            "suit": "\u2666"
          },
          {
            "value": 13,
            "suit": "\u2663"
          },
          {
            "value": 4,
            "suit": "\u2666"
          },
          {
            "value": 3,
            "suit": "\u2660"
          },
          {
            "value": 9,
            "suit": "\u2663"
          },
          {
            "value": 2,
            "suit": "\u2666"
          },
          {
            "value": 7,
            "suit": "\u2665"
          },
          {
            "value": 2,
            "suit": "\u2660"
          },
          {
            "value": 11,
            "suit": "\u2660"
          },
          {
            "value": 9,
            "suit": "\u2660"
          },
          {
            "value": 10,
            "suit": "\u2666"
          },
          {
            "value": 7,
            "suit": "\u2666"
          },
          {
            "value": 2,
            "suit": "\u2663"
          },
          {
            "value": 10,
            "suit": "\u2663"
          },
          {
            "value": 5,
            "suit": "\u2666"
          },
          {
            "value": 6,
            "suit": "\u2665"
          },
          {
            "value": 14,
            "suit": "\u2663"
          },
          {
            "value": 3,
            "suit": "\u2663"
          },
          {
            "value": 8,
            "suit": "\u2663"
          },
          {
            "value": 5,
            "suit": "\u2663"
          },
          {
            "value": 5,
            "suit": "\u2660"
          },
          {
            "value": 10,
            "suit": "\u2665"
          },
          {
            "value": 6,
            "suit": "\u2663"
          },
          {
            "value": 6,
            "suit": "\u2666"
          },
          {
            "value": 2,
            "suit": "\u2665"
          },
          {
            "value": 8,
            "suit": "\u2666"
          },
          {
            "value": 9,
            "suit": "\u2665"
          },
          {
            "value": 11,
            "suit": "\u2663"
          },
          {
            "value": 9,
            "suit": "\u2666"
          }
        ],
        "room": [
          {
            "value": 5,
            "suit": "\u2665"
          },
          {
            "value": 4,
            "suit": "\u2665"
          }
        ],
        "discard": [
          {
            "value": 14,
            "suit": "\u2660"
          },
          {
            "value": 8,
            "suit": "\u2665"
          }
        ],
        "equipped_weapon": null,
        "weapon_monsters": [],
        "used_potion": true,
        "health": 14,
        "number_avoided": 0,
        "last_room_avoided": false,
        "exit": false,
        "score": -180,
        "can_avoid": false,
        "can_use_potion": false,
        "game_over": false
      },
      "mcts_stats": [
        {
          "action": 0,
          "visits": 47600,
          "avg_value": 0.04676518772646592,
          "total_value": 2226.022935779778,
          "ucb1": 0.06875587383882788
        },
        {
          "action": 1,
          "visits": 52400,
          "avg_value": 0.0494053330065136,
          "total_value": 2588.8394495413127,
          "ucb1": 0.0703646252137298
        }
      ],
      "selected_action": 1
    },
    {
      "turn": 3,
      "game_state": {
        "dungeon": [
          {
            "value": 6,
            "suit": "\u2660"
          },
          {
            "value": 7,
            "suit": "\u2663"
          },
          {
            "value": 4,
            "suit": "\u2663"
          },
          {
            "value": 8,
            "suit": "\u2660"
          },
          {
            "value": 10,
            "suit": "\u2660"
          },
          {
            "value": 3,
            "suit": "\u2665"
          },
          {
            "value": 12,
            "suit": "\u2660"
          },
          {
            "value": 13,
            "suit": "\u2660"
          },
          {
            "value": 3,
            "suit": "\u2666"
          },
          {
            "value": 13,
            "suit": "\u2663"
          },
          {
            "value": 4,
            "suit": "\u2666"
          },
          {
            "value": 3,
            "suit": "\u2660"
          },
          {
            "value": 9,
            "suit": "\u2663"
          },
          {
            "value": 2,
            "suit": "\u2666"
          },
          {
            "value": 7,
            "suit": "\u2665"
          },
          {
            "value": 2,
            "suit": "\u2660"
          },
          {
            "value": 11,
            "suit": "\u2660"
          },
          {
            "value": 9,
            "suit": "\u2660"
          },
          {
            "value": 10,
            "suit": "\u2666"
          },
          {
            "value": 7,
            "suit": "\u2666"
          },
          {
            "value": 2,
            "suit": "\u2663"
          },
          {
            "value": 10,
            "suit": "\u2663"
          },
          {
            "value": 5,
            "suit": "\u2666"
          },
          {
            "value": 6,
            "suit": "\u2665"
          },
          {
            "value": 14,
            "suit": "\u2663"
          },
          {
            "value": 3,
            "suit": "\u2663"
          },
          {
            "value": 8,
            "suit": "\u2663"
          },
          {
            "value": 5,
            "suit": "\u2663"
          },
          {
            "value": 5,
            "suit": "\u2660"
          },
          {
            "value": 10,
            "suit": "\u2665"
          },
          {
            "value": 6,
            "suit": "\u2663"
          },
          {
            "value": 6,
            "suit": "\u2666"
          },
          {
            "value": 2,
            "suit": "\u2665"
          },
          {
            "value": 8,
            "suit": "\u2666"
          },
          {
            "value": 9,
            "suit": "\u2665"
          },
          {
            "value": 11,
            "suit": "\u2663"
          },
          {
            "value": 9,
            "suit": "\u2666"
          }
        ],
        "room": [
          {
            "value": 5,
            "suit": "\u2665"
          },
          {
            "value": 7,
            "suit": "\u2660"
          },
          {
            "value": 4,
            "suit": "\u2660"
          },
          {
            "value": 12,
            "suit": "\u2663"
          }
        ],
        "discard": [
          {
            "value": 14,
            "suit": "\u2660"
          },
          {
            "value": 8,
            "suit": "\u2665"
          },
          {
            "value": 4,
            "suit": "\u2665"
          }
        ],
        "equipped_weapon": null,
        "weapon_monsters": [],
        "used_potion": false,
        "health": 14,
        "number_avoided": 0,
        "last_room_avoided": false,
        "exit": false,
        "score": -180,
        "can_avoid": true,
        "can_use_potion": true,
        "game_over": false
      },
      "mcts_stats": [
        {
          "action": 0,
          "visits": 25811,
          "avg_value": 0.06011767260883054,
          "total_value": 1551.697247706525,
          "ucb1": 0.08998111312301862
        },
        {
          "action": 1,
          "visits": 20238,
          "avg_value": 0.050222081994903425,
          "total_value": 1016.3944954128556,
          "ucb1": 0.0839475868976434
        },
        {
          "action": 2,
          "visits": 20315,
          "avg_value": 0.05039029776434065,
          "total_value": 1023.6788990825803,
          "ucb1": 0.08405182705110482
        },
        {
          "action": 3,
          "visits": 18508,
          "avg_value": 0.04628100320615213,
          "total_value": 856.5688073394637,
          "ucb1": 0.0815475153885117
        },
        {
          "action": 4,
          "visits": 15128,
          "avg_value": 0.03669724770642178,
          "total_value": 555.1559633027487,
          "ucb1": 0.0757050513730025
        }
      ],
      "selected_action": 0
    },
    {
      "turn": 4,
      "game_state": {
        "dungeon": [
          {
            "value": 6,
            "suit": "\u2660"
          },
          {
            "value": 7,
            "suit": "\u2663"
          },
          {
            "value": 4,
            "suit": "\u2663"
          },
          {
            "value": 8,
            "suit": "\u2660"
          },
          {
            "value": 10,
            "suit": "\u2660"
          },
          {
            "value": 3,
            "suit": "\u2665"
          },
          {
            "value": 12,
            "suit": "\u2660"
          },
          {
            "value": 13,
            "suit": "\u2660"
          },
          {
            "value": 3,
            "suit": "\u2666"
          },
          {
            "value": 13,
            "suit": "\u2663"
          },
          {
            "value": 4,
            "suit": "\u2666"
          },
          {
            "value": 3,
            "suit": "\u2660"
          },
          {
            "value": 9,
            "suit": "\u2663"
          },
          {
            "value": 2,
            "suit": "\u2666"
          },
          {
            "value": 7,
            "suit": "\u2665"
          },
          {
            "value": 2,
            "suit": "\u2660"
          },
          {
            "value": 11,
            "suit": "\u2660"
          },
          {
            "value": 9,
            "suit": "\u2660"
          },
          {
            "value": 10,
            "suit": "\u2666"
          },
          {
            "value": 7,
            "suit": "\u2666"
          },
          {
            "value": 2,
            "suit": "\u2663"
          },
          {
            "value": 10,
            "suit": "\u2663"
          },
          {
            "value": 5,
            "suit": "\u2666"
          },
          {
            "value": 6,
            "suit": "\u2665"
          },
          {
            "value": 14,
            "suit": "\u2663"
          },
          {
            "value": 3,
            "suit": "\u2663"
          },
          {
            "value": 8,
            "suit": "\u2663"
          },
          {
            "value": 5,
            "suit": "\u2663"
          },
          {
            "value": 5,
            "suit": "\u2660"
          },
          {
            "value": 10,
            "suit": "\u2665"
          },
          {
            "value": 6,
            "suit": "\u2663"
          },
          {
            "value": 6,
            "suit": "\u2666"
          },
          {
            "value": 2,
            "suit": "\u2665"
          },
          {
            "value": 8,
            "suit": "\u2666"
          },
          {
            "value": 9,
            "suit": "\u2665"
          },
          {
            "value": 11,
            "suit": "\u2663"
          },
          {
            "value": 9,
            "suit": "\u2666"
          }
        ],
        "room": [
          {
            "value": 7,
            "suit": "\u2660"
          },
          {
            "value": 4,
            "suit": "\u2660"
          },
          {
            "value": 12,
            "suit": "\u2663"
          }
        ],
        "discard": [
          {
            "value": 14,
            "suit": "\u2660"
          },
          {
            "value": 8,
            "suit": "\u2665"
          },
          {
            "value": 4,
            "suit": "\u2665"
          },
          {
            "value": 5,
            "suit": "\u2665"
          }
        ],
        "equipped_weapon": null,
        "weapon_monsters": [],
        "used_potion": true,
        "health": 19,
        "number_avoided": 0,
        "last_room_avoided": false,
        "exit": false,
        "score": -175,
        "can_avoid": false,
        "can_use_potion": false,
        "game_over": false
      },
      "mcts_stats": [
        {
          "action": 0,
          "visits": 33208,
          "avg_value": 0.060014277536755235,
          "total_value": 1992.954128440568,
          "ucb1": 0.0863424610116995
        },
        {
          "action": 1,
          "visits": 33583,
          "avg_value": 0.06039029139634665,
          "total_value": 2028.0871559635095,
          "ucb1": 0.08657106717488777
        },
        {
          "action": 2,
          "visits": 33209,
          "avg_value": 0.06001468044614353,
          "total_value": 1993.0275229359806,
          "ucb1": 0.08634246751677452
        }
      ],
      "selected_action": 1
    },
    {
      "turn": 5,
      "game_state": {
        "dungeon": [
          {
            "value": 6,
            "suit": "\u2660"
          },
          {
            "value": 7,
            "suit": "\u2663"
          },
          {
            "value": 4,
            "suit": "\u2663"
          },
          {
            "value": 8,
            "suit": "\u2660"
          },
          {
            "value": 10,
            "suit": "\u2660"
          },
          {
            "value": 3,
            "suit": "\u2665"
          },
          {
            "value": 12,
            "suit": "\u2660"
          },
          {
            "value": 13,
            "suit": "\u2660"
          },
          {
            "value": 3,
            "suit": "\u2666"
          },
          {
            "value": 13,
            "suit": "\u2663"
          },
          {
            "value": 4,
            "suit": "\u2666"
          },
          {
            "value": 3,
            "suit": "\u2660"
          },
          {
            "value": 9,
            "suit": "\u2663"
          },
          {
            "value": 2,
            "suit": "\u2666"
          },
          {
            "value": 7,
            "suit": "\u2665"
          },
          {
            "value": 2,
            "suit": "\u2660"
          },
          {
            "value": 11,
            "suit": "\u2660"
          },
          {
            "value": 9,
            "suit": "\u2660"
          },
          {
            "value": 10,
            "suit": "\u2666"
          },
          {
            "value": 7,
            "suit": "\u2666"
          },
          {
            "value": 2,
            "suit": "\u2663"
          },
          {
            "value": 10,
            "suit": "\u2663"
          },
          {
            "value": 5,
            "suit": "\u2666"
          },
          {
            "value": 6,
            "suit": "\u2665"
          },
          {
            "value": 14,
            "suit": "\u2663"
          },
          {
            "value": 3,
            "suit": "\u2663"
          },
          {
            "value": 8,
            "suit": "\u2663"
          },
          {
            "value": 5,
            "suit": "\u2663"
          },
          {
            "value": 5,
            "suit": "\u2660"
          },
          {
            "value": 10,
            "suit": "\u2665"
          },
          {
            "value": 6,
            "suit": "\u2663"
          },
          {
            "value": 6,
            "suit": "\u2666"
          },
          {
            "value": 2,
            "suit": "\u2665"
          },
          {
            "value": 8,
            "suit": "\u2666"
          },
          {
            "value": 9,
            "suit": "\u2665"
          },
          {
            "value": 11,
            "suit": "\u2663"
          },
          {
            "value": 9,
            "suit": "\u2666"
          }
        ],
        "room": [
          {
            "value": 7,
            "suit": "\u2660"
          },
          {
            "value": 12,
            "suit": "\u2663"
          }
        ],
        "discard": [
          {
            "value": 14,
            "suit": "\u2660"
          },
          {
            "value": 8,
            "suit": "\u2665"
          },
          {
            "value": 4,
            "suit": "\u2665"
          },
          {
            "value": 5,
            "suit": "\u2665"
          },
          {
            "value": 4,
            "suit": "\u2660"
          }
        ],
        "equipped_weapon": null,
        "weapon_monsters": [],
        "used_potion": true,
        "health": 15,
        "number_avoided": 0,
        "last_room_avoided": false,
        "exit": false,
        "score": -175,
        "can_avoid": false,
        "can_use_potion": false,
        "game_over": false
      },
      "mcts_stats": [
        {
          "action": 0,
          "visits": 50000,
          "avg_value": 0.06043339449541273,
          "total_value": 3021.6697247706365,
          "ucb1": 0.0818898141049187
        },
        {
          "action": 1,
          "visits": 50000,
          "avg_value": 0.06043311926605493,
          "total_value": 3021.6559633027464,
          "ucb1": 0.0818895388755609
        }
      ],
      "selected_action": 0
    },
    {
      "turn": 6,
      "game_state": {
        "dungeon": [
          {
            "value": 8,
            "suit": "\u2660"
          },
          {
            "value": 10,
            "suit": "\u2660"
          },
          {
            "value": 3,
            "suit": "\u2665"
          },
          {
            "value": 12,
            "suit": "\u2660"
          },
          {
            "value": 13,
            "suit": "\u2660"
          },
          {
            "value": 3,
            "suit": "\u2666"
          },
          {
            "value": 13,
            "suit": "\u2663"
          },
          {
            "value": 4,
            "suit": "\u2666"
          },
          {
            "value": 3,
            "suit": "\u2660"
          },
          {
            "value": 9,
            "suit": "\u2663"
          },
          {
            "value": 2,
            "suit": "\u2666"
          },
          {
            "value": 7,
            "suit": "\u2665"
          },
          {
            "value": 2,
            "suit": "\u2660"
          },
          {
            "value": 11,
            "suit": "\u2660"
          },
          {
            "value": 9,
            "suit": "\u2660"
          },
          {
            "value": 10,
            "suit": "\u2666"
          },
          {
            "value": 7,
            "suit": "\u2666"
          },
          {
            "value": 2,
            "suit": "\u2663"
          },
          {
            "value": 10,
            "suit": "\u2663"
          },
          {
            "value": 5,
            "suit": "\u2666"
          },
          {
            "value": 6,
            "suit": "\u2665"
          },
          {
            "value": 14,
            "suit": "\u2663"
          },
          {
            "value": 3,
            "suit": "\u2663"
          },
          {
            "value": 8,
            "suit": "\u2663"
          },
          {
            "value": 5,
            "suit": "\u2663"
          },
          {
            "value": 5,
            "suit": "\u2660"
          },
          {
            "value": 10,
            "suit": "\u2665"
          },
          {
            "value": 6,
            "suit": "\u2663"
          },
          {
            "value": 6,
            "suit": "\u2666"
          },
          {
            "value": 2,
            "suit": "\u2665"
          },
          {
            "value": 8,
            "suit": "\u2666"
          },
          {
            "value": 9,
            "suit": "\u2665"
          },
          {
            "value": 11,
            "suit": "\u2663"
          },
          {
            "value": 9,
            "suit": "\u2666"
          }
        ],
        "room": [
          {
            "value": 12,
            "suit": "\u2663"
          },
          {
            "value": 6,
            "suit": "\u2660"
          },
          {
            "value": 7,
            "suit": "\u2663"
          },
          {
            "value": 4,
            "suit": "\u2663"
          }
        ],
        "discard": [
          {
            "value": 14,
            "suit": "\u2660"
          },
          {
            "value": 8,
            "suit": "\u2665"
          },
          {
            "value": 4,
            "suit": "\u2665"
          },
          {
            "value": 5,
            "suit": "\u2665"
          },
          {
            "value": 4,
            "suit": "\u2660"
          },
          {
            "value": 7,
            "suit": "\u2660"
          }
        ],
        "equipped_weapon": null,
        "weapon_monsters": [],
        "used_potion": false,
        "health": 8,
        "number_avoided": 0,
        "last_room_avoided": false,
        "exit": false,
        "score": -175,
        "can_avoid": true,
        "can_use_potion": true,
        "game_over": false
      },
      "mcts_stats": [
        {
          "action": 0,
          "visits": 19624,
          "avg_value": 0.059633027522936796,
          "total_value": 1170.2385321101117,
          "ucb1": 0.09388207427719251
        },
        {
          "action": 1,
          "visits": 19624,
          "avg_value": 0.059633027522936796,
          "total_value": 1170.2385321101117,
          "ucb1": 0.09388207427719251
        },
        {
          "action": 2,
          "visits": 19624,
          "avg_value": 0.059633027522936796,
          "total_value": 1170.2385321101117,
          "ucb1": 0.09388207427719251
        },
        {
          "action": 3,
          "visits": 19624,
          "avg_value": 0.059633027522936796,
          "total_value": 1170.2385321101117,
          "ucb1": 0.09388207427719251
        },
        {
          "action": 4,
          "visits": 21504,
          "avg_value": 0.06356487549148351,
          "total_value": 1366.8990825688613,
          "ucb1": 0.09628256527606353
        }
      ],
      "selected_action": 4
    },
    {
      "turn": 7,
      "game_state": {
        "dungeon": [
          {
            "value": 13,
            "suit": "\u2660"
          },
          {
            "value": 3,
            "suit": "\u2666"
          },
          {
            "value": 13,
            "suit": "\u2663"
          },
          {
            "value": 4,
            "suit": "\u2666"
          },
          {
            "value": 3,
            "suit": "\u2660"
          },
          {
            "value": 9,
            "suit": "\u2663"
          },
          {
            "value": 2,
            "suit": "\u2666"
          },
          {
            "value": 7,
            "suit": "\u2665"
          },
          {
            "value": 2,
            "suit": "\u2660"
          },
          {
            "value": 11,
            "suit": "\u2660"
          },
          {
            "value": 9,
            "suit": "\u2660"
          },
          {
            "value": 10,
            "suit": "\u2666"
          },
          {
            "value": 7,
            "suit": "\u2666"
          },
          {
            "value": 2,
            "suit": "\u2663"
          },
          {
            "value": 10,
            "suit": "\u2663"
          },
          {
            "value": 5,
            "suit": "\u2666"
          },
          {
            "value": 6,
            "suit": "\u2665"
          },
          {
            "value": 14,
            "suit": "\u2663"
          },
          {
            "value": 3,
            "suit": "\u2663"
          },
          {
            "value": 8,
            "suit": "\u2663"
          },
          {
            "value": 5,
            "suit": "\u2663"
          },
          {
            "value": 5,
            "suit": "\u2660"
          },
          {
            "value": 10,
            "suit": "\u2665"
          },
          {
            "value": 6,
            "suit": "\u2663"
          },
          {
            "value": 6,
            "suit": "\u2666"
          },
          {
            "value": 2,
            "suit": "\u2665"
          },
          {
            "value": 8,
            "suit": "\u2666"
          },
          {
            "value": 9,
            "suit": "\u2665"
          },
          {
            "value": 11,
            "suit": "\u2663"
          },
          {
            "value": 9,
            "suit": "\u2666"
          },
          {
            "value": 12,
            "suit": "\u2663"
          },
          {
            "value": 6,
            "suit": "\u2660"
          },
          {
            "value": 7,
            "suit": "\u2663"
          },
          {
            "value": 4,
            "suit": "\u2663"
          }
        ],
        "room": [
          {
            "value": 8,
            "suit": "\u2660"
          },
          {
            "value": 10,
            "suit": "\u2660"
          },
          {
            "value": 3,
            "suit": "\u2665"
          },
          {
            "value": 12,
            "suit": "\u2660"
          }
        ],
        "discard": [
          {
            "value": 14,
            "suit": "\u2660"
          },
          {
            "value": 8,
            "suit": "\u2665"
          },
          {
            "value": 4,
            "suit": "\u2665"
          },
          {
            "value": 5,
            "suit": "\u2665"
          },
          {
            "value": 4,
            "suit": "\u2660"
          },
          {
            "value": 7,
            "suit": "\u2660"
          }
        ],
        "equipped_weapon": null,
        "weapon_monsters": [],
        "used_potion": false,
        "health": 8,
        "number_avoided": 1,
        "last_room_avoided": true,
        "exit": false,
        "score": -175,
        "can_avoid": false,
        "can_use_potion": true,
        "game_over": false
      },
      "mcts_stats": [
        {
          "action": 0,
          "visits": 22497,
          "avg_value": 0.059633027522938364,
          "total_value": 1341.5642201835444,
          "ucb1": 0.0916205019593987
        },
        {
          "action": 1,
          "visits": 22500,
          "avg_value": 0.05963302752293837,
          "total_value": 1341.7431192661134,
          "ucb1": 0.09161836939001493
        },
        {
          "action": 2,
          "visits": 32504,
          "avg_value": 0.07339449541285024,
          "total_value": 2385.614678899284,
          "ucb1": 0.10000627093050975
        },
        {
          "action": 3,
          "visits": 22499,
          "avg_value": 0.05963302752293837,
          "total_value": 1341.6834862385904,
          "ucb1": 0.09161908019908348
        }
      ],
      "selected_action": 2
    },
    {
      "turn": 8,
      "game_state": {
        "dungeon": [
          {
            "value": 13,
            "suit": "\u2660"
          },
          {
            "value": 3,
            "suit": "\u2666"
          },
          {
            "value": 13,
            "suit": "\u2663"
          },
          {
            "value": 4,
            "suit": "\u2666"
          },
          {
            "value": 3,
            "suit": "\u2660"
          },
          {
            "value": 9,
            "suit": "\u2663"
          },
          {
            "value": 2,
            "suit": "\u2666"
          },
          {
            "value": 7,
            "suit": "\u2665"
          },
          {
            "value": 2,
            "suit": "\u2660"
          },
          {
            "value": 11,
            "suit": "\u2660"
          },
          {
            "value": 9,
            "suit": "\u2660"
          },
          {
            "value": 10,
            "suit": "\u2666"
          },
          {
            "value": 7,
            "suit": "\u2666"
          },
          {
            "value": 2,
            "suit": "\u2663"
          },
          {
            "value": 10,
            "suit": "\u2663"
          },
          {
            "value": 5,
            "suit": "\u2666"
          },
          {
            "value": 6,
            "suit": "\u2665"
          },
          {
            "value": 14,
            "suit": "\u2663"
          },
          {
            "value": 3,
            "suit": "\u2663"
          },
          {
            "value": 8,
            "suit": "\u2663"
          },
          {
            "value": 5,
            "suit": "\u2663"
          },
          {
            "value": 5,
            "suit": "\u2660"
          },
          {
            "value": 10,
            "suit": "\u2665"
          },
          {
            "value": 6,
            "suit": "\u2663"
          },
          {
            "value": 6,
            "suit": "\u2666"
          },
          {
            "value": 2,
            "suit": "\u2665"
          },
          {
            "value": 8,
            "suit": "\u2666"
          },
          {
            "value": 9,
            "suit": "\u2665"
          },
          {
            "value": 11,
            "suit": "\u2663"
          },
          {
            "value": 9,
            "suit": "\u2666"
          },
          {
            "value": 12,
            "suit": "\u2663"
          },
          {
            "value": 6,
            "suit": "\u2660"
          },
          {
            "value": 7,
            "suit": "\u2663"
          },
          {
            "value": 4,
            "suit": "\u2663"
          }
        ],
        "room": [
          {
            "value": 8,
            "suit": "\u2660"
          },
          {
            "value": 10,
            "suit": "\u2660"
          },
          {
            "value": 12,
            "suit": "\u2660"
          }
        ],
        "discard": [
          {
            "value": 14,
            "suit": "\u2660"
          },
          {
            "value": 8,
            "suit": "\u2665"
          },
          {
            "value": 4,
            "suit": "\u2665"
          },
          {
            "value": 5,
            "suit": "\u2665"
          },
          {
            "value": 4,
            "suit": "\u2660"
          },
          {
            "value": 7,
            "suit": "\u2660"
          },
          {
            "value": 3,
            "suit": "\u2665"
          }
        ],
        "equipped_weapon": null,
        "weapon_monsters": [],
        "used_potion": true,
        "health": 11,
        "number_avoided": 1,
        "last_room_avoided": true,
        "exit": false,
        "score": -172,
        "can_avoid": false,
        "can_use_potion": false,
        "game_over": false
      },
      "mcts_stats": [
        {
          "action": 0,
          "visits": 33333,
          "avg_value": 0.07339449541285037,
          "total_value": 2446.4587155965414,
          "ucb1": 0.09967326668220355
        },
        {
          "action": 1,
          "visits": 33334,
          "avg_value": 0.07339449541285038,
          "total_value": 2446.5321100919546,
          "ucb1": 0.09967287250556173
        },
        {
          "action": 2,
          "visits": 33333,
          "avg_value": 0.07339449541285037,
          "total_value": 2446.4587155965414,
          "ucb1": 0.09967326668220355
        }
      ],
      "selected_action": 1
    },
    {
      "turn": 9,
      "game_state": {
        "dungeon": [
          {
            "value": 13,
            "suit": "\u2660"
          },
          {
            "value": 3,
            "suit": "\u2666"
          },
          {
            "value": 13,
            "suit": "\u2663"
          },
          {
            "value": 4,
            "suit": "\u2666"
          },
          {
            "value": 3,
            "suit": "\u2660"
          },
          {
            "value": 9,
            "suit": "\u2663"
          },
          {
            "value": 2,
            "suit": "\u2666"
          },
          {
            "value": 7,
            "suit": "\u2665"
          },
          {
            "value": 2,
            "suit": "\u2660"
          },
          {
            "value": 11,
            "suit": "\u2660"
          },
          {
            "value": 9,
            "suit": "\u2660"
          },
          {
            "value": 10,
            "suit": "\u2666"
          },
          {
            "value": 7,
            "suit": "\u2666"
          },
          {
            "value": 2,
            "suit": "\u2663"
          },
          {
            "value": 10,
            "suit": "\u2663"
          },
          {
            "value": 5,
            "suit": "\u2666"
          },
          {
            "value": 6,
            "suit": "\u2665"
          },
          {
            "value": 14,
            "suit": "\u2663"
          },
          {
            "value": 3,
            "suit": "\u2663"
          },
          {
            "value": 8,
            "suit": "\u2663"
          },
          {
            "value": 5,
            "suit": "\u2663"
          },
          {
            "value": 5,
            "suit": "\u2660"
          },
          {
            "value": 10,
            "suit": "\u2665"
          },
          {
            "value": 6,
            "suit": "\u2663"
          },
          {
            "value": 6,
            "suit": "\u2666"
          },
          {
            "value": 2,
            "suit": "\u2665"
          },
          {
            "value": 8,
            "suit": "\u2666"
          },
          {
            "value": 9,
            "suit": "\u2665"
          },
          {
            "value": 11,
            "suit": "\u2663"
          },
          {
            "value": 9,
            "suit": "\u2666"
          },
          {
            "value": 12,
            "suit": "\u2663"
          },
          {
            "value": 6,
            "suit": "\u2660"
          },
          {
            "value": 7,
            "suit": "\u2663"
          },
          {
            "value": 4,
            "suit": "\u2663"
          }
        ],
        "room": [
          {
            "value": 8,
            "suit": "\u2660"
          },
          {
            "value": 12,
            "suit": "\u2660"
          }
        ],
        "discard": [
          {
            "value": 14,
            "suit": "\u2660"
          },
          {
            "value": 8,
            "suit": "\u2665"
          },
          {
            "value": 4,
            "suit": "\u2665"
          },
          {
            "value": 5,
            "suit": "\u2665"
          },
          {
            "value": 4,
            "suit": "\u2660"
          },
          {
            "value": 7,
            "suit": "\u2660"
          },
          {
            "value": 3,
            "suit": "\u2665"
          },
          {
            "value": 10,
            "suit": "\u2660"
          }
        ],
        "equipped_weapon": null,
        "weapon_monsters": [],
        "used_potion": true,
        "health": 1,
        "number_avoided": 1,
        "last_room_avoided": true,
        "exit": false,
        "score": -172,
        "can_avoid": false,
        "can_use_potion": false,
        "game_over": false
      },
      "mcts_stats": [
        {
          "action": 0,
          "visits": 50000,
          "avg_value": 0.07339449541285226,
          "total_value": 3669.724770642613,
          "ucb1": 0.09485091502235822
        },
        {
          "action": 1,
          "visits": 50000,
          "avg_value": 0.07339449541285226,
          "total_value": 3669.724770642613,
          "ucb1": 0.09485091502235822
        }
      ],
      "selected_action": 0
    }
  ]
}