{
  "metadata": {
    "seed": 1858,
    "num_simulations": 100000,
    "timestamp": "2025-12-23T01:33:59.436342",
    "final_score": -175,
    "num_turns": 6,
    "final_state": {
      "dungeon": [
        {
          "value": 14,
          "suit": "\u2663"
        },
        {
          "value": 10,
          "suit": "\u2663"
        },
        {
          "value": 8,
          "suit": "\u2666"
        },
        {
          "value": 9,
          "suit": "\u2660"
        },
        {
          "value": 4,
          "suit": "\u2660"
        },
        {
          "value": 7,
          "suit": "\u2666"
        },
        {
          "value": 8,
          "suit": "\u2663"
        },
        {
          "value": 9,
          "suit": "\u2666"
        },
        {
          "value": 6,
          "suit": "\u2666"
        },
        {
          "value": 6,
          "suit": "\u2663"
        },
        {
          "value": 4,
          "suit": "\u2666"
        },
        {
          "value": 5,
          "suit": "\u2666"
        },
        {
          "value": 10,
          "suit": "\u2665"
        },
        {
          "value": 9,
          "suit": "\u2665"
        },
        {
          "value": 6,
          "suit": "\u2665"
        },
        {
          "value": 10,
          "suit": "\u2666"
        },
        {
          "value": 7,
          "suit": "\u2663"
        },
        {
          "value": 3,
          "suit": "\u2663"
        },
        {
          "value": 3,
          "suit": "\u2660"
        },
        {
          "value": 2,
          "suit": "\u2660"
        },
        {
          "value": 8,
          "suit": "\u2665"
        },
        {
          "value": 10,
          "suit": "\u2660"
        },
        {
          "value": 5,
          "suit": "\u2665"
        },
        {
          "value": 2,
          "suit": "\u2663"
        },
        {
          "value": 2,
          "suit": "\u2665"
        },
        {
          "value": 3,
          "suit": "\u2665"
        },
        {
          "value": 2,
          "suit": "\u2666"
        },
        {
          "value": 7,
          "suit": "\u2665"
        },
        {
          "value": 13,
          "suit": "\u2660"
        },
        {
          "value": 12,
          "suit": "\u2660"
        },
        {
          "value": 9,
          "suit": "\u2663"
        },
        {
          "value": 12,
          "suit": "\u2663"
        },
        {
          "value": 6,
          "suit": "\u2660"
        },
        {
          "value": 7,
          "suit": "\u2660"
        }
      ],
      "room": [
        {
          "value": 8,
          "suit": "\u2660"
        },
        {
          "value": 13,
          "suit": "\u2663"
        },
        {
          "value": 11,
          "suit": "\u2663"
        },
        {
          "value": 5,
          "suit": "\u2660"
        }
      ],
      "discard": [
        {
          "value": 4,
          "suit": "\u2663"
        },
        {
          "value": 4,
          "suit": "\u2665"
        }
      ],
      "equipped_weapon": {
        "value": 3,
        "suit": "\u2666"
      },
      "weapon_monsters": [
        {
          "value": 14,
          "suit": "\u2660"
        },
        {
          "value": 11,
          "suit": "\u2660"
        },
        {
          "value": 5,
          "suit": "\u2663"
        }
      ],
      "used_potion": false,
      "health": -1,
      "number_avoided": 0,
      "last_room_avoided": false,
      "exit": false,
      "score": -175,
      "can_avoid": true,
      "can_use_potion": true,
      "game_over": true
    }
  },
  "events": [
    {
      "turn": 0,
      "game_state": {
        "dungeon": [
          {
            "value": 14,
            "suit": "\u2660"
          },
          {
            "value": 11,
            "suit": "\u2660"
          },
          {
            "value": 5,
            "suit": "\u2663"
          },
          {
            "value": 13,
            "suit": "\u2663"
          },
          {
            "value": 11,
            "suit": "\u2663"
          },
          {
            "value": 5,
            "suit": "\u2660"
          },
          {
            "value": 14,
            "suit": "\u2663"
          },
          {
            "value": 10,
            "suit": "\u2663"
          },
          {
            "value": 8,
            "suit": "\u2666"
          },
          {
            "value": 9,
            "suit": "\u2660"
          },
          {
            "value": 4,
            "suit": "\u2660"
          },
          {
            "value": 7,
            "suit": "\u2666"
          },
          {
            "value": 8,
            "suit": "\u2663"
          },
          {
            "value": 9,
            "suit": "\u2666"
          },
          {
            "value": 6,
            "suit": "\u2666"
          },
          {
            "value": 6,
            "suit": "\u2663"
          },
          {
            "value": 4,
            "suit": "\u2666"
          },
          {
            "value": 5,
            "suit": "\u2666"
          },
          {
            "value": 10,
            "suit": "\u2665"
          },
          {
            "value": 9,
            "suit": "\u2665"
          },
          {
            "value": 6,
            "suit": "\u2665"
          },
          {
            "value": 10,
            "suit": "\u2666"
          },
          {
            "value": 7,
            "suit": "\u2663"
          },
          {
            "value": 3,
            "suit": "\u2663"
          },
          {
            "value": 3,
            "suit": "\u2660"
          },
          {
            "value": 2,
            "suit": "\u2660"
          },
          {
            "value": 8,
            "suit": "\u2665"
          },
          {
            "value": 10,
            "suit": "\u2660"
          },
          {
            "value": 5,
            "suit": "\u2665"
          },
          {
            "value": 2,
            "suit": "\u2663"
          },
          {
            "value": 2,
            "suit": "\u2665"
          },
          {
            "value": 3,
            "suit": "\u2665"
          },
          {
            "value": 2,
            "suit": "\u2666"
          },
          {
            "value": 7,
            "suit": "\u2665"
          },
          {
            "value": 13,
            "suit": "\u2660"
          },
          {
            "value": 12,
            "suit": "\u2660"
          },
          {
            "value": 9,
            "suit": "\u2663"
          },
          {
            "value": 12,
            "suit": "\u2663"
          },
          {
            "value": 6,
            "suit": "\u2660"
          },
          {
            "value": 7,
            "suit": "\u2660"
          }
        ],
        "room": [
          {
            "value": 8,
            "suit": "\u2660"
          },
          {
            "value": 4,
            "suit": "\u2663"
          },
          {
            "value": 3,
            "suit": "\u2666"
          },
          {
            "value": 4,
            "suit": "\u2665"
          }
        ],
        "discard": [],
        "equipped_weapon": null,
        "weapon_monsters": [],
        "used_potion": false,
        "health": 20,
        "number_avoided": 0,
        "last_room_avoided": false,
        "exit": false,
        "score": -188,
        "can_avoid": true,
        "can_use_potion": true,
        "game_over": false
      },
      "mcts_stats": [
        {
          "action": 0,
          "visits": 23099,
          "avg_value": 0.029349338368435438,
          "total_value": 677.9403669724902,
          "ucb1": 0.060917236506635004
        },
        {
          "action": 1,
          "visits": 24474,
          "avg_value": 0.03165463742462564,
          "total_value": 774.7155963302879,
          "ucb1": 0.06232294273614728
        },
        {
          "action": 2,
          "visits": 22597,
          "avg_value": 0.02845652564905693,
          "total_value": 643.0321100917395,
          "ucb1": 0.06037314346288914
        },
        {
          "action": 3,
          "visits": 17398,
          "avg_value": 0.017043507057122213,
          "total_value": 296.52293577981226,
          "ucb1": 0.053417635223282245
        },
        {
          "action": 4,
          "visits": 12432,
          "avg_value": 0.0,
          "total_value": 0.0,
          "ucb1": 0.04303004054044631
        }
      ],
      "selected_action": 1
    },
    {
      "turn": 1,
      "game_state": {
        "dungeon": [
          {
            "value": 14,
            "suit": "\u2660"
          },
          {
            "value": 11,
            "suit": "\u2660"
          },
          {
            "value": 5,
            "suit": "\u2663"
          },
          {
            "value": 13,
            "suit": "\u2663"
          },
          {
            "value": 11,
            "suit": "\u2663"
          },
          {
            "value": 5,
            "suit": "\u2660"
          },
          {
            "value": 14,
            "suit": "\u2663"
          },
          {
            "value": 10,
            "suit": "\u2663"
          },
          {
            "value": 8,
            "suit": "\u2666"
          },
          {
            "value": 9,
            "suit": "\u2660"
          },
          {
            "value": 4,
            "suit": "\u2660"
          },
          {
            "value": 7,
            "suit": "\u2666"
          },
          {
            "value": 8,
            "suit": "\u2663"
          },
          {
            "value": 9,
            "suit": "\u2666"
          },
          {
            "value": 6,
            "suit": "\u2666"
          },
          {
            "value": 6,
            "suit": "\u2663"
          },
          {
            "value": 4,
            "suit": "\u2666"
          },
          {
            "value": 5,
            "suit": "\u2666"
          },
          {
            "value": 10,
            "suit": "\u2665"
          },
          {
            "value": 9,
            "suit": "\u2665"
          },
          {
            "value": 6,
            "suit": "\u2665"
          },
          {
            "value": 10,
            "suit": "\u2666"
          },
          {
            "value": 7,
            "suit": "\u2663"
          },
          {
            "value": 3,
            "suit": "\u2663"
          },
          {
            "value": 3,
            "suit": "\u2660"
          },
          {
            "value": 2,
            "suit": "\u2660"
          },
          {
            "value": 8,
            "suit": "\u2665"
          },
          {
            "value": 10,
            "suit": "\u2660"
          },
          {
            "value": 5,
            "suit": "\u2665"
          },
          {
            "value": 2,
            "suit": "\u2663"
          },
          {
            "value": 2,
            "suit": "\u2665"
          },
          {
            "value": 3,
            "suit": "\u2665"
          },
          {
            "value": 2,
            "suit": "\u2666"
          },
          {
            "value": 7,
            "suit": "\u2665"
          },
          {
            "value": 13,
            "suit": "\u2660"
          },
          {
            "value": 12,
            "suit": "\u2660"
          },
          {
            "value": 9,
            "suit": "\u2663"
          },
          {
            "value": 12,
            "suit": "\u2663"
          },
          {
            "value": 6,
            "suit": "\u2660"
          },
          {
            "value": 7,
            "suit": "\u2660"
          }
        ],
        "room": [
          {
            "value": 8,
            "suit": "\u2660"
          },
          {
            "value": 3,
            "suit": "\u2666"
          },
          {
            "value": 4,
            "suit": "\u2665"
          }
        ],
        "discard": [
          {
            "value": 4,
            "suit": "\u2663"
          }
        ],
        "equipped_weapon": null,
        "weapon_monsters": [],
        "used_potion": false,
        "health": 16,
        "number_avoided": 0,
        "last_room_avoided": false,
        "exit": false,
        "score": -188,
        "can_avoid": false,
        "can_use_potion": true,
        "game_over": false
      },
      "mcts_stats": [
        {
          "action": 0,
          "visits": 25531,
          "avg_value": 0.02346329107374104,
          "total_value": 599.0412844036824,
          "ucb1": 0.05349004211659675
        },
        {
          "action": 1,
          "visits": 37401,
          "avg_value": 0.03682431098221468,
          "total_value": 1377.266055045811,
          "ucb1": 0.06163281912950562
        },
        {
          "action": 2,
          "visits": 37068,
          "avg_value": 0.03653822926968695,
          "total_value": 1354.399082568756,
          "ucb1": 0.061457921759407355
        }
      ],
      "selected_action": 1
    },
    {
      "turn": 2,
      "game_state": {
        "dungeon": [
          {
            "value": 14,
            "suit": "\u2660"
          },
          {
            "value": 11,
            "suit": "\u2660"
          },
          {
            "value": 5,
            "suit": "\u2663"
          },
          {
            "value": 13,
            "suit": "\u2663"
          },
          {
            "value": 11,
            "suit": "\u2663"
          },
          {
            "value": 5,
            "suit": "\u2660"
          },
          {
            "value": 14,
            "suit": "\u2663"
          },
          {
            "value": 10,
            "suit": "\u2663"
          },
          {
            "value": 8,
            "suit": "\u2666"
          },
          {
            "value": 9,
            "suit": "\u2660"
          },
          {
            "value": 4,
            "suit": "\u2660"
          },
          {
            "value": 7,
            "suit": "\u2666"
          },
          {
            "value": 8,
            "suit": "\u2663"
          },
          {
            "value": 9,
            "suit": "\u2666"
          },
          {
            "value": 6,
            "suit": "\u2666"
          },
          {
            "value": 6,
            "suit": "\u2663"
          },
          {
            "value": 4,
            "suit": "\u2666"
          },
          {
            "value": 5,
            "suit": "\u2666"
          },
          {
            "value": 10,
            "suit": "\u2665"
          },
          {
            "value": 9,
            "suit": "\u2665"
          },
          {
            "value": 6,
            "suit": "\u2665"
          },
          {
            "value": 10,
            "suit": "\u2666"
          },
          {
            "value": 7,
            "suit": "\u2663"
          },
          {
            "value": 3,
            "suit": "\u2663"
          },
          {
            "value": 3,
            "suit": "\u2660"
          },
          {
            "value": 2,
            "suit": "\u2660"
          },
          {
            "value": 8,
            "suit": "\u2665"
          },
          {
            "value": 10,
            "suit": "\u2660"
          },
          {
            "value": 5,
            "suit": "\u2665"
          },
          {
            "value": 2,
            "suit": "\u2663"
          },
          {
            "value": 2,
            "suit": "\u2665"
          },
          {
            "value": 3,
            "suit": "\u2665"
          },
          {
            "value": 2,
            "suit": "\u2666"
          },
          {
            "value": 7,
            "suit": "\u2665"
          },
          {
            "value": 13,
            "suit": "\u2660"
          },
          {
            "value": 12,
            "suit": "\u2660"
          },
          {
            "value": 9,
            "suit": "\u2663"
          },
          {
            "value": 12,
            "suit": "\u2663"
          },
          {
            "value": 6,
            "suit": "\u2660"
          },
          {
            "value": 7,
            "suit": "\u2660"
          }
        ],
        "room": [
          {
            "value": 8,
            "suit": "\u2660"
          },
          {
            "value": 4,
            "suit": "\u2665"
          }
        ],
        "discard": [
          {
            "value": 4,
            "suit": "\u2663"
          }
        ],
        "equipped_weapon": {
          "value": 3,
          "suit": "\u2666"
        },
        "weapon_monsters": [],
        "used_potion": false,
        "health": 16,
        "number_avoided": 0,
        "last_room_avoided": false,
        "exit": false,
        "score": -188,
        "can_avoid": false,
        "can_use_potion": true,
        "game_over": false
      },
      "mcts_stats": [
        {
          "action": 0,
          "visits": 35147,
          "avg_value": 0.027129959804469334,
          "total_value": 953.5366972476837,
          "ucb1": 0.05272160024209059
        },
        {
          "action": 1,
          "visits": 64853,
          "avg_value": 0.04441880345628238,
          "total_value": 2880.6926605502813,
          "ucb1": 0.06325864391063148
        }
      ],
      "selected_action": 1
    },
    {
      "turn": 3,
      "game_state": {
        "dungeon": [
          {
            "value": 13,
            "suit": "\u2663"
          },
          {
            "value": 11,
            "suit": "\u2663"
          },
          {
            "value": 5,
            "suit": "\u2660"
          },
          {
            "value": 14,
            "suit": "\u2663"
          },
          {
            "value": 10,
            "suit": "\u2663"
          },
          {
            "value": 8,
            "suit": "\u2666"
          },
          {
            "value": 9,
            "suit": "\u2660"
          },
          {
            "value": 4,
            "suit": "\u2660"
          },
          {
            "value": 7,
            "suit": "\u2666"
          },
          {
            "value": 8,
            "suit": "\u2663"
          },
          {
            "value": 9,
            "suit": "\u2666"
          },
          {
            "value": 6,
            "suit": "\u2666"
          },
          {
            "value": 6,
            "suit": "\u2663"
          },
          {
            "value": 4,
            "suit": "\u2666"
          },
          {
            "value": 5,
            "suit": "\u2666"
          },
          {
            "value": 10,
            "suit": "\u2665"
          },
          {
            "value": 9,
            "suit": "\u2665"
          },
          {
            "value": 6,
            "suit": "\u2665"
          },
          {
            "value": 10,
            "suit": "\u2666"
          },
          {
            "value": 7,
            "suit": "\u2663"
          },
          {
            "value": 3,
            "suit": "\u2663"
          },
          {
            "value": 3,
            "suit": "\u2660"
          },
          {
            "value": 2,
            "suit": "\u2660"
          },
          {
            "value": 8,
            "suit": "\u2665"
          },
          {
            "value": 10,
            "suit": "\u2660"
          },
          {
            "value": 5,
            "suit": "\u2665"
          },
          {
            "value": 2,
            "suit": "\u2663"
          },
          {
            "value": 2,
            "suit": "\u2665"
          },
          {
            "value": 3,
            "suit": "\u2665"
          },
          {
            "value": 2,
            "suit": "\u2666"
          },
          {
            "value": 7,
            "suit": "\u2665"
          },
          {
            "value": 13,
            "suit": "\u2660"
          },
          {
            "value": 12,
            "suit": "\u2660"
          },
          {
            "value": 9,
            "suit": "\u2663"
          },
          {
            "value": 12,
            "suit": "\u2663"
          },
          {
            "value": 6,
            "suit": "\u2660"
          },
          {
            "value": 7,
            "suit": "\u2660"
          }
        ],
        "room": [
          {
            "value": 8,
            "suit": "\u2660"
          },
          {
            "value": 14,
            "suit": "\u2660"
          },
          {
            "value": 11,
            "suit": "\u2660"
          },
          {
            "value": 5,
            "suit": "\u2663"
          }
        ],
        "discard": [
          {
            "value": 4,
            "suit": "\u2663"
          },
          {
            "value": 4,
            "suit": "\u2665"
          }
        ],
        "equipped_weapon": {
          "value": 3,
          "suit": "\u2666"
        },
        "weapon_monsters": [],
        "used_potion": false,
        "health": 20,
        "number_avoided": 0,
        "last_room_avoided": false,
        "exit": false,
        "score": -184,
        "can_avoid": true,
        "can_use_potion": true,
        "game_over": false
      },
      "mcts_stats": [
        {
          "action": 0,
          "visits": 19719,
          "avg_value": 0.04399356835092747,
          "total_value": 867.5091743119388,
          "ucb1": 0.07816001487978277
        },
        {
          "action": 1,
          "visits": 25184,
          "avg_value": 0.05406938874835346,
          "total_value": 1361.6834862385335,
          "ucb1": 0.08430229522740186
        },
        {
          "action": 2,
          "visits": 21410,
          "avg_value": 0.047526449528429604,
          "total_value": 1017.5412844036778,
          "ucb1": 0.08031588369756651
        },
        {
          "action": 3,
          "visits": 15285,
          "avg_value": 0.032110091743120496,
          "total_value": 490.8027522935968,
          "ucb1": 0.0709170438323023
        },
        {
          "action": 4,
          "visits": 18402,
          "avg_value": 0.04091572615262275,
          "total_value": 752.9311926605639,
          "ucb1": 0.07628366433303625
        }
      ],
      "selected_action": 1
    },
    {
      "turn": 4,
      "game_state": {
        "dungeon": [
          {
            "value": 13,
            "suit": "\u2663"
          },
          {
            "value": 11,
            "suit": "\u2663"
          },
          {
            "value": 5,
            "suit": "\u2660"
          },
          {
            "value": 14,
            "suit": "\u2663"
          },
          {
            "value": 10,
            "suit": "\u2663"
          },
          {
            "value": 8,
            "suit": "\u2666"
          },
          {
            "value": 9,
            "suit": "\u2660"
          },
          {
            "value": 4,
            "suit": "\u2660"
          },
          {
            "value": 7,
            "suit": "\u2666"
          },
          {
            "value": 8,
            "suit": "\u2663"
          },
          {
            "value": 9,
            "suit": "\u2666"
          },
          {
            "value": 6,
            "suit": "\u2666"
          },
          {
            "value": 6,
            "suit": "\u2663"
          },
          {
            "value": 4,
            "suit": "\u2666"
          },
          {
            "value": 5,
            "suit": "\u2666"
          },
          {
            "value": 10,
            "suit": "\u2665"
          },
          {
            "value": 9,
            "suit": "\u2665"
          },
          {
            "value": 6,
            "suit": "\u2665"
          },
          {
            "value": 10,
            "suit": "\u2666"
          },
          {
            "value": 7,
            "suit": "\u2663"
          },
          {
            "value": 3,
            "suit": "\u2663"
          },
          {
            "value": 3,
            "suit": "\u2660"
          },
          {
            "value": 2,
            "suit": "\u2660"
          },
          {
            "value": 8,
            "suit": "\u2665"
          },
          {
            "value": 10,
            "suit": "\u2660"
          },
          {
            "value": 5,
            "suit": "\u2665"
          },
          {
            "value": 2,
            "suit": "\u2663"
          },
          {
            "value": 2,
            "suit": "\u2665"
          },
          {
            "value": 3,
            "suit": "\u2665"
          },
          {
            "value": 2,
            "suit": "\u2666"
          },
          {
            "value": 7,
            "suit": "\u2665"
          },
          {
            "value": 13,
            "suit": "\u2660"
          },
          {
            "value": 12,
            "suit": "\u2660"
          },
          {
            "value": 9,
            "suit": "\u2663"
          },
          {
            "value": 12,
            "suit": "\u2663"
          },
          {
            "value": 6,
            "suit": "\u2660"
          },
          {
            "value": 7,
            "suit": "\u2660"
          }
        ],
        "room": [
          {
            "value": 8,
            "suit": "\u2660"
          },
          {
            "value": 11,
            "suit": "\u2660"
          },
          {
            "value": 5,
            "suit": "\u2663"
          }
        ],
        "discard": [
          {
            "value": 4,
            "suit": "\u2663"
          },
          {
            "value": 4,
            "suit": "\u2665"
          }
        ],
        "equipped_weapon": {
          "value": 3,
          "suit": "\u2666"
        },
        "weapon_monsters": [
          {
            "value": 14,
            "suit": "\u2660"
          }
        ],
        "used_potion": false,
        "health": 9,
        "number_avoided": 0,
        "last_room_avoided": false,
        "exit": false,
        "score": -181,
        "can_avoid": false,
        "can_use_potion": true,
        "game_over": false
      },
      "mcts_stats": [
        {
          "action": 0,
          "visits": 35878,
          "avg_value": 0.057516016306024806,
          "total_value": 2063.559633027558,
          "ucb1": 0.08284560532135607
        },
        {
          "action": 1,
          "visits": 38338,
          "avg_value": 0.05963302752293983,
          "total_value": 2286.211009174467,
          "ucb1": 0.08413649409058485
        },
        {
          "action": 2,
          "visits": 25784,
          "avg_value": 0.045871559633026,
          "total_value": 1182.7522935779423,
          "ucb1": 0.07575063197159104
        }
      ],
      "selected_action": 1
    },
    {
      "turn": 5,
      "game_state": {
        "dungeon": [
          {
            "value": 13,
            "suit": "\u2663"
          },
          {
            "value": 11,
            "suit": "\u2663"
          },
          {
            "value": 5,
            "suit": "\u2660"
          },
          {
            "value": 14,
            "suit": "\u2663"
          },
          {
            "value": 10,
            "suit": "\u2663"
          },
          {
            "value": 8,
            "suit": "\u2666"
          },
          {
            "value": 9,
            "suit": "\u2660"
          },
          {
            "value": 4,
            "suit": "\u2660"
          },
          {
            "value": 7,
            "suit": "\u2666"
          },
          {
            "value": 8,
            "suit": "\u2663"
          },
          {
            "value": 9,
            "suit": "\u2666"
          },
          {
            "value": 6,
            "suit": "\u2666"
          },
          {
            "value": 6,
            "suit": "\u2663"
          },
          {
            "value": 4,
            "suit": "\u2666"
          },
          {
            "value": 5,
            "suit": "\u2666"
          },
          {
            "value": 10,
            "suit": "\u2665"
          },
          {
            "value": 9,
            "suit": "\u2665"
          },
          {
            "value": 6,
            "suit": "\u2665"
          },
          {
            "value": 10,
            "suit": "\u2666"
          },
          {
            "value": 7,
            "suit": "\u2663"
          },
          {
            "value": 3,
            "suit": "\u2663"
          },
          {
            "value": 3,
            "suit": "\u2660"
          },
          {
            "value": 2,
            "suit": "\u2660"
          },
          {
            "value": 8,
            "suit": "\u2665"
          },
          {
            "value": 10,
            "suit": "\u2660"
          },
          {
            "value": 5,
            "suit": "\u2665"
          },
          {
            "value": 2,
            "suit": "\u2663"
          },
          {
            "value": 2,
            "suit": "\u2665"
          },
          {
            "value": 3,
            "suit": "\u2665"
          },
          {
            "value": 2,
            "suit": "\u2666"
          },
          {
            "value": 7,
            "suit": "\u2665"
          },
          {
            "value": 13,
            "suit": "\u2660"
          },
          {
            "value": 12,
            "suit": "\u2660"
          },
          {
            "value": 9,
            "suit": "\u2663"
          },
          {
            "value": 12,
            "suit": "\u2663"
          },
          {
            "value": 6,
            "suit": "\u2660"
          },
          {
            "value": 7,
            "suit": "\u2660"
          }
        ],
        "room": [
          {
            "value": 8,
            "suit": "\u2660"
          },
          {
            "value": 5,
            "suit": "\u2663"
          }
        ],
        "discard": [
          {
            "value": 4,
            "suit": "\u2663"
          },
          {
            "value": 4,
            "suit": "\u2665"
          }
        ],
        "equipped_weapon": {
          "value": 3,
          "suit": "\u2666"
        },
        "weapon_monsters": [
          {
            "value": 14,
            "suit": "\u2660"
          },
          {
            "value": 11,
            "suit": "\u2660"
          }
        ],
        "used_potion": false,
        "health": 1,
        "number_avoided": 0,
        "last_room_avoided": false,
        "exit": false,
        "score": -178,
        "can_avoid": false,
        "can_use_potion": true,
        "game_over": false
      },
      "mcts_stats": [
        {
          "action": 0,
          "visits": 50000,
          "avg_value": 0.05963302752293536,
          "total_value": 2981.651376146768,
          "ucb1": 0.08108944713244133
        },
        {
          "action": 1,
          "visits": 50000,
          "avg_value": 0.05963302752293536,
          "total_value": 2981.651376146768,
          "ucb1": 0.08108944713244133
        }
      ],
      "selected_action": 1
    }
  ]
}