{
  "metadata": {
    "seed": 206,
    "num_simulations": 100000,
    "timestamp": "2025-12-21T04:03:32.728989",
    "final_score": -180,
    "num_turns": 5,
    "final_state": {
      "dungeon": [
        {
          "value": 3,
          "suit": "\u2665"
        },
        {
          "value": 3,
          "suit": "\u2666"
        },
        {
          "value": 9,
          "suit": "\u2660"
        },
        {
          "value": 13,
          "suit": "\u2660"
        },
        {
          "value": 7,
          "suit": "\u2660"
        },
        {
          "value": 4,
          "suit": "\u2665"
        },
        {
          "value": 6,
          "suit": "\u2663"
        },
        {
          "value": 10,
          "suit": "\u2666"
        },
        {
          "value": 5,
          "suit": "\u2665"
        },
        {
          "value": 9,
          "suit": "\u2663"
        },
        {
          "value": 8,
          "suit": "\u2660"
        },
        {
          "value": 2,
          "suit": "\u2666"
        },
        {
          "value": 10,
          "suit": "\u2663"
        },
        {
          "value": 4,
          "suit": "\u2663"
        },
        {
          "value": 6,
          "suit": "\u2666"
        },
        {
          "value": 6,
          "suit": "\u2660"
        },
        {
          "value": 3,
          "suit": "\u2660"
        },
        {
          "value": 9,
          "suit": "\u2665"
        },
        {
          "value": 7,
          "suit": "\u2663"
        },
        {
          "value": 6,
          "suit": "\u2665"
        },
        {
          "value": 5,
          "suit": "\u2666"
        },
        {
          "value": 10,
          "suit": "\u2660"
        },
        {
          "value": 4,
          "suit": "\u2660"
        },
        {
          "value": 9,
          "suit": "\u2666"
        },
        {
          "value": 5,
          "suit": "\u2663"
        },
        {
          "value": 4,
          "suit": "\u2666"
        },
        {
          "value": 8,
          "suit": "\u2666"
        },
        {
          "value": 11,
          "suit": "\u2660"
        },
        {
          "value": 10,
          "suit": "\u2665"
        },
        {
          "value": 7,
          "suit": "\u2666"
        },
        {
          "value": 3,
          "suit": "\u2663"
        },
        {
          "value": 7,
          "suit": "\u2665"
        },
        {
          "value": 2,
          "suit": "\u2665"
        },
        {
          "value": 2,
          "suit": "\u2663"
        },
        {
          "value": 8,
          "suit": "\u2663"
        },
        {
          "value": 14,
          "suit": "\u2660"
        },
        {
          "value": 13,
          "suit": "\u2663"
        }
      ],
      "room": [
        {
          "value": 11,
          "suit": "\u2663"
        },
        {
          "value": 12,
          "suit": "\u2660"
        },
        {
          "value": 2,
          "suit": "\u2660"
        }
      ],
      "discard": [
        {
          "value": 14,
          "suit": "\u2663"
        },
        {
          "value": 8,
          "suit": "\u2665"
        },
        {
          "value": 5,
          "suit": "\u2660"
        },
        {
          "value": 12,
          "suit": "\u2663"
        }
      ],
      "equipped_weapon": null,
      "weapon_monsters": [],
      "used_potion": false,
      "health": -3,
      "number_avoided": 1,
      "last_room_avoided": true,
      "exit": false,
      "score": -180,
      "can_avoid": false,
      "can_use_potion": true,
      "game_over": true
    }
  },
  "events": [
    {
      "turn": 0,
      "game_state": {
        "dungeon": [
          {
            "value": 8,
            "suit": "\u2663"
          },
          {
            "value": 14,
            "suit": "\u2660"
          },
          {
            "value": 13,
            "suit": "\u2663"
          },
          {
            "value": 12,
            "suit": "\u2663"
          },
          {
            "value": 11,
            "suit": "\u2663"
          },
          {
            "value": 12,
            "suit": "\u2660"
          },
          {
            "value": 2,
            "suit": "\u2660"
          },
          {
            "value": 3,
            "suit": "\u2665"
          },
          {
            "value": 3,
            "suit": "\u2666"
          },
          {
            "value": 9,
            "suit": "\u2660"
          },
          {
            "value": 13,
            "suit": "\u2660"
          },
          {
            "value": 7,
            "suit": "\u2660"
          },
          {
            "value": 4,
            "suit": "\u2665"
          },
          {
            "value": 6,
            "suit": "\u2663"
          },
          {
            "value": 10,
            "suit": "\u2666"
          },
          {
            "value": 5,
            "suit": "\u2665"
          },
          {
            "value": 9,
            "suit": "\u2663"
          },
          {
            "value": 8,
            "suit": "\u2660"
          },
          {
            "value": 2,
            "suit": "\u2666"
          },
          {
            "value": 10,
            "suit": "\u2663"
          },
          {
            "value": 4,
            "suit": "\u2663"
          },
          {
            "value": 6,
            "suit": "\u2666"
          },
          {
            "value": 6,
            "suit": "\u2660"
          },
          {
            "value": 3,
            "suit": "\u2660"
          },
          {
            "value": 9,
            "suit": "\u2665"
          },
          {
            "value": 7,
            "suit": "\u2663"
          },
          {
            "value": 6,
            "suit": "\u2665"
          },
          {
            "value": 5,
            "suit": "\u2666"
          },
          {
            "value": 10,
            "suit": "\u2660"
          },
          {
            "value": 4,
            "suit": "\u2660"
          },
          {
            "value": 9,
            "suit": "\u2666"
          },
          {
            "value": 5,
            "suit": "\u2663"
          },
          {
            "value": 4,
            "suit": "\u2666"
          },
          {
            "value": 8,
            "suit": "\u2666"
          },
          {
            "value": 11,
            "suit": "\u2660"
          },
          {
            "value": 10,
            "suit": "\u2665"
          },
          {
            "value": 7,
            "suit": "\u2666"
          },
          {
            "value": 3,
            "suit": "\u2663"
          },
          {
            "value": 7,
            "suit": "\u2665"
          },
          {
            "value": 2,
            "suit": "\u2665"
          }
        ],
        "room": [
          {
            "value": 8,
            "suit": "\u2665"
          },
          {
            "value": 14,
            "suit": "\u2663"
          },
          {
            "value": 5,
            "suit": "\u2660"
          },
          {
            "value": 2,
            "suit": "\u2663"
          }
        ],
        "discard": [],
        "equipped_weapon": null,
        "weapon_monsters": [],
        "used_potion": false,
        "health": 20,
        "number_avoided": 0,
        "last_room_avoided": false,
        "exit": false,
        "score": -188,
        "can_avoid": true,
        "can_use_potion": true,
        "game_over": false
      },
      "mcts_stats": [
        {
          "action": 0,
          "visits": 14510,
          "avg_value": 0.00035407406470703537,
          "total_value": 5.137614678899083,
          "ucb1": 0.04018391295924988
        },
        {
          "action": 1,
          "visits": 27204,
          "avg_value": 0.02786422396058972,
          "total_value": 758.0183486238827,
          "ucb1": 0.05695302846303109
        },
        {
          "action": 2,
          "visits": 22949,
          "avg_value": 0.02125354945409479,
          "total_value": 487.74770642202134,
          "ucb1": 0.05292444712033659
        },
        {
          "action": 3,
          "visits": 20927,
          "avg_value": 0.01742338921274202,
          "total_value": 364.6192660550522,
          "ucb1": 0.0505890587279776
        },
        {
          "action": 4,
          "visits": 14410,
          "avg_value": 0.0,
          "total_value": 0.0,
          "ucb1": 0.03996780203329464
        }
      ],
      "selected_action": 1
    },
    {
      "turn": 1,
      "game_state": {
        "dungeon": [
          {
            "value": 8,
            "suit": "\u2663"
          },
          {
            "value": 14,
            "suit": "\u2660"
          },
          {
            "value": 13,
            "suit": "\u2663"
          },
          {
            "value": 12,
            "suit": "\u2663"
          },
          {
            "value": 11,
            "suit": "\u2663"
          },
          {
            "value": 12,
            "suit": "\u2660"
          },
          {
            "value": 2,
            "suit": "\u2660"
          },
          {
            "value": 3,
            "suit": "\u2665"
          },
          {
            "value": 3,
            "suit": "\u2666"
          },
          {
            "value": 9,
            "suit": "\u2660"
          },
          {
            "value": 13,
            "suit": "\u2660"
          },
          {
            "value": 7,
            "suit": "\u2660"
          },
          {
            "value": 4,
            "suit": "\u2665"
          },
          {
            "value": 6,
            "suit": "\u2663"
          },
          {
            "value": 10,
            "suit": "\u2666"
          },
          {
            "value": 5,
            "suit": "\u2665"
          },
          {
            "value": 9,
            "suit": "\u2663"
          },
          {
            "value": 8,
            "suit": "\u2660"
          },
          {
            "value": 2,
            "suit": "\u2666"
          },
          {
            "value": 10,
            "suit": "\u2663"
          },
          {
            "value": 4,
            "suit": "\u2663"
          },
          {
            "value": 6,
            "suit": "\u2666"
          },
          {
            "value": 6,
            "suit": "\u2660"
          },
          {
            "value": 3,
            "suit": "\u2660"
          },
          {
            "value": 9,
            "suit": "\u2665"
          },
          {
            "value": 7,
            "suit": "\u2663"
          },
          {
            "value": 6,
            "suit": "\u2665"
          },
          {
            "value": 5,
            "suit": "\u2666"
          },
          {
            "value": 10,
            "suit": "\u2660"
          },
          {
            "value": 4,
            "suit": "\u2660"
          },
          {
            "value": 9,
            "suit": "\u2666"
          },
          {
            "value": 5,
            "suit": "\u2663"
          },
          {
            "value": 4,
            "suit": "\u2666"
          },
          {
            "value": 8,
            "suit": "\u2666"
          },
          {
            "value": 11,
            "suit": "\u2660"
          },
          {
            "value": 10,
            "suit": "\u2665"
          },
          {
            "value": 7,
            "suit": "\u2666"
          },
          {
            "value": 3,
            "suit": "\u2663"
          },
          {
            "value": 7,
            "suit": "\u2665"
          },
          {
            "value": 2,
            "suit": "\u2665"
          }
        ],
        "room": [
          {
            "value": 8,
            "suit": "\u2665"
          },
          {
            "value": 5,
            "suit": "\u2660"
          },
          {
            "value": 2,
            "suit": "\u2663"
          }
        ],
        "discard": [
          {
            "value": 14,
            "suit": "\u2663"
          }
        ],
        "equipped_weapon": null,
        "weapon_monsters": [],
        "used_potion": false,
        "health": 6,
        "number_avoided": 0,
        "last_room_avoided": false,
        "exit": false,
        "score": -188,
        "can_avoid": false,
        "can_use_potion": true,
        "game_over": false
      },
      "mcts_stats": [
        {
          "action": 0,
          "visits": 41728,
          "avg_value": 0.036697247706425754,
          "total_value": 1531.3027522937339,
          "ucb1": 0.06018429764126173
        },
        {
          "action": 1,
          "visits": 29136,
          "avg_value": 0.024864098262373045,
          "total_value": 724.440366972501,
          "ucb1": 0.05297192655067301
        },
        {
          "action": 2,
          "visits": 29136,
          "avg_value": 0.02486283874673238,
          "total_value": 724.4036697247946,
          "ucb1": 0.052970667035032344
        }
      ],
      "selected_action": 0
    },
    {
      "turn": 2,
      "game_state": {
        "dungeon": [
          {
            "value": 8,
            "suit": "\u2663"
          },
          {
            "value": 14,
            "suit": "\u2660"
          },
          {
            "value": 13,
            "suit": "\u2663"
          },
          {
            "value": 12,
            "suit": "\u2663"
          },
          {
            "value": 11,
            "suit": "\u2663"
          },
          {
            "value": 12,
            "suit": "\u2660"
          },
          {
            "value": 2,
            "suit": "\u2660"
          },
          {
            "value": 3,
            "suit": "\u2665"
          },
          {
            "value": 3,
            "suit": "\u2666"
          },
          {
            "value": 9,
            "suit": "\u2660"
          },
          {
            "value": 13,
            "suit": "\u2660"
          },
          {
            "value": 7,
            "suit": "\u2660"
          },
          {
            "value": 4,
            "suit": "\u2665"
          },
          {
            "value": 6,
            "suit": "\u2663"
          },
          {
            "value": 10,
            "suit": "\u2666"
          },
          {
            "value": 5,
            "suit": "\u2665"
          },
          {
            "value": 9,
            "suit": "\u2663"
          },
          {
            "value": 8,
            "suit": "\u2660"
          },
          {
            "value": 2,
            "suit": "\u2666"
          },
          {
            "value": 10,
            "suit": "\u2663"
          },
          {
            "value": 4,
            "suit": "\u2663"
          },
          {
            "value": 6,
            "suit": "\u2666"
          },
          {
            "value": 6,
            "suit": "\u2660"
          },
          {
            "value": 3,
            "suit": "\u2660"
          },
          {
            "value": 9,
            "suit": "\u2665"
          },
          {
            "value": 7,
            "suit": "\u2663"
          },
          {
            "value": 6,
            "suit": "\u2665"
          },
          {
            "value": 5,
            "suit": "\u2666"
          },
          {
            "value": 10,
            "suit": "\u2660"
          },
          {
            "value": 4,
            "suit": "\u2660"
          },
          {
            "value": 9,
            "suit": "\u2666"
          },
          {
            "value": 5,
            "suit": "\u2663"
          },
          {
            "value": 4,
            "suit": "\u2666"
          },
          {
            "value": 8,
            "suit": "\u2666"
          },
          {
            "value": 11,
            "suit": "\u2660"
          },
          {
            "value": 10,
            "suit": "\u2665"
          },
          {
            "value": 7,
            "suit": "\u2666"
          },
          {
            "value": 3,
            "suit": "\u2663"
          },
          {
            "value": 7,
            "suit": "\u2665"
          },
          {
            "value": 2,
            "suit": "\u2665"
          }
        ],
        "room": [
          {
            "value": 5,
            "suit": "\u2660"
          },
          {
            "value": 2,
            "suit": "\u2663"
          }
        ],
        "discard": [
          {
            "value": 14,
            "suit": "\u2663"
          },
          {
            "value": 8,
            "suit": "\u2665"
          }
        ],
        "equipped_weapon": null,
        "weapon_monsters": [],
        "used_potion": true,
        "health": 14,
        "number_avoided": 0,
        "last_room_avoided": false,
        "exit": false,
        "score": -180,
        "can_avoid": false,
        "can_use_potion": false,
        "game_over": false
      },
      "mcts_stats": [
        {
          "action": 0,
          "visits": 50000,
          "avg_value": 0.03669724770642613,
          "total_value": 1834.8623853213064,
          "ucb1": 0.05815366731593209
        },
        {
          "action": 1,
          "visits": 50000,
          "avg_value": 0.03669724770642613,
          "total_value": 1834.8623853213064,
          "ucb1": 0.05815366731593209
        }
      ],
      "selected_action": 0
    },
    {
      "turn": 3,
      "game_state": {
        "dungeon": [
          {
            "value": 12,
            "suit": "\u2663"
          },
          {
            "value": 11,
            "suit": "\u2663"
          },
          {
            "value": 12,
            "suit": "\u2660"
          },
          {
            "value": 2,
            "suit": "\u2660"
          },
          {
            "value": 3,
            "suit": "\u2665"
          },
          {
            "value": 3,
            "suit": "\u2666"
          },
          {
            "value": 9,
            "suit": "\u2660"
          },
          {
            "value": 13,
            "suit": "\u2660"
          },
          {
            "value": 7,
            "suit": "\u2660"
          },
          {
            "value": 4,
            "suit": "\u2665"
          },
          {
            "value": 6,
            "suit": "\u2663"
          },
          {
            "value": 10,
            "suit": "\u2666"
          },
          {
            "value": 5,
            "suit": "\u2665"
          },
          {
            "value": 9,
            "suit": "\u2663"
          },
          {
            "value": 8,
            "suit": "\u2660"
          },
          {
            "value": 2,
            "suit": "\u2666"
          },
          {
            "value": 10,
            "suit": "\u2663"
          },
          {
            "value": 4,
            "suit": "\u2663"
          },
          {
            "value": 6,
            "suit": "\u2666"
          },
          {
            "value": 6,
            "suit": "\u2660"
          },
          {
            "value": 3,
            "suit": "\u2660"
          },
          {
            "value": 9,
            "suit": "\u2665"
          },
          {
            "value": 7,
            "suit": "\u2663"
          },
          {
            "value": 6,
            "suit": "\u2665"
          },
          {
            "value": 5,
            "suit": "\u2666"
          },
          {
            "value": 10,
            "suit": "\u2660"
          },
          {
            "value": 4,
            "suit": "\u2660"
          },
          {
            "value": 9,
            "suit": "\u2666"
          },
          {
            "value": 5,
            "suit": "\u2663"
          },
          {
            "value": 4,
            "suit": "\u2666"
          },
          {
            "value": 8,
            "suit": "\u2666"
          },
          {
            "value": 11,
            "suit": "\u2660"
          },
          {
            "value": 10,
            "suit": "\u2665"
          },
          {
            "value": 7,
            "suit": "\u2666"
          },
          {
            "value": 3,
            "suit": "\u2663"
          },
          {
            "value": 7,
            "suit": "\u2665"
          },
          {
            "value": 2,
            "suit": "\u2665"
          }
        ],
        "room": [
          {
            "value": 2,
            "suit": "\u2663"
          },
          {
            "value": 8,
            "suit": "\u2663"
          },
          {
            "value": 14,
            "suit": "\u2660"
          },
          {
            "value": 13,
            "suit": "\u2663"
          }
        ],
        "discard": [
          {
            "value": 14,
            "suit": "\u2663"
          },
          {
            "value": 8,
            "suit": "\u2665"
          },
          {
            "value": 5,
            "suit": "\u2660"
          }
        ],
        "equipped_weapon": null,
        "weapon_monsters": [],
        "used_potion": false,
        "health": 9,
        "number_avoided": 0,
        "last_room_avoided": false,
        "exit": false,
        "score": -180,
        "can_avoid": true,
        "can_use_potion": true,
        "game_over": false
      },
      "mcts_stats": [
        {
          "action": 0,
          "visits": 20000,
          "avg_value": 0.03669724770642329,
          "total_value": 733.9449541284658,
          "ucb1": 0.07062282590559302
        },
        {
          "action": 1,
          "visits": 20000,
          "avg_value": 0.03669724770642329,
          "total_value": 733.9449541284658,
          "ucb1": 0.07062282590559302
        },
        {
          "action": 2,
          "visits": 20000,
          "avg_value": 0.03669724770642329,
          "total_value": 733.9449541284658,
          "ucb1": 0.07062282590559302
        },
        {
          "action": 3,
          "visits": 20000,
          "avg_value": 0.03669724770642329,
          "total_value": 733.9449541284658,
          "ucb1": 0.07062282590559302
        },
        {
          "action": 4,
          "visits": 20000,
          "avg_value": 0.03669724770642329,
          "total_value": 733.9449541284658,
          "ucb1": 0.07062282590559302
        }
      ],
      "selected_action": 4
    },
    {
      "turn": 4,
      "game_state": {
        "dungeon": [
          {
            "value": 3,
            "suit": "\u2665"
          },
          {
            "value": 3,
            "suit": "\u2666"
          },
          {
            "value": 9,
            "suit": "\u2660"
          },
          {
            "value": 13,
            "suit": "\u2660"
          },
          {
            "value": 7,
            "suit": "\u2660"
          },
          {
            "value": 4,
            "suit": "\u2665"
          },
          {
            "value": 6,
            "suit": "\u2663"
          },
          {
            "value": 10,
            "suit": "\u2666"
          },
          {
            "value": 5,
            "suit": "\u2665"
          },
          {
            "value": 9,
            "suit": "\u2663"
          },
          {
            "value": 8,
            "suit": "\u2660"
          },
          {
            "value": 2,
            "suit": "\u2666"
          },
          {
            "value": 10,
            "suit": "\u2663"
          },
          {
            "value": 4,
            "suit": "\u2663"
          },
          {
            "value": 6,
            "suit": "\u2666"
          },
          {
            "value": 6,
            "suit": "\u2660"
          },
          {
            "value": 3,
            "suit": "\u2660"
          },
          {
            "value": 9,
            "suit": "\u2665"
          },
          {
            "value": 7,
            "suit": "\u2663"
          },
          {
            "value": 6,
            "suit": "\u2665"
          },
          {
            "value": 5,
            "suit": "\u2666"
          },
          {
            "value": 10,
            "suit": "\u2660"
          },
          {
            "value": 4,
            "suit": "\u2660"
          },
          {
            "value": 9,
            "suit": "\u2666"
          },
          {
            "value": 5,
            "suit": "\u2663"
          },
          {
            "value": 4,
            "suit": "\u2666"
          },
          {
            "value": 8,
            "suit": "\u2666"
          },
          {
            "value": 11,
            "suit": "\u2660"
          },
          {
            "value": 10,
            "suit": "\u2665"
          },
          {
            "value": 7,
            "suit": "\u2666"
          },
          {
            "value": 3,
            "suit": "\u2663"
          },
          {
            "value": 7,
            "suit": "\u2665"
          },
          {
            "value": 2,
            "suit": "\u2665"
          },
          {
            "value": 2,
            "suit": "\u2663"
          },
          {
            "value": 8,
            "suit": "\u2663"
          },
          {
            "value": 14,
            "suit": "\u2660"
          },
          {
            "value": 13,
            "suit": "\u2663"
          }
        ],
        "room": [
          {
            "value": 12,
            "suit": "\u2663"
          },
          {
            "value": 11,
            "suit": "\u2663"
          },
          {
            "value": 12,
            "suit": "\u2660"
          },
          {
            "value": 2,
            "suit": "\u2660"
          }
        ],
        "discard": [
          {
            "value": 14,
            "suit": "\u2663"
          },
          {
            "value": 8,
            "suit": "\u2665"
          },
          {
            "value": 5,
            "suit": "\u2660"
          }
        ],
        "equipped_weapon": null,
        "weapon_monsters": [],
        "used_potion": false,
        "health": 9,
        "number_avoided": 1,
        "last_room_avoided": true,
        "exit": false,
        "score": -180,
        "can_avoid": false,
        "can_use_potion": true,
        "game_over": false
      },
      "mcts_stats": [
        {
          "action": 0,
          "visits": 25000,
          "avg_value": 0.03669724770642424,
          "total_value": 917.431192660606,
          "ucb1": 0.0670412073181556
        },
        {
          "action": 1,
          "visits": 25000,
          "avg_value": 0.03669724770642424,
          "total_value": 917.431192660606,
          "ucb1": 0.0670412073181556
        },
        {
          "action": 2,
          "visits": 25000,
          "avg_value": 0.03669724770642424,
          "total_value": 917.431192660606,
          "ucb1": 0.0670412073181556
        },
        {
          "action": 3,
          "visits": 25000,
          "avg_value": 0.03669724770642424,
          "total_value": 917.431192660606,
          "ucb1": 0.0670412073181556
        }
      ],
      "selected_action": 0
    }
  ]
}