{
  "metadata": {
    "seed": 2350,
    "num_simulations": 100000,
    "timestamp": "2025-12-23T15:00:49.085938",
    "final_score": -138,
    "num_turns": 16,
    "final_state": {
      "dungeon": [
        {
          "value": 4,
          "suit": "\u2660"
        },
        {
          "value": 9,
          "suit": "\u2666"
        },
        {
          "value": 2,
          "suit": "\u2660"
        },
        {
          "value": 3,
          "suit": "\u2663"
        },
        {
          "value": 10,
          "suit": "\u2666"
        },
        {
          "value": 2,
          "suit": "\u2665"
        },
        {
          "value": 5,
          "suit": "\u2666"
        },
        {
          "value": 7,
          "suit": "\u2660"
        },
        {
          "value": 12,
          "suit": "\u2663"
        },
        {
          "value": 7,
          "suit": "\u2665"
        },
        {
          "value": 7,
          "suit": "\u2666"
        },
        {
          "value": 5,
          "suit": "\u2665"
        },
        {
          "value": 5,
          "suit": "\u2663"
        },
        {
          "value": 4,
          "suit": "\u2663"
        },
        {
          "value": 2,
          "suit": "\u2666"
        },
        {
          "value": 14,
          "suit": "\u2660"
        },
        {
          "value": 10,
          "suit": "\u2663"
        },
        {
          "value": 8,
          "suit": "\u2666"
        },
        {
          "value": 9,
          "suit": "\u2660"
        },
        {
          "value": 3,
          "suit": "\u2660"
        },
        {
          "value": 8,
          "suit": "\u2660"
        },
        {
          "value": 12,
          "suit": "\u2660"
        },
        {
          "value": 11,
          "suit": "\u2660"
        },
        {
          "value": 5,
          "suit": "\u2660"
        },
        {
          "value": 13,
          "suit": "\u2660"
        }
      ],
      "room": [
        {
          "value": 11,
          "suit": "\u2663"
        },
        {
          "value": 2,
          "suit": "\u2663"
        },
        {
          "value": 6,
          "suit": "\u2665"
        },
        {
          "value": 4,
          "suit": "\u2666"
        }
      ],
      "discard": [
        {
          "value": 7,
          "suit": "\u2663"
        },
        {
          "value": 9,
          "suit": "\u2665"
        },
        {
          "value": 3,
          "suit": "\u2665"
        },
        {
          "value": 9,
          "suit": "\u2663"
        },
        {
          "value": 6,
          "suit": "\u2660"
        },
        {
          "value": 10,
          "suit": "\u2665"
        },
        {
          "value": 4,
          "suit": "\u2665"
        },
        {
          "value": 3,
          "suit": "\u2666"
        },
        {
          "value": 14,
          "suit": "\u2663"
        },
        {
          "value": 8,
          "suit": "\u2665"
        },
        {
          "value": 13,
          "suit": "\u2663"
        }
      ],
      "equipped_weapon": {
        "value": 6,
        "suit": "\u2666"
      },
      "weapon_monsters": [
        {
          "value": 10,
          "suit": "\u2660"
        },
        {
          "value": 8,
          "suit": "\u2663"
        },
        {
          "value": 6,
          "suit": "\u2663"
        }
      ],
      "used_potion": false,
      "health": -3,
      "number_avoided": 1,
      "last_room_avoided": false,
      "exit": false,
      "score": -138,
      "can_avoid": true,
      "can_use_potion": true,
      "game_over": true
    }
  },
  "events": [
    {
      "turn": 0,
      "game_state": {
        "dungeon": [
          {
            "value": 6,
            "suit": "\u2660"
          },
          {
            "value": 9,
            "suit": "\u2663"
          },
          {
            "value": 4,
            "suit": "\u2665"
          },
          {
            "value": 3,
            "suit": "\u2666"
          },
          {
            "value": 8,
            "suit": "\u2663"
          },
          {
            "value": 14,
            "suit": "\u2663"
          },
          {
            "value": 6,
            "suit": "\u2666"
          },
          {
            "value": 12,
            "suit": "\u2660"
          },
          {
            "value": 10,
            "suit": "\u2660"
          },
          {
            "value": 11,
            "suit": "\u2660"
          },
          {
            "value": 5,
            "suit": "\u2660"
          },
          {
            "value": 13,
            "suit": "\u2660"
          },
          {
            "value": 13,
            "suit": "\u2663"
          },
          {
            "value": 6,
            "suit": "\u2663"
          },
          {
            "value": 8,
            "suit": "\u2665"
          },
          {
            "value": 11,
            "suit": "\u2663"
          },
          {
            "value": 2,
            "suit": "\u2663"
          },
          {
            "value": 6,
            "suit": "\u2665"
          },
          {
            "value": 4,
            "suit": "\u2666"
          },
          {
            "value": 4,
            "suit": "\u2660"
          },
          {
            "value": 9,
            "suit": "\u2666"
          },
          {
            "value": 2,
            "suit": "\u2660"
          },
          {
            "value": 3,
            "suit": "\u2663"
          },
          {
            "value": 10,
            "suit": "\u2666"
          },
          {
            "value": 2,
            "suit": "\u2665"
          },
          {
            "value": 5,
            "suit": "\u2666"
          },
          {
            "value": 7,
            "suit": "\u2660"
          },
          {
            "value": 12,
            "suit": "\u2663"
          },
          {
            "value": 7,
            "suit": "\u2665"
          },
          {
            "value": 7,
            "suit": "\u2666"
          },
          {
            "value": 5,
            "suit": "\u2665"
          },
          {
            "value": 5,
            "suit": "\u2663"
          },
          {
            "value": 4,
            "suit": "\u2663"
          },
          {
            "value": 2,
            "suit": "\u2666"
          },
          {
            "value": 14,
            "suit": "\u2660"
          },
          {
            "value": 10,
            "suit": "\u2663"
          },
          {
            "value": 8,
            "suit": "\u2666"
          },
          {
            "value": 9,
            "suit": "\u2660"
          },
          {
            "value": 3,
            "suit": "\u2660"
          },
          {
            "value": 8,
            "suit": "\u2660"
          }
        ],
        "room": [
          {
            "value": 9,
            "suit": "\u2665"
          },
          {
            "value": 10,
            "suit": "\u2665"
          },
          {
            "value": 3,
            "suit": "\u2665"
          },
          {
            "value": 7,
            "suit": "\u2663"
          }
        ],
        "discard": [],
        "equipped_weapon": null,
        "weapon_monsters": [],
        "used_potion": false,
        "health": 20,
        "number_avoided": 0,
        "last_room_avoided": false,
        "exit": false,
        "score": -188,
        "can_avoid": true,
        "can_use_potion": true,
        "game_over": false
      },
      "mcts_stats": [
        {
          "action": 0,
          "visits": 15513,
          "avg_value": 0.02769177907608734,
          "total_value": 429.5825688073429,
          "ucb1": 0.06621249585657794
        },
        {
          "action": 1,
          "visits": 15319,
          "avg_value": 0.02707526960283797,
          "total_value": 414.76605504587485,
          "ucb1": 0.06583913241414076
        },
        {
          "action": 2,
          "visits": 16430,
          "avg_value": 0.030489650281707054,
          "total_value": 500.9449541284469,
          "ucb1": 0.06791996461513451
        },
        {
          "action": 3,
          "visits": 32571,
          "avg_value": 0.058261711394640356,
          "total_value": 1897.642201834831,
          "ucb1": 0.08484610201736373
        },
        {
          "action": 4,
          "visits": 20167,
          "avg_value": 0.039816158926177,
          "total_value": 802.9724770642116,
          "ucb1": 0.0736009787250181
        }
      ],
      "selected_action": 3
    },
    {
      "turn": 1,
      "game_state": {
        "dungeon": [
          {
            "value": 6,
            "suit": "\u2660"
          },
          {
            "value": 9,
            "suit": "\u2663"
          },
          {
            "value": 4,
            "suit": "\u2665"
          },
          {
            "value": 3,
            "suit": "\u2666"
          },
          {
            "value": 8,
            "suit": "\u2663"
          },
          {
            "value": 14,
            "suit": "\u2663"
          },
          {
            "value": 6,
            "suit": "\u2666"
          },
          {
            "value": 12,
            "suit": "\u2660"
          },
          {
            "value": 10,
            "suit": "\u2660"
          },
          {
            "value": 11,
            "suit": "\u2660"
          },
          {
            "value": 5,
            "suit": "\u2660"
          },
          {
            "value": 13,
            "suit": "\u2660"
          },
          {
            "value": 13,
            "suit": "\u2663"
          },
          {
            "value": 6,
            "suit": "\u2663"
          },
          {
            "value": 8,
            "suit": "\u2665"
          },
          {
            "value": 11,
            "suit": "\u2663"
          },
          {
            "value": 2,
            "suit": "\u2663"
          },
          {
            "value": 6,
            "suit": "\u2665"
          },
          {
            "value": 4,
            "suit": "\u2666"
          },
          {
            "value": 4,
            "suit": "\u2660"
          },
          {
            "value": 9,
            "suit": "\u2666"
          },
          {
            "value": 2,
            "suit": "\u2660"
          },
          {
            "value": 3,
            "suit": "\u2663"
          },
          {
            "value": 10,
            "suit": "\u2666"
          },
          {
            "value": 2,
            "suit": "\u2665"
          },
          {
            "value": 5,
            "suit": "\u2666"
          },
          {
            "value": 7,
            "suit": "\u2660"
          },
          {
            "value": 12,
            "suit": "\u2663"
          },
          {
            "value": 7,
            "suit": "\u2665"
          },
          {
            "value": 7,
            "suit": "\u2666"
          },
          {
            "value": 5,
            "suit": "\u2665"
          },
          {
            "value": 5,
            "suit": "\u2663"
          },
          {
            "value": 4,
            "suit": "\u2663"
          },
          {
            "value": 2,
            "suit": "\u2666"
          },
          {
            "value": 14,
            "suit": "\u2660"
          },
          {
            "value": 10,
            "suit": "\u2663"
          },
          {
            "value": 8,
            "suit": "\u2666"
          },
          {
            "value": 9,
            "suit": "\u2660"
          },
          {
            "value": 3,
            "suit": "\u2660"
          },
          {
            "value": 8,
            "suit": "\u2660"
          }
        ],
        "room": [
          {
            "value": 9,
            "suit": "\u2665"
          },
          {
            "value": 10,
            "suit": "\u2665"
          },
          {
            "value": 3,
            "suit": "\u2665"
          }
        ],
        "discard": [
          {
            "value": 7,
            "suit": "\u2663"
          }
        ],
        "equipped_weapon": null,
        "weapon_monsters": [],
        "used_potion": false,
        "health": 13,
        "number_avoided": 0,
        "last_room_avoided": false,
        "exit": false,
        "score": -188,
        "can_avoid": false,
        "can_use_potion": true,
        "game_over": false
      },
      "mcts_stats": [
        {
          "action": 0,
          "visits": 37350,
          "avg_value": 0.06487392997064623,
          "total_value": 2423.0412844036364,
          "ucb1": 0.08969936987567448
        },
        {
          "action": 1,
          "visits": 36099,
          "avg_value": 0.06378343856128527,
          "total_value": 2302.5183486238366,
          "ucb1": 0.08903537399803982
        },
        {
          "action": 2,
          "visits": 26551,
          "avg_value": 0.0530491949196602,
          "total_value": 1408.509174311898,
          "ucb1": 0.08249353428518003
        }
      ],
      "selected_action": 0
    },
    {
      "turn": 2,
      "game_state": {
        "dungeon": [
          {
            "value": 6,
            "suit": "\u2660"
          },
          {
            "value": 9,
            "suit": "\u2663"
          },
          {
            "value": 4,
            "suit": "\u2665"
          },
          {
            "value": 3,
            "suit": "\u2666"
          },
          {
            "value": 8,
            "suit": "\u2663"
          },
          {
            "value": 14,
            "suit": "\u2663"
          },
          {
            "value": 6,
            "suit": "\u2666"
          },
          {
            "value": 12,
            "suit": "\u2660"
          },
          {
            "value": 10,
            "suit": "\u2660"
          },
          {
            "value": 11,
            "suit": "\u2660"
          },
          {
            "value": 5,
            "suit": "\u2660"
          },
          {
            "value": 13,
            "suit": "\u2660"
          },
          {
            "value": 13,
            "suit": "\u2663"
          },
          {
            "value": 6,
            "suit": "\u2663"
          },
          {
            "value": 8,
            "suit": "\u2665"
          },
          {
            "value": 11,
            "suit": "\u2663"
          },
          {
            "value": 2,
            "suit": "\u2663"
          },
          {
            "value": 6,
            "suit": "\u2665"
          },
          {
            "value": 4,
            "suit": "\u2666"
          },
          {
            "value": 4,
            "suit": "\u2660"
          },
          {
            "value": 9,
            "suit": "\u2666"
          },
          {
            "value": 2,
            "suit": "\u2660"
          },
          {
            "value": 3,
            "suit": "\u2663"
          },
          {
            "value": 10,
            "suit": "\u2666"
          },
          {
            "value": 2,
            "suit": "\u2665"
          },
          {
            "value": 5,
            "suit": "\u2666"
          },
          {
            "value": 7,
            "suit": "\u2660"
          },
          {
            "value": 12,
            "suit": "\u2663"
          },
          {
            "value": 7,
            "suit": "\u2665"
          },
          {
            "value": 7,
            "suit": "\u2666"
          },
          {
            "value": 5,
            "suit": "\u2665"
          },
          {
            "value": 5,
            "suit": "\u2663"
          },
          {
            "value": 4,
            "suit": "\u2663"
          },
          {
            "value": 2,
            "suit": "\u2666"
          },
          {
            "value": 14,
            "suit": "\u2660"
          },
          {
            "value": 10,
            "suit": "\u2663"
          },
          {
            "value": 8,
            "suit": "\u2666"
          },
          {
            "value": 9,
            "suit": "\u2660"
          },
          {
            "value": 3,
            "suit": "\u2660"
          },
          {
            "value": 8,
            "suit": "\u2660"
          }
        ],
        "room": [
          {
            "value": 10,
            "suit": "\u2665"
          },
          {
            "value": 3,
            "suit": "\u2665"
          }
        ],
        "discard": [
          {
            "value": 7,
            "suit": "\u2663"
          },
          {
            "value": 9,
            "suit": "\u2665"
          }
        ],
        "equipped_weapon": null,
        "weapon_monsters": [],
        "used_potion": true,
        "health": 20,
        "number_avoided": 0,
        "last_room_avoided": false,
        "exit": false,
        "score": -181,
        "can_avoid": false,
        "can_use_potion": false,
        "game_over": false
      },
      "mcts_stats": [
        {
          "action": 0,
          "visits": 36890,
          "avg_value": 0.05821224020830534,
          "total_value": 2147.449541284384,
          "ucb1": 0.08319198104976244
        },
        {
          "action": 1,
          "visits": 63110,
          "avg_value": 0.07327907149159786,
          "total_value": 4624.642201834741,
          "ucb1": 0.09237730354288216
        }
      ],
      "selected_action": 1
    },
    {
      "turn": 3,
      "game_state": {
        "dungeon": [
          {
            "value": 3,
            "suit": "\u2666"
          },
          {
            "value": 8,
            "suit": "\u2663"
          },
          {
            "value": 14,
            "suit": "\u2663"
          },
          {
            "value": 6,
            "suit": "\u2666"
          },
          {
            "value": 12,
            "suit": "\u2660"
          },
          {
            "value": 10,
            "suit": "\u2660"
          },
          {
            "value": 11,
            "suit": "\u2660"
          },
          {
            "value": 5,
            "suit": "\u2660"
          },
          {
            "value": 13,
            "suit": "\u2660"
          },
          {
            "value": 13,
            "suit": "\u2663"
          },
          {
            "value": 6,
            "suit": "\u2663"
          },
          {
            "value": 8,
            "suit": "\u2665"
          },
          {
            "value": 11,
            "suit": "\u2663"
          },
          {
            "value": 2,
            "suit": "\u2663"
          },
          {
            "value": 6,
            "suit": "\u2665"
          },
          {
            "value": 4,
            "suit": "\u2666"
          },
          {
            "value": 4,
            "suit": "\u2660"
          },
          {
            "value": 9,
            "suit": "\u2666"
          },
          {
            "value": 2,
            "suit": "\u2660"
          },
          {
            "value": 3,
            "suit": "\u2663"
          },
          {
            "value": 10,
            "suit": "\u2666"
          },
          {
            "value": 2,
            "suit": "\u2665"
          },
          {
            "value": 5,
            "suit": "\u2666"
          },
          {
            "value": 7,
            "suit": "\u2660"
          },
          {
            "value": 12,
            "suit": "\u2663"
          },
          {
            "value": 7,
            "suit": "\u2665"
          },
          {
            "value": 7,
            "suit": "\u2666"
          },
          {
            "value": 5,
            "suit": "\u2665"
          },
          {
            "value": 5,
            "suit": "\u2663"
          },
          {
            "value": 4,
            "suit": "\u2663"
          },
          {
            "value": 2,
            "suit": "\u2666"
          },
          {
            "value": 14,
            "suit": "\u2660"
          },
          {
            "value": 10,
            "suit": "\u2663"
          },
          {
            "value": 8,
            "suit": "\u2666"
          },
          {
            "value": 9,
            "suit": "\u2660"
          },
          {
            "value": 3,
            "suit": "\u2660"
          },
          {
            "value": 8,
            "suit": "\u2660"
          }
        ],
        "room": [
          {
            "value": 10,
            "suit": "\u2665"
          },
          {
            "value": 6,
            "suit": "\u2660"
          },
          {
            "value": 9,
            "suit": "\u2663"
          },
          {
            "value": 4,
            "suit": "\u2665"
          }
        ],
        "discard": [
          {
            "value": 7,
            "suit": "\u2663"
          },
          {
            "value": 9,
            "suit": "\u2665"
          },
          {
            "value": 3,
            "suit": "\u2665"
          }
        ],
        "equipped_weapon": null,
        "weapon_monsters": [],
        "used_potion": false,
        "health": 20,
        "number_avoided": 0,
        "last_room_avoided": false,
        "exit": false,
        "score": -181,
        "can_avoid": true,
        "can_use_potion": true,
        "game_over": false
      },
      "mcts_stats": [
        {
          "action": 0,
          "visits": 11337,
          "avg_value": 0.04564618732363777,
          "total_value": 517.4908256880814,
          "ucb1": 0.09070639434257957
        },
        {
          "action": 1,
          "visits": 27215,
          "avg_value": 0.08657614274373175,
          "total_value": 2356.1697247706597,
          "ucb1": 0.11565906796656936
        },
        {
          "action": 2,
          "visits": 31619,
          "avg_value": 0.09195565550965075,
          "total_value": 2907.545871559647,
          "ucb1": 0.11893728601867498
        },
        {
          "action": 3,
          "visits": 12163,
          "avg_value": 0.04964635565676391,
          "total_value": 603.8486238532195,
          "ucb1": 0.0931496256482895
        },
        {
          "action": 4,
          "visits": 17666,
          "avg_value": 0.06860714148465365,
          "total_value": 1212.0137614678913,
          "ucb1": 0.10470431050031603
        }
      ],
      "selected_action": 2
    },
    {
      "turn": 4,
      "game_state": {
        "dungeon": [
          {
            "value": 3,
            "suit": "\u2666"
          },
          {
            "value": 8,
            "suit": "\u2663"
          },
          {
            "value": 14,
            "suit": "\u2663"
          },
          {
            "value": 6,
            "suit": "\u2666"
          },
          {
            "value": 12,
            "suit": "\u2660"
          },
          {
            "value": 10,
            "suit": "\u2660"
          },
          {
            "value": 11,
            "suit": "\u2660"
          },
          {
            "value": 5,
            "suit": "\u2660"
          },
          {
            "value": 13,
            "suit": "\u2660"
          },
          {
            "value": 13,
            "suit": "\u2663"
          },
          {
            "value": 6,
            "suit": "\u2663"
          },
          {
            "value": 8,
            "suit": "\u2665"
          },
          {
            "value": 11,
            "suit": "\u2663"
          },
          {
            "value": 2,
            "suit": "\u2663"
          },
          {
            "value": 6,
            "suit": "\u2665"
          },
          {
            "value": 4,
            "suit": "\u2666"
          },
          {
            "value": 4,
            "suit": "\u2660"
          },
          {
            "value": 9,
            "suit": "\u2666"
          },
          {
            "value": 2,
            "suit": "\u2660"
          },
          {
            "value": 3,
            "suit": "\u2663"
          },
          {
            "value": 10,
            "suit": "\u2666"
          },
          {
            "value": 2,
            "suit": "\u2665"
          },
          {
            "value": 5,
            "suit": "\u2666"
          },
          {
            "value": 7,
            "suit": "\u2660"
          },
          {
            "value": 12,
            "suit": "\u2663"
          },
          {
            "value": 7,
            "suit": "\u2665"
          },
          {
            "value": 7,
            "suit": "\u2666"
          },
          {
            "value": 5,
            "suit": "\u2665"
          },
          {
            "value": 5,
            "suit": "\u2663"
          },
          {
            "value": 4,
            "suit": "\u2663"
          },
          {
            "value": 2,
            "suit": "\u2666"
          },
          {
            "value": 14,
            "suit": "\u2660"
          },
          {
            "value": 10,
            "suit": "\u2663"
          },
          {
            "value": 8,
            "suit": "\u2666"
          },
          {
            "value": 9,
            "suit": "\u2660"
          },
          {
            "value": 3,
            "suit": "\u2660"
          },
          {
            "value": 8,
            "suit": "\u2660"
          }
        ],
        "room": [
          {
            "value": 10,
            "suit": "\u2665"
          },
          {
            "value": 6,
            "suit": "\u2660"
          },
          {
            "value": 4,
            "suit": "\u2665"
          }
        ],
        "discard": [
          {
            "value": 7,
            "suit": "\u2663"
          },
          {
            "value": 9,
            "suit": "\u2665"
          },
          {
            "value": 3,
            "suit": "\u2665"
          },
          {
            "value": 9,
            "suit": "\u2663"
          }
        ],
        "equipped_weapon": null,
        "weapon_monsters": [],
        "used_potion": false,
        "health": 11,
        "number_avoided": 0,
        "last_room_avoided": false,
        "exit": false,
        "score": -181,
        "can_avoid": false,
        "can_use_potion": true,
        "game_over": false
      },
      "mcts_stats": [
        {
          "action": 0,
          "visits": 36485,
          "avg_value": 0.0977454603060479,
          "total_value": 3566.243119266158,
          "ucb1": 0.12286346172777071
        },
        {
          "action": 1,
          "visits": 39936,
          "avg_value": 0.10058501859856459,
          "total_value": 4016.963302752275,
          "ucb1": 0.12459323926418737
        },
        {
          "action": 2,
          "visits": 23579,
          "avg_value": 0.08205618356561312,
          "total_value": 1934.8027522935915,
          "ucb1": 0.11330111419338451
        }
      ],
      "selected_action": 1
    },
    {
      "turn": 5,
      "game_state": {
        "dungeon": [
          {
            "value": 3,
            "suit": "\u2666"
          },
          {
            "value": 8,
            "suit": "\u2663"
          },
          {
            "value": 14,
            "suit": "\u2663"
          },
          {
            "value": 6,
            "suit": "\u2666"
          },
          {
            "value": 12,
            "suit": "\u2660"
          },
          {
            "value": 10,
            "suit": "\u2660"
          },
          {
            "value": 11,
            "suit": "\u2660"
          },
          {
            "value": 5,
            "suit": "\u2660"
          },
          {
            "value": 13,
            "suit": "\u2660"
          },
          {
            "value": 13,
            "suit": "\u2663"
          },
          {
            "value": 6,
            "suit": "\u2663"
          },
          {
            "value": 8,
            "suit": "\u2665"
          },
          {
            "value": 11,
            "suit": "\u2663"
          },
          {
            "value": 2,
            "suit": "\u2663"
          },
          {
            "value": 6,
            "suit": "\u2665"
          },
          {
            "value": 4,
            "suit": "\u2666"
          },
          {
            "value": 4,
            "suit": "\u2660"
          },
          {
            "value": 9,
            "suit": "\u2666"
          },
          {
            "value": 2,
            "suit": "\u2660"
          },
          {
            "value": 3,
            "suit": "\u2663"
          },
          {
            "value": 10,
            "suit": "\u2666"
          },
          {
            "value": 2,
            "suit": "\u2665"
          },
          {
            "value": 5,
            "suit": "\u2666"
          },
          {
            "value": 7,
            "suit": "\u2660"
          },
          {
            "value": 12,
            "suit": "\u2663"
          },
          {
            "value": 7,
            "suit": "\u2665"
          },
          {
            "value": 7,
            "suit": "\u2666"
          },
          {
            "value": 5,
            "suit": "\u2665"
          },
          {
            "value": 5,
            "suit": "\u2663"
          },
          {
            "value": 4,
            "suit": "\u2663"
          },
          {
            "value": 2,
            "suit": "\u2666"
          },
          {
            "value": 14,
            "suit": "\u2660"
          },
          {
            "value": 10,
            "suit": "\u2663"
          },
          {
            "value": 8,
            "suit": "\u2666"
          },
          {
            "value": 9,
            "suit": "\u2660"
          },
          {
            "value": 3,
            "suit": "\u2660"
          },
          {
            "value": 8,
            "suit": "\u2660"
          }
        ],
        "room": [
          {
            "value": 10,
            "suit": "\u2665"
          },
          {
            "value": 4,
            "suit": "\u2665"
          }
        ],
        "discard": [
          {
            "value": 7,
            "suit": "\u2663"
          },
          {
            "value": 9,
            "suit": "\u2665"
          },
          {
            "value": 3,
            "suit": "\u2665"
          },
          {
            "value": 9,
            "suit": "\u2663"
          },
          {
            "value": 6,
            "suit": "\u2660"
          }
        ],
        "equipped_weapon": null,
        "weapon_monsters": [],
        "used_potion": false,
        "health": 5,
        "number_avoided": 0,
        "last_room_avoided": false,
        "exit": false,
        "score": -181,
        "can_avoid": false,
        "can_use_potion": true,
        "game_over": false
      },
      "mcts_stats": [
        {
          "action": 0,
          "visits": 64164,
          "avg_value": 0.11073602105613747,
          "total_value": 7105.266055046005,
          "ucb1": 0.12967674353946046
        },
        {
          "action": 1,
          "visits": 35836,
          "avg_value": 0.09433417884327218,
          "total_value": 3380.5596330275016,
          "ucb1": 0.11967860672473954
        }
      ],
      "selected_action": 0
    },
    {
      "turn": 6,
      "game_state": {
        "dungeon": [
          {
            "value": 6,
            "suit": "\u2666"
          },
          {
            "value": 12,
            "suit": "\u2660"
          },
          {
            "value": 10,
            "suit": "\u2660"
          },
          {
            "value": 11,
            "suit": "\u2660"
          },
          {
            "value": 5,
            "suit": "\u2660"
          },
          {
            "value": 13,
            "suit": "\u2660"
          },
          {
            "value": 13,
            "suit": "\u2663"
          },
          {
            "value": 6,
            "suit": "\u2663"
          },
          {
            "value": 8,
            "suit": "\u2665"
          },
          {
            "value": 11,
            "suit": "\u2663"
          },
          {
            "value": 2,
            "suit": "\u2663"
          },
          {
            "value": 6,
            "suit": "\u2665"
          },
          {
            "value": 4,
            "suit": "\u2666"
          },
          {
            "value": 4,
            "suit": "\u2660"
          },
          {
            "value": 9,
            "suit": "\u2666"
          },
          {
            "value": 2,
            "suit": "\u2660"
          },
          {
            "value": 3,
            "suit": "\u2663"
          },
          {
            "value": 10,
            "suit": "\u2666"
          },
          {
            "value": 2,
            "suit": "\u2665"
          },
          {
            "value": 5,
            "suit": "\u2666"
          },
          {
            "value": 7,
            "suit": "\u2660"
          },
          {
            "value": 12,
            "suit": "\u2663"
          },
          {
            "value": 7,
            "suit": "\u2665"
          },
          {
            "value": 7,
            "suit": "\u2666"
          },
          {
            "value": 5,
            "suit": "\u2665"
          },
          {
            "value": 5,
            "suit": "\u2663"
          },
          {
            "value": 4,
            "suit": "\u2663"
          },
          {
            "value": 2,
            "suit": "\u2666"
          },
          {
            "value": 14,
            "suit": "\u2660"
          },
          {
            "value": 10,
            "suit": "\u2663"
          },
          {
            "value": 8,
            "suit": "\u2666"
          },
          {
            "value": 9,
            "suit": "\u2660"
          },
          {
            "value": 3,
            "suit": "\u2660"
          },
          {
            "value": 8,
            "suit": "\u2660"
          }
        ],
        "room": [
          {
            "value": 4,
            "suit": "\u2665"
          },
          {
            "value": 3,
            "suit": "\u2666"
          },
          {
            "value": 8,
            "suit": "\u2663"
          },
          {
            "value": 14,
            "suit": "\u2663"
          }
        ],
        "discard": [
          {
            "value": 7,
            "suit": "\u2663"
          },
          {
            "value": 9,
            "suit": "\u2665"
          },
          {
            "value": 3,
            "suit": "\u2665"
          },
          {
            "value": 9,
            "suit": "\u2663"
          },
          {
            "value": 6,
            "suit": "\u2660"
          },
          {
            "value": 10,
            "suit": "\u2665"
          }
        ],
        "equipped_weapon": null,
        "weapon_monsters": [],
        "used_potion": false,
        "health": 15,
        "number_avoided": 0,
        "last_room_avoided": false,
        "exit": false,
        "score": -171,
        "can_avoid": true,
        "can_use_potion": true,
        "game_over": false
      },
      "mcts_stats": [
        {
          "action": 0,
          "visits": 23330,
          "avg_value": 0.11824264541067962,
          "total_value": 2758.6009174311557,
          "ucb1": 0.149653871343008
        },
        {
          "action": 1,
          "visits": 26540,
          "avg_value": 0.12326452023257012,
          "total_value": 3271.440366972411,
          "ucb1": 0.15271496084488043
        },
        {
          "action": 2,
          "visits": 16369,
          "avg_value": 0.10264703755868701,
          "total_value": 1680.2293577981477,
          "ucb1": 0.14014703012427537
        },
        {
          "action": 3,
          "visits": 14883,
          "avg_value": 0.09796473656600946,
          "total_value": 1458.0091743119187,
          "ucb1": 0.13729229772419108
        },
        {
          "action": 4,
          "visits": 18878,
          "avg_value": 0.10928185908357982,
          "total_value": 2063.02293577982,
          "ucb1": 0.1442010574477401
        }
      ],
      "selected_action": 1
    },
    {
      "turn": 7,
      "game_state": {
        "dungeon": [
          {
            "value": 6,
            "suit": "\u2666"
          },
          {
            "value": 12,
            "suit": "\u2660"
          },
          {
            "value": 10,
            "suit": "\u2660"
          },
          {
            "value": 11,
            "suit": "\u2660"
          },
          {
            "value": 5,
            "suit": "\u2660"
          },
          {
            "value": 13,
            "suit": "\u2660"
          },
          {
            "value": 13,
            "suit": "\u2663"
          },
          {
            "value": 6,
            "suit": "\u2663"
          },
          {
            "value": 8,
            "suit": "\u2665"
          },
          {
            "value": 11,
            "suit": "\u2663"
          },
          {
            "value": 2,
            "suit": "\u2663"
          },
          {
            "value": 6,
            "suit": "\u2665"
          },
          {
            "value": 4,
            "suit": "\u2666"
          },
          {
            "value": 4,
            "suit": "\u2660"
          },
          {
            "value": 9,
            "suit": "\u2666"
          },
          {
            "value": 2,
            "suit": "\u2660"
          },
          {
            "value": 3,
            "suit": "\u2663"
          },
          {
            "value": 10,
            "suit": "\u2666"
          },
          {
            "value": 2,
            "suit": "\u2665"
          },
          {
            "value": 5,
            "suit": "\u2666"
          },
          {
            "value": 7,
            "suit": "\u2660"
          },
          {
            "value": 12,
            "suit": "\u2663"
          },
          {
            "value": 7,
            "suit": "\u2665"
          },
          {
            "value": 7,
            "suit": "\u2666"
          },
          {
            "value": 5,
            "suit": "\u2665"
          },
          {
            "value": 5,
            "suit": "\u2663"
          },
          {
            "value": 4,
            "suit": "\u2663"
          },
          {
            "value": 2,
            "suit": "\u2666"
          },
          {
            "value": 14,
            "suit": "\u2660"
          },
          {
            "value": 10,
            "suit": "\u2663"
          },
          {
            "value": 8,
            "suit": "\u2666"
          },
          {
            "value": 9,
            "suit": "\u2660"
          },
          {
            "value": 3,
            "suit": "\u2660"
          },
          {
            "value": 8,
            "suit": "\u2660"
          }
        ],
        "room": [
          {
            "value": 4,
            "suit": "\u2665"
          },
          {
            "value": 8,
            "suit": "\u2663"
          },
          {
            "value": 14,
            "suit": "\u2663"
          }
        ],
        "discard": [
          {
            "value": 7,
            "suit": "\u2663"
          },
          {
            "value": 9,
            "suit": "\u2665"
          },
          {
            "value": 3,
            "suit": "\u2665"
          },
          {
            "value": 9,
            "suit": "\u2663"
          },
          {
            "value": 6,
            "suit": "\u2660"
          },
          {
            "value": 10,
            "suit": "\u2665"
          }
        ],
        "equipped_weapon": {
          "value": 3,
          "suit": "\u2666"
        },
        "weapon_monsters": [],
        "used_potion": false,
        "health": 15,
        "number_avoided": 0,
        "last_room_avoided": false,
        "exit": false,
        "score": -171,
        "can_avoid": false,
        "can_use_potion": true,
        "game_over": false
      },
      "mcts_stats": [
        {
          "action": 0,
          "visits": 41365,
          "avg_value": 0.1330408302902007,
          "total_value": 5503.233944954152,
          "ucb1": 0.15663071083229588
        },
        {
          "action": 1,
          "visits": 25270,
          "avg_value": 0.11616450590502726,
          "total_value": 2935.4770642200388,
          "ucb1": 0.14634592354624126
        },
        {
          "action": 2,
          "visits": 33365,
          "avg_value": 0.12618480333591528,
          "total_value": 4210.155963302814,
          "ucb1": 0.15245096974378514
        }
      ],
      "selected_action": 0
    },
    {
      "turn": 8,
      "game_state": {
        "dungeon": [
          {
            "value": 6,
            "suit": "\u2666"
          },
          {
            "value": 12,
            "suit": "\u2660"
          },
          {
            "value": 10,
            "suit": "\u2660"
          },
          {
            "value": 11,
            "suit": "\u2660"
          },
          {
            "value": 5,
            "suit": "\u2660"
          },
          {
            "value": 13,
            "suit": "\u2660"
          },
          {
            "value": 13,
            "suit": "\u2663"
          },
          {
            "value": 6,
            "suit": "\u2663"
          },
          {
            "value": 8,
            "suit": "\u2665"
          },
          {
            "value": 11,
            "suit": "\u2663"
          },
          {
            "value": 2,
            "suit": "\u2663"
          },
          {
            "value": 6,
            "suit": "\u2665"
          },
          {
            "value": 4,
            "suit": "\u2666"
          },
          {
            "value": 4,
            "suit": "\u2660"
          },
          {
            "value": 9,
            "suit": "\u2666"
          },
          {
            "value": 2,
            "suit": "\u2660"
          },
          {
            "value": 3,
            "suit": "\u2663"
          },
          {
            "value": 10,
            "suit": "\u2666"
          },
          {
            "value": 2,
            "suit": "\u2665"
          },
          {
            "value": 5,
            "suit": "\u2666"
          },
          {
            "value": 7,
            "suit": "\u2660"
          },
          {
            "value": 12,
            "suit": "\u2663"
          },
          {
            "value": 7,
            "suit": "\u2665"
          },
          {
            "value": 7,
            "suit": "\u2666"
          },
          {
            "value": 5,
            "suit": "\u2665"
          },
          {
            "value": 5,
            "suit": "\u2663"
          },
          {
            "value": 4,
            "suit": "\u2663"
          },
          {
            "value": 2,
            "suit": "\u2666"
          },
          {
            "value": 14,
            "suit": "\u2660"
          },
          {
            "value": 10,
            "suit": "\u2663"
          },
          {
            "value": 8,
            "suit": "\u2666"
          },
          {
            "value": 9,
            "suit": "\u2660"
          },
          {
            "value": 3,
            "suit": "\u2660"
          },
          {
            "value": 8,
            "suit": "\u2660"
          }
        ],
        "room": [
          {
            "value": 8,
            "suit": "\u2663"
          },
          {
            "value": 14,
            "suit": "\u2663"
          }
        ],
        "discard": [
          {
            "value": 7,
            "suit": "\u2663"
          },
          {
            "value": 9,
            "suit": "\u2665"
          },
          {
            "value": 3,
            "suit": "\u2665"
          },
          {
            "value": 9,
            "suit": "\u2663"
          },
          {
            "value": 6,
            "suit": "\u2660"
          },
          {
            "value": 10,
            "suit": "\u2665"
          },
          {
            "value": 4,
            "suit": "\u2665"
          }
        ],
        "equipped_weapon": {
          "value": 3,
          "suit": "\u2666"
        },
        "weapon_monsters": [],
        "used_potion": true,
        "health": 19,
        "number_avoided": 0,
        "last_room_avoided": false,
        "exit": false,
        "score": -167,
        "can_avoid": false,
        "can_use_potion": false,
        "game_over": false
      },
      "mcts_stats": [
        {
          "action": 0,
          "visits": 43705,
          "avg_value": 0.13129142530875515,
          "total_value": 5738.091743119144,
          "ucb1": 0.15424110844680344
        },
        {
          "action": 1,
          "visits": 56295,
          "avg_value": 0.13827576063512476,
          "total_value": 7784.233944954349,
          "ucb1": 0.15849698017218167
        }
      ],
      "selected_action": 1
    },
    {
      "turn": 9,
      "game_state": {
        "dungeon": [
          {
            "value": 11,
            "suit": "\u2660"
          },
          {
            "value": 5,
            "suit": "\u2660"
          },
          {
            "value": 13,
            "suit": "\u2660"
          },
          {
            "value": 13,
            "suit": "\u2663"
          },
          {
            "value": 6,
            "suit": "\u2663"
          },
          {
            "value": 8,
            "suit": "\u2665"
          },
          {
            "value": 11,
            "suit": "\u2663"
          },
          {
            "value": 2,
            "suit": "\u2663"
          },
          {
            "value": 6,
            "suit": "\u2665"
          },
          {
            "value": 4,
            "suit": "\u2666"
          },
          {
            "value": 4,
            "suit": "\u2660"
          },
          {
            "value": 9,
            "suit": "\u2666"
          },
          {
            "value": 2,
            "suit": "\u2660"
          },
          {
            "value": 3,
            "suit": "\u2663"
          },
          {
            "value": 10,
            "suit": "\u2666"
          },
          {
            "value": 2,
            "suit": "\u2665"
          },
          {
            "value": 5,
            "suit": "\u2666"
          },
          {
            "value": 7,
            "suit": "\u2660"
          },
          {
            "value": 12,
            "suit": "\u2663"
          },
          {
            "value": 7,
            "suit": "\u2665"
          },
          {
            "value": 7,
            "suit": "\u2666"
          },
          {
            "value": 5,
            "suit": "\u2665"
          },
          {
            "value": 5,
            "suit": "\u2663"
          },
          {
            "value": 4,
            "suit": "\u2663"
          },
          {
            "value": 2,
            "suit": "\u2666"
          },
          {
            "value": 14,
            "suit": "\u2660"
          },
          {
            "value": 10,
            "suit": "\u2663"
          },
          {
            "value": 8,
            "suit": "\u2666"
          },
          {
            "value": 9,
            "suit": "\u2660"
          },
          {
            "value": 3,
            "suit": "\u2660"
          },
          {
            "value": 8,
            "suit": "\u2660"
          }
        ],
        "room": [
          {
            "value": 8,
            "suit": "\u2663"
          },
          {
            "value": 6,
            "suit": "\u2666"
          },
          {
            "value": 12,
            "suit": "\u2660"
          },
          {
            "value": 10,
            "suit": "\u2660"
          }
        ],
        "discard": [
          {
            "value": 7,
            "suit": "\u2663"
          },
          {
            "value": 9,
            "suit": "\u2665"
          },
          {
            "value": 3,
            "suit": "\u2665"
          },
          {
            "value": 9,
            "suit": "\u2663"
          },
          {
            "value": 6,
            "suit": "\u2660"
          },
          {
            "value": 10,
            "suit": "\u2665"
          },
          {
            "value": 4,
            "suit": "\u2665"
          }
        ],
        "equipped_weapon": {
          "value": 3,
          "suit": "\u2666"
        },
        "weapon_monsters": [
          {
            "value": 14,
            "suit": "\u2663"
          }
        ],
        "used_potion": false,
        "health": 8,
        "number_avoided": 0,
        "last_room_avoided": false,
        "exit": false,
        "score": -164,
        "can_avoid": true,
        "can_use_potion": true,
        "game_over": false
      },
      "mcts_stats": [
        {
          "action": 0,
          "visits": 18588,
          "avg_value": 0.1355905852251558,
          "total_value": 2520.357798165196,
          "ucb1": 0.17078112465193052
        },
        {
          "action": 1,
          "visits": 32021,
          "avg_value": 0.15704874295509197,
          "total_value": 5028.857798165,
          "ucb1": 0.18386047131149005
        },
        {
          "action": 2,
          "visits": 14552,
          "avg_value": 0.12385321100917025,
          "total_value": 1802.3119266054455,
          "ucb1": 0.1636255299055559
        },
        {
          "action": 3,
          "visits": 20288,
          "avg_value": 0.13944271300610792,
          "total_value": 2829.0137614679174,
          "ucb1": 0.1731266338323404
        },
        {
          "action": 4,
          "visits": 14551,
          "avg_value": 0.12385321100917025,
          "total_value": 1802.1880733944363,
          "ucb1": 0.16362689653450216
        }
      ],
      "selected_action": 1
    },
    {
      "turn": 10,
      "game_state": {
        "dungeon": [
          {
            "value": 11,
            "suit": "\u2660"
          },
          {
            "value": 5,
            "suit": "\u2660"
          },
          {
            "value": 13,
            "suit": "\u2660"
          },
          {
            "value": 13,
            "suit": "\u2663"
          },
          {
            "value": 6,
            "suit": "\u2663"
          },
          {
            "value": 8,
            "suit": "\u2665"
          },
          {
            "value": 11,
            "suit": "\u2663"
          },
          {
            "value": 2,
            "suit": "\u2663"
          },
          {
            "value": 6,
            "suit": "\u2665"
          },
          {
            "value": 4,
            "suit": "\u2666"
          },
          {
            "value": 4,
            "suit": "\u2660"
          },
          {
            "value": 9,
            "suit": "\u2666"
          },
          {
            "value": 2,
            "suit": "\u2660"
          },
          {
            "value": 3,
            "suit": "\u2663"
          },
          {
            "value": 10,
            "suit": "\u2666"
          },
          {
            "value": 2,
            "suit": "\u2665"
          },
          {
            "value": 5,
            "suit": "\u2666"
          },
          {
            "value": 7,
            "suit": "\u2660"
          },
          {
            "value": 12,
            "suit": "\u2663"
          },
          {
            "value": 7,
            "suit": "\u2665"
          },
          {
            "value": 7,
            "suit": "\u2666"
          },
          {
            "value": 5,
            "suit": "\u2665"
          },
          {
            "value": 5,
            "suit": "\u2663"
          },
          {
            "value": 4,
            "suit": "\u2663"
          },
          {
            "value": 2,
            "suit": "\u2666"
          },
          {
            "value": 14,
            "suit": "\u2660"
          },
          {
            "value": 10,
            "suit": "\u2663"
          },
          {
            "value": 8,
            "suit": "\u2666"
          },
          {
            "value": 9,
            "suit": "\u2660"
          },
          {
            "value": 3,
            "suit": "\u2660"
          },
          {
            "value": 8,
            "suit": "\u2660"
          }
        ],
        "room": [
          {
            "value": 8,
            "suit": "\u2663"
          },
          {
            "value": 12,
            "suit": "\u2660"
          },
          {
            "value": 10,
            "suit": "\u2660"
          }
        ],
        "discard": [
          {
            "value": 7,
            "suit": "\u2663"
          },
          {
            "value": 9,
            "suit": "\u2665"
          },
          {
            "value": 3,
            "suit": "\u2665"
          },
          {
            "value": 9,
            "suit": "\u2663"
          },
          {
            "value": 6,
            "suit": "\u2660"
          },
          {
            "value": 10,
            "suit": "\u2665"
          },
          {
            "value": 4,
            "suit": "\u2665"
          },
          {
            "value": 3,
            "suit": "\u2666"
          },
          {
            "value": 14,
            "suit": "\u2663"
          }
        ],
        "equipped_weapon": {
          "value": 6,
          "suit": "\u2666"
        },
        "weapon_monsters": [],
        "used_potion": false,
        "health": 8,
        "number_avoided": 0,
        "last_room_avoided": false,
        "exit": false,
        "score": -164,
        "can_avoid": false,
        "can_use_potion": true,
        "game_over": false
      },
      "mcts_stats": [
        {
          "action": 0,
          "visits": 19124,
          "avg_value": 0.137614678899075,
          "total_value": 2631.7431192659105,
          "ucb1": 0.17230856021406452
        },
        {
          "action": 1,
          "visits": 40143,
          "avg_value": 0.16513761467889007,
          "total_value": 6629.119266054684,
          "ucb1": 0.18908385536173702
        },
        {
          "action": 2,
          "visits": 40733,
          "avg_value": 0.16558593588995132,
          "total_value": 6744.811926605387,
          "ucb1": 0.18935811848189027
        }
      ],
      "selected_action": 2
    },
    {
      "turn": 11,
      "game_state": {
        "dungeon": [
          {
            "value": 11,
            "suit": "\u2660"
          },
          {
            "value": 5,
            "suit": "\u2660"
          },
          {
            "value": 13,
            "suit": "\u2660"
          },
          {
            "value": 13,
            "suit": "\u2663"
          },
          {
            "value": 6,
            "suit": "\u2663"
          },
          {
            "value": 8,
            "suit": "\u2665"
          },
          {
            "value": 11,
            "suit": "\u2663"
          },
          {
            "value": 2,
            "suit": "\u2663"
          },
          {
            "value": 6,
            "suit": "\u2665"
          },
          {
            "value": 4,
            "suit": "\u2666"
          },
          {
            "value": 4,
            "suit": "\u2660"
          },
          {
            "value": 9,
            "suit": "\u2666"
          },
          {
            "value": 2,
            "suit": "\u2660"
          },
          {
            "value": 3,
            "suit": "\u2663"
          },
          {
            "value": 10,
            "suit": "\u2666"
          },
          {
            "value": 2,
            "suit": "\u2665"
          },
          {
            "value": 5,
            "suit": "\u2666"
          },
          {
            "value": 7,
            "suit": "\u2660"
          },
          {
            "value": 12,
            "suit": "\u2663"
          },
          {
            "value": 7,
            "suit": "\u2665"
          },
          {
            "value": 7,
            "suit": "\u2666"
          },
          {
            "value": 5,
            "suit": "\u2665"
          },
          {
            "value": 5,
            "suit": "\u2663"
          },
          {
            "value": 4,
            "suit": "\u2663"
          },
          {
            "value": 2,
            "suit": "\u2666"
          },
          {
            "value": 14,
            "suit": "\u2660"
          },
          {
            "value": 10,
            "suit": "\u2663"
          },
          {
            "value": 8,
            "suit": "\u2666"
          },
          {
            "value": 9,
            "suit": "\u2660"
          },
          {
            "value": 3,
            "suit": "\u2660"
          },
          {
            "value": 8,
            "suit": "\u2660"
          }
        ],
        "room": [
          {
            "value": 8,
            "suit": "\u2663"
          },
          {
            "value": 12,
            "suit": "\u2660"
          }
        ],
        "discard": [
          {
            "value": 7,
            "suit": "\u2663"
          },
          {
            "value": 9,
            "suit": "\u2665"
          },
          {
            "value": 3,
            "suit": "\u2665"
          },
          {
            "value": 9,
            "suit": "\u2663"
          },
          {
            "value": 6,
            "suit": "\u2660"
          },
          {
            "value": 10,
            "suit": "\u2665"
          },
          {
            "value": 4,
            "suit": "\u2665"
          },
          {
            "value": 3,
            "suit": "\u2666"
          },
          {
            "value": 14,
            "suit": "\u2663"
          }
        ],
        "equipped_weapon": {
          "value": 6,
          "suit": "\u2666"
        },
        "weapon_monsters": [
          {
            "value": 10,
            "suit": "\u2660"
          }
        ],
        "used_potion": false,
        "health": 4,
        "number_avoided": 0,
        "last_room_avoided": false,
        "exit": false,
        "score": -158,
        "can_avoid": false,
        "can_use_potion": true,
        "game_over": false
      },
      "mcts_stats": [
        {
          "action": 0,
          "visits": 79217,
          "avg_value": 0.17918658688428515,
          "total_value": 14194.623853212417,
          "ucb1": 0.19623300200342672
        },
        {
          "action": 1,
          "visits": 20783,
          "avg_value": 0.13761467889907458,
          "total_value": 2860.045871559467,
          "ucb1": 0.17089504822376073
        }
      ],
      "selected_action": 0
    },
    {
      "turn": 12,
      "game_state": {
        "dungeon": [
          {
            "value": 13,
            "suit": "\u2663"
          },
          {
            "value": 6,
            "suit": "\u2663"
          },
          {
            "value": 8,
            "suit": "\u2665"
          },
          {
            "value": 11,
            "suit": "\u2663"
          },
          {
            "value": 2,
            "suit": "\u2663"
          },
          {
            "value": 6,
            "suit": "\u2665"
          },
          {
            "value": 4,
            "suit": "\u2666"
          },
          {
            "value": 4,
            "suit": "\u2660"
          },
          {
            "value": 9,
            "suit": "\u2666"
          },
          {
            "value": 2,
            "suit": "\u2660"
          },
          {
            "value": 3,
            "suit": "\u2663"
          },
          {
            "value": 10,
            "suit": "\u2666"
          },
          {
            "value": 2,
            "suit": "\u2665"
          },
          {
            "value": 5,
            "suit": "\u2666"
          },
          {
            "value": 7,
            "suit": "\u2660"
          },
          {
            "value": 12,
            "suit": "\u2663"
          },
          {
            "value": 7,
            "suit": "\u2665"
          },
          {
            "value": 7,
            "suit": "\u2666"
          },
          {
            "value": 5,
            "suit": "\u2665"
          },
          {
            "value": 5,
            "suit": "\u2663"
          },
          {
            "value": 4,
            "suit": "\u2663"
          },
          {
            "value": 2,
            "suit": "\u2666"
          },
          {
            "value": 14,
            "suit": "\u2660"
          },
          {
            "value": 10,
            "suit": "\u2663"
          },
          {
            "value": 8,
            "suit": "\u2666"
          },
          {
            "value": 9,
            "suit": "\u2660"
          },
          {
            "value": 3,
            "suit": "\u2660"
          },
          {
            "value": 8,
            "suit": "\u2660"
          }
        ],
        "room": [
          {
            "value": 12,
            "suit": "\u2660"
          },
          {
            "value": 11,
            "suit": "\u2660"
          },
          {
            "value": 5,
            "suit": "\u2660"
          },
          {
            "value": 13,
            "suit": "\u2660"
          }
        ],
        "discard": [
          {
            "value": 7,
            "suit": "\u2663"
          },
          {
            "value": 9,
            "suit": "\u2665"
          },
          {
            "value": 3,
            "suit": "\u2665"
          },
          {
            "value": 9,
            "suit": "\u2663"
          },
          {
            "value": 6,
            "suit": "\u2660"
          },
          {
            "value": 10,
            "suit": "\u2665"
          },
          {
            "value": 4,
            "suit": "\u2665"
          },
          {
            "value": 3,
            "suit": "\u2666"
          },
          {
            "value": 14,
            "suit": "\u2663"
          }
        ],
        "equipped_weapon": {
          "value": 6,
          "suit": "\u2666"
        },
        "weapon_monsters": [
          {
            "value": 10,
            "suit": "\u2660"
          },
          {
            "value": 8,
            "suit": "\u2663"
          }
        ],
        "used_potion": false,
        "health": 2,
        "number_avoided": 0,
        "last_room_avoided": false,
        "exit": false,
        "score": -152,
        "can_avoid": true,
        "can_use_potion": true,
        "game_over": false
      },
      "mcts_stats": [
        {
          "action": 0,
          "visits": 14889,
          "avg_value": 0.16513761467890126,
          "total_value": 2458.733944954161,
          "ucb1": 0.20445725088765063
        },
        {
          "action": 1,
          "visits": 14890,
          "avg_value": 0.16513761467890126,
          "total_value": 2458.8990825688397,
          "ucb1": 0.20445593052847
        },
        {
          "action": 2,
          "visits": 24976,
          "avg_value": 0.18807339449540686,
          "total_value": 4697.321100917282,
          "ucb1": 0.21843192970302086
        },
        {
          "action": 3,
          "visits": 14890,
          "avg_value": 0.16513761467890126,
          "total_value": 2458.8990825688397,
          "ucb1": 0.20445593052847
        },
        {
          "action": 4,
          "visits": 30355,
          "avg_value": 0.19529754178006575,
          "total_value": 5928.256880733896,
          "ucb1": 0.22283520836555912
        }
      ],
      "selected_action": 4
    },
    {
      "turn": 13,
      "game_state": {
        "dungeon": [
          {
            "value": 2,
            "suit": "\u2663"
          },
          {
            "value": 6,
            "suit": "\u2665"
          },
          {
            "value": 4,
            "suit": "\u2666"
          },
          {
            "value": 4,
            "suit": "\u2660"
          },
          {
            "value": 9,
            "suit": "\u2666"
          },
          {
            "value": 2,
            "suit": "\u2660"
          },
          {
            "value": 3,
            "suit": "\u2663"
          },
          {
            "value": 10,
            "suit": "\u2666"
          },
          {
            "value": 2,
            "suit": "\u2665"
          },
          {
            "value": 5,
            "suit": "\u2666"
          },
          {
            "value": 7,
            "suit": "\u2660"
          },
          {
            "value": 12,
            "suit": "\u2663"
          },
          {
            "value": 7,
            "suit": "\u2665"
          },
          {
            "value": 7,
            "suit": "\u2666"
          },
          {
            "value": 5,
            "suit": "\u2665"
          },
          {
            "value": 5,
            "suit": "\u2663"
          },
          {
            "value": 4,
            "suit": "\u2663"
          },
          {
            "value": 2,
            "suit": "\u2666"
          },
          {
            "value": 14,
            "suit": "\u2660"
          },
          {
            "value": 10,
            "suit": "\u2663"
          },
          {
            "value": 8,
            "suit": "\u2666"
          },
          {
            "value": 9,
            "suit": "\u2660"
          },
          {
            "value": 3,
            "suit": "\u2660"
          },
          {
            "value": 8,
            "suit": "\u2660"
          },
          {
            "value": 12,
            "suit": "\u2660"
          },
          {
            "value": 11,
            "suit": "\u2660"
          },
          {
            "value": 5,
            "suit": "\u2660"
          },
          {
            "value": 13,
            "suit": "\u2660"
          }
        ],
        "room": [
          {
            "value": 13,
            "suit": "\u2663"
          },
          {
            "value": 6,
            "suit": "\u2663"
          },
          {
            "value": 8,
            "suit": "\u2665"
          },
          {
            "value": 11,
            "suit": "\u2663"
          }
        ],
        "discard": [
          {
            "value": 7,
            "suit": "\u2663"
          },
          {
            "value": 9,
            "suit": "\u2665"
          },
          {
            "value": 3,
            "suit": "\u2665"
          },
          {
            "value": 9,
            "suit": "\u2663"
          },
          {
            "value": 6,
            "suit": "\u2660"
          },
          {
            "value": 10,
            "suit": "\u2665"
          },
          {
            "value": 4,
            "suit": "\u2665"
          },
          {
            "value": 3,
            "suit": "\u2666"
          },
          {
            "value": 14,
            "suit": "\u2663"
          }
        ],
        "equipped_weapon": {
          "value": 6,
          "suit": "\u2666"
        },
        "weapon_monsters": [
          {
            "value": 10,
            "suit": "\u2660"
          },
          {
            "value": 8,
            "suit": "\u2663"
          }
        ],
        "used_potion": false,
        "health": 2,
        "number_avoided": 1,
        "last_room_avoided": true,
        "exit": false,
        "score": -152,
        "can_avoid": false,
        "can_use_potion": true,
        "game_over": false
      },
      "mcts_stats": [
        {
          "action": 0,
          "visits": 12240,
          "avg_value": 0.16513761467890473,
          "total_value": 2021.2844036697938,
          "ucb1": 0.20850383252084942
        },
        {
          "action": 1,
          "visits": 35657,
          "avg_value": 0.2111290730515206,
          "total_value": 7528.22935779807,
          "ucb1": 0.236537036469894
        },
        {
          "action": 2,
          "visits": 39863,
          "avg_value": 0.21466113180763371,
          "total_value": 8557.036697247702,
          "ucb1": 0.2386913252107638
        },
        {
          "action": 3,
          "visits": 12240,
          "avg_value": 0.16513761467890473,
          "total_value": 2021.2844036697938,
          "ucb1": 0.20850383252084942
        }
      ],
      "selected_action": 2
    },
    {
      "turn": 14,
      "game_state": {
        "dungeon": [
          {
            "value": 2,
            "suit": "\u2663"
          },
          {
            "value": 6,
            "suit": "\u2665"
          },
          {
            "value": 4,
            "suit": "\u2666"
          },
          {
            "value": 4,
            "suit": "\u2660"
          },
          {
            "value": 9,
            "suit": "\u2666"
          },
          {
            "value": 2,
            "suit": "\u2660"
          },
          {
            "value": 3,
            "suit": "\u2663"
          },
          {
            "value": 10,
            "suit": "\u2666"
          },
          {
            "value": 2,
            "suit": "\u2665"
          },
          {
            "value": 5,
            "suit": "\u2666"
          },
          {
            "value": 7,
            "suit": "\u2660"
          },
          {
            "value": 12,
            "suit": "\u2663"
          },
          {
            "value": 7,
            "suit": "\u2665"
          },
          {
            "value": 7,
            "suit": "\u2666"
          },
          {
            "value": 5,
            "suit": "\u2665"
          },
          {
            "value": 5,
            "suit": "\u2663"
          },
          {
            "value": 4,
            "suit": "\u2663"
          },
          {
            "value": 2,
            "suit": "\u2666"
          },
          {
            "value": 14,
            "suit": "\u2660"
          },
          {
            "value": 10,
            "suit": "\u2663"
          },
          {
            "value": 8,
            "suit": "\u2666"
          },
          {
            "value": 9,
            "suit": "\u2660"
          },
          {
            "value": 3,
            "suit": "\u2660"
          },
          {
            "value": 8,
            "suit": "\u2660"
          },
          {
            "value": 12,
            "suit": "\u2660"
          },
          {
            "value": 11,
            "suit": "\u2660"
          },
          {
            "value": 5,
            "suit": "\u2660"
          },
          {
            "value": 13,
            "suit": "\u2660"
          }
        ],
        "room": [
          {
            "value": 13,
            "suit": "\u2663"
          },
          {
            "value": 6,
            "suit": "\u2663"
          },
          {
            "value": 11,
            "suit": "\u2663"
          }
        ],
        "discard": [
          {
            "value": 7,
            "suit": "\u2663"
          },
          {
            "value": 9,
            "suit": "\u2665"
          },
          {
            "value": 3,
            "suit": "\u2665"
          },
          {
            "value": 9,
            "suit": "\u2663"
          },
          {
            "value": 6,
            "suit": "\u2660"
          },
          {
            "value": 10,
            "suit": "\u2665"
          },
          {
            "value": 4,
            "suit": "\u2665"
          },
          {
            "value": 3,
            "suit": "\u2666"
          },
          {
            "value": 14,
            "suit": "\u2663"
          },
          {
            "value": 8,
            "suit": "\u2665"
          }
        ],
        "equipped_weapon": {
          "value": 6,
          "suit": "\u2666"
        },
        "weapon_monsters": [
          {
            "value": 10,
            "suit": "\u2660"
          },
          {
            "value": 8,
            "suit": "\u2663"
          }
        ],
        "used_potion": true,
        "health": 10,
        "number_avoided": 1,
        "last_room_avoided": true,
        "exit": false,
        "score": -144,
        "can_avoid": false,
        "can_use_potion": false,
        "game_over": false
      },
      "mcts_stats": [
        {
          "action": 0,
          "visits": 23224,
          "avg_value": 0.20183486238532994,
          "total_value": 4687.412844036902,
          "ucb1": 0.23331769095564955
        },
        {
          "action": 1,
          "visits": 53552,
          "avg_value": 0.2293577981651502,
          "total_value": 12282.568807340123,
          "ucb1": 0.2500904287021241
        },
        {
          "action": 2,
          "visits": 23224,
          "avg_value": 0.20183486238532994,
          "total_value": 4687.412844036902,
          "ucb1": 0.23331769095564955
        }
      ],
      "selected_action": 1
    },
    {
      "turn": 15,
      "game_state": {
        "dungeon": [
          {
            "value": 2,
            "suit": "\u2663"
          },
          {
            "value": 6,
            "suit": "\u2665"
          },
          {
            "value": 4,
            "suit": "\u2666"
          },
          {
            "value": 4,
            "suit": "\u2660"
          },
          {
            "value": 9,
            "suit": "\u2666"
          },
          {
            "value": 2,
            "suit": "\u2660"
          },
          {
            "value": 3,
            "suit": "\u2663"
          },
          {
            "value": 10,
            "suit": "\u2666"
          },
          {
            "value": 2,
            "suit": "\u2665"
          },
          {
            "value": 5,
            "suit": "\u2666"
          },
          {
            "value": 7,
            "suit": "\u2660"
          },
          {
            "value": 12,
            "suit": "\u2663"
          },
          {
            "value": 7,
            "suit": "\u2665"
          },
          {
            "value": 7,
            "suit": "\u2666"
          },
          {
            "value": 5,
            "suit": "\u2665"
          },
          {
            "value": 5,
            "suit": "\u2663"
          },
          {
            "value": 4,
            "suit": "\u2663"
          },
          {
            "value": 2,
            "suit": "\u2666"
          },
          {
            "value": 14,
            "suit": "\u2660"
          },
          {
            "value": 10,
            "suit": "\u2663"
          },
          {
            "value": 8,
            "suit": "\u2666"
          },
          {
            "value": 9,
            "suit": "\u2660"
          },
          {
            "value": 3,
            "suit": "\u2660"
          },
          {
            "value": 8,
            "suit": "\u2660"
          },
          {
            "value": 12,
            "suit": "\u2660"
          },
          {
            "value": 11,
            "suit": "\u2660"
          },
          {
            "value": 5,
            "suit": "\u2660"
          },
          {
            "value": 13,
            "suit": "\u2660"
          }
        ],
        "room": [
          {
            "value": 13,
            "suit": "\u2663"
          },
          {
            "value": 11,
            "suit": "\u2663"
          }
        ],
        "discard": [
          {
            "value": 7,
            "suit": "\u2663"
          },
          {
            "value": 9,
            "suit": "\u2665"
          },
          {
            "value": 3,
            "suit": "\u2665"
          },
          {
            "value": 9,
            "suit": "\u2663"
          },
          {
            "value": 6,
            "suit": "\u2660"
          },
          {
            "value": 10,
            "suit": "\u2665"
          },
          {
            "value": 4,
            "suit": "\u2665"
          },
          {
            "value": 3,
            "suit": "\u2666"
          },
          {
            "value": 14,
            "suit": "\u2663"
          },
          {
            "value": 8,
            "suit": "\u2665"
          }
        ],
        "equipped_weapon": {
          "value": 6,
          "suit": "\u2666"
        },
        "weapon_monsters": [
          {
            "value": 10,
            "suit": "\u2660"
          },
          {
            "value": 8,
            "suit": "\u2663"
          },
          {
            "value": 6,
            "suit": "\u2663"
          }
        ],
        "used_potion": true,
        "health": 10,
        "number_avoided": 1,
        "last_room_avoided": true,
        "exit": false,
        "score": -138,
        "can_avoid": false,
        "can_use_potion": false,
        "game_over": false
      },
      "mcts_stats": [
        {
          "action": 0,
          "visits": 50000,
          "avg_value": 0.22935779816514584,
          "total_value": 11467.889908257292,
          "ucb1": 0.2508142177746518
        },
        {
          "action": 1,
          "visits": 50000,
          "avg_value": 0.22935779816514584,
          "total_value": 11467.889908257292,
          "ucb1": 0.2508142177746518
        }
      ],
      "selected_action": 0
    }
  ]
}