{
  "metadata": {
    "seed": 2560,
    "num_simulations": 100000,
    "timestamp": "2025-12-23T20:47:28.028779",
    "final_score": -146,
    "num_turns": 10,
    "final_state": {
      "dungeon": [
        {
          "value": 3,
          "suit": "\u2663"
        },
        {
          "value": 8,
          "suit": "\u2660"
        },
        {
          "value": 14,
          "suit": "\u2660"
        },
        {
          "value": 6,
          "suit": "\u2660"
        },
        {
          "value": 7,
          "suit": "\u2665"
        },
        {
          "value": 6,
          "suit": "\u2666"
        },
        {
          "value": 10,
          "suit": "\u2665"
        },
        {
          "value": 4,
          "suit": "\u2665"
        },
        {
          "value": 5,
          "suit": "\u2666"
        },
        {
          "value": 5,
          "suit": "\u2665"
        },
        {
          "value": 13,
          "suit": "\u2660"
        },
        {
          "value": 6,
          "suit": "\u2665"
        },
        {
          "value": 10,
          "suit": "\u2660"
        },
        {
          "value": 5,
          "suit": "\u2663"
        },
        {
          "value": 9,
          "suit": "\u2663"
        },
        {
          "value": 4,
          "suit": "\u2666"
        },
        {
          "value": 2,
          "suit": "\u2660"
        },
        {
          "value": 7,
          "suit": "\u2663"
        },
        {
          "value": 3,
          "suit": "\u2665"
        },
        {
          "value": 2,
          "suit": "\u2665"
        },
        {
          "value": 10,
          "suit": "\u2666"
        },
        {
          "value": 5,
          "suit": "\u2660"
        },
        {
          "value": 9,
          "suit": "\u2665"
        },
        {
          "value": 3,
          "suit": "\u2660"
        },
        {
          "value": 3,
          "suit": "\u2666"
        },
        {
          "value": 8,
          "suit": "\u2666"
        },
        {
          "value": 4,
          "suit": "\u2663"
        },
        {
          "value": 10,
          "suit": "\u2663"
        },
        {
          "value": 2,
          "suit": "\u2666"
        },
        {
          "value": 9,
          "suit": "\u2666"
        },
        {
          "value": 12,
          "suit": "\u2663"
        }
      ],
      "room": [
        {
          "value": 11,
          "suit": "\u2660"
        },
        {
          "value": 8,
          "suit": "\u2663"
        },
        {
          "value": 14,
          "suit": "\u2663"
        }
      ],
      "discard": [
        {
          "value": 8,
          "suit": "\u2665"
        },
        {
          "value": 6,
          "suit": "\u2663"
        },
        {
          "value": 13,
          "suit": "\u2663"
        }
      ],
      "equipped_weapon": {
        "value": 7,
        "suit": "\u2666"
      },
      "weapon_monsters": [
        {
          "value": 12,
          "suit": "\u2660"
        },
        {
          "value": 11,
          "suit": "\u2663"
        },
        {
          "value": 9,
          "suit": "\u2660"
        },
        {
          "value": 7,
          "suit": "\u2660"
        },
        {
          "value": 4,
          "suit": "\u2660"
        },
        {
          "value": 2,
          "suit": "\u2663"
        }
      ],
      "used_potion": false,
      "health": -2,
      "number_avoided": 0,
      "last_room_avoided": false,
      "exit": false,
      "score": -146,
      "can_avoid": false,
      "can_use_potion": true,
      "game_over": true
    }
  },
  "events": [
    {
      "turn": 0,
      "game_state": {
        "dungeon": [
          {
            "value": 9,
            "suit": "\u2660"
          },
          {
            "value": 7,
            "suit": "\u2660"
          },
          {
            "value": 4,
            "suit": "\u2660"
          },
          {
            "value": 8,
            "suit": "\u2665"
          },
          {
            "value": 6,
            "suit": "\u2663"
          },
          {
            "value": 13,
            "suit": "\u2663"
          },
          {
            "value": 11,
            "suit": "\u2660"
          },
          {
            "value": 8,
            "suit": "\u2663"
          },
          {
            "value": 14,
            "suit": "\u2663"
          },
          {
            "value": 3,
            "suit": "\u2663"
          },
          {
            "value": 8,
            "suit": "\u2660"
          },
          {
            "value": 14,
            "suit": "\u2660"
          },
          {
            "value": 6,
            "suit": "\u2660"
          },
          {
            "value": 7,
            "suit": "\u2665"
          },
          {
            "value": 6,
            "suit": "\u2666"
          },
          {
            "value": 10,
            "suit": "\u2665"
          },
          {
            "value": 4,
            "suit": "\u2665"
          },
          {
            "value": 5,
            "suit": "\u2666"
          },
          {
            "value": 5,
            "suit": "\u2665"
          },
          {
            "value": 13,
            "suit": "\u2660"
          },
          {
            "value": 6,
            "suit": "\u2665"
          },
          {
            "value": 10,
            "suit": "\u2660"
          },
          {
            "value": 5,
            "suit": "\u2663"
          },
          {
            "value": 9,
            "suit": "\u2663"
          },
          {
            "value": 4,
            "suit": "\u2666"
          },
          {
            "value": 2,
            "suit": "\u2660"
          },
          {
            "value": 7,
            "suit": "\u2663"
          },
          {
            "value": 3,
            "suit": "\u2665"
          },
          {
            "value": 2,
            "suit": "\u2665"
          },
          {
            "value": 10,
            "suit": "\u2666"
          },
          {
            "value": 5,
            "suit": "\u2660"
          },
          {
            "value": 9,
            "suit": "\u2665"
          },
          {
            "value": 3,
            "suit": "\u2660"
          },
          {
            "value": 3,
            "suit": "\u2666"
          },
          {
            "value": 8,
            "suit": "\u2666"
          },
          {
            "value": 4,
            "suit": "\u2663"
          },
          {
            "value": 10,
            "suit": "\u2663"
          },
          {
            "value": 2,
            "suit": "\u2666"
          },
          {
            "value": 9,
            "suit": "\u2666"
          },
          {
            "value": 12,
            "suit": "\u2663"
          }
        ],
        "room": [
          {
            "value": 7,
            "suit": "\u2666"
          },
          {
            "value": 2,
            "suit": "\u2663"
          },
          {
            "value": 12,
            "suit": "\u2660"
          },
          {
            "value": 11,
            "suit": "\u2663"
          }
        ],
        "discard": [],
        "equipped_weapon": null,
        "weapon_monsters": [],
        "used_potion": false,
        "health": 20,
        "number_avoided": 0,
        "last_room_avoided": false,
        "exit": false,
        "score": -188,
        "can_avoid": true,
        "can_use_potion": true,
        "game_over": false
      },
      "mcts_stats": [
        {
          "action": 0,
          "visits": 39415,
          "avg_value": 0.07840306687134228,
          "total_value": 3090.256880733956,
          "ucb1": 0.10256944076926788
        },
        {
          "action": 1,
          "visits": 25080,
          "avg_value": 0.06268034034209853,
          "total_value": 1572.0229357798312,
          "ucb1": 0.09297586582940141
        },
        {
          "action": 2,
          "visits": 12509,
          "avg_value": 0.03040013025484061,
          "total_value": 380.2752293578012,
          "ucb1": 0.07329752918898744
        },
        {
          "action": 3,
          "visits": 12841,
          "avg_value": 0.03183395502793899,
          "total_value": 408.77981651376456,
          "ucb1": 0.07417317308628713
        },
        {
          "action": 4,
          "visits": 10155,
          "avg_value": 0.018330555292055656,
          "total_value": 186.1467889908252,
          "ucb1": 0.06594100592683164
        }
      ],
      "selected_action": 0
    },
    {
      "turn": 1,
      "game_state": {
        "dungeon": [
          {
            "value": 9,
            "suit": "\u2660"
          },
          {
            "value": 7,
            "suit": "\u2660"
          },
          {
            "value": 4,
            "suit": "\u2660"
          },
          {
            "value": 8,
            "suit": "\u2665"
          },
          {
            "value": 6,
            "suit": "\u2663"
          },
          {
            "value": 13,
            "suit": "\u2663"
          },
          {
            "value": 11,
            "suit": "\u2660"
          },
          {
            "value": 8,
            "suit": "\u2663"
          },
          {
            "value": 14,
            "suit": "\u2663"
          },
          {
            "value": 3,
            "suit": "\u2663"
          },
          {
            "value": 8,
            "suit": "\u2660"
          },
          {
            "value": 14,
            "suit": "\u2660"
          },
          {
            "value": 6,
            "suit": "\u2660"
          },
          {
            "value": 7,
            "suit": "\u2665"
          },
          {
            "value": 6,
            "suit": "\u2666"
          },
          {
            "value": 10,
            "suit": "\u2665"
          },
          {
            "value": 4,
            "suit": "\u2665"
          },
          {
            "value": 5,
            "suit": "\u2666"
          },
          {
            "value": 5,
            "suit": "\u2665"
          },
          {
            "value": 13,
            "suit": "\u2660"
          },
          {
            "value": 6,
            "suit": "\u2665"
          },
          {
            "value": 10,
            "suit": "\u2660"
          },
          {
            "value": 5,
            "suit": "\u2663"
          },
          {
            "value": 9,
            "suit": "\u2663"
          },
          {
            "value": 4,
            "suit": "\u2666"
          },
          {
            "value": 2,
            "suit": "\u2660"
          },
          {
            "value": 7,
            "suit": "\u2663"
          },
          {
            "value": 3,
            "suit": "\u2665"
          },
          {
            "value": 2,
            "suit": "\u2665"
          },
          {
            "value": 10,
            "suit": "\u2666"
          },
          {
            "value": 5,
            "suit": "\u2660"
          },
          {
            "value": 9,
            "suit": "\u2665"
          },
          {
            "value": 3,
            "suit": "\u2660"
          },
          {
            "value": 3,
            "suit": "\u2666"
          },
          {
            "value": 8,
            "suit": "\u2666"
          },
          {
            "value": 4,
            "suit": "\u2663"
          },
          {
            "value": 10,
            "suit": "\u2663"
          },
          {
            "value": 2,
            "suit": "\u2666"
          },
          {
            "value": 9,
            "suit": "\u2666"
          },
          {
            "value": 12,
            "suit": "\u2663"
          }
        ],
        "room": [
          {
            "value": 2,
            "suit": "\u2663"
          },
          {
            "value": 12,
            "suit": "\u2660"
          },
          {
            "value": 11,
            "suit": "\u2663"
          }
        ],
        "discard": [],
        "equipped_weapon": {
          "value": 7,
          "suit": "\u2666"
        },
        "weapon_monsters": [],
        "used_potion": false,
        "health": 20,
        "number_avoided": 0,
        "last_room_avoided": false,
        "exit": false,
        "score": -188,
        "can_avoid": false,
        "can_use_potion": true,
        "game_over": false
      },
      "mcts_stats": [
        {
          "action": 0,
          "visits": 7037,
          "avg_value": 0.01247534330335188,
          "total_value": 87.78899082568718,
          "ucb1": 0.06966908115727208
        },
        {
          "action": 1,
          "visits": 77329,
          "avg_value": 0.1148204365928004,
          "total_value": 8878.949541284663,
          "ucb1": 0.13207369230027005
        },
        {
          "action": 2,
          "visits": 15634,
          "avg_value": 0.06067873712081288,
          "total_value": 948.6513761467885,
          "ucb1": 0.09905009800025041
        }
      ],
      "selected_action": 1
    },
    {
      "turn": 2,
      "game_state": {
        "dungeon": [
          {
            "value": 9,
            "suit": "\u2660"
          },
          {
            "value": 7,
            "suit": "\u2660"
          },
          {
            "value": 4,
            "suit": "\u2660"
          },
          {
            "value": 8,
            "suit": "\u2665"
          },
          {
            "value": 6,
            "suit": "\u2663"
          },
          {
            "value": 13,
            "suit": "\u2663"
          },
          {
            "value": 11,
            "suit": "\u2660"
          },
          {
            "value": 8,
            "suit": "\u2663"
          },
          {
            "value": 14,
            "suit": "\u2663"
          },
          {
            "value": 3,
            "suit": "\u2663"
          },
          {
            "value": 8,
            "suit": "\u2660"
          },
          {
            "value": 14,
            "suit": "\u2660"
          },
          {
            "value": 6,
            "suit": "\u2660"
          },
          {
            "value": 7,
            "suit": "\u2665"
          },
          {
            "value": 6,
            "suit": "\u2666"
          },
          {
            "value": 10,
            "suit": "\u2665"
          },
          {
            "value": 4,
            "suit": "\u2665"
          },
          {
            "value": 5,
            "suit": "\u2666"
          },
          {
            "value": 5,
            "suit": "\u2665"
          },
          {
            "value": 13,
            "suit": "\u2660"
          },
          {
            "value": 6,
            "suit": "\u2665"
          },
          {
            "value": 10,
            "suit": "\u2660"
          },
          {
            "value": 5,
            "suit": "\u2663"
          },
          {
            "value": 9,
            "suit": "\u2663"
          },
          {
            "value": 4,
            "suit": "\u2666"
          },
          {
            "value": 2,
            "suit": "\u2660"
          },
          {
            "value": 7,
            "suit": "\u2663"
          },
          {
            "value": 3,
            "suit": "\u2665"
          },
          {
            "value": 2,
            "suit": "\u2665"
          },
          {
            "value": 10,
            "suit": "\u2666"
          },
          {
            "value": 5,
            "suit": "\u2660"
          },
          {
            "value": 9,
            "suit": "\u2665"
          },
          {
            "value": 3,
            "suit": "\u2660"
          },
          {
            "value": 3,
            "suit": "\u2666"
          },
          {
            "value": 8,
            "suit": "\u2666"
          },
          {
            "value": 4,
            "suit": "\u2663"
          },
          {
            "value": 10,
            "suit": "\u2663"
          },
          {
            "value": 2,
            "suit": "\u2666"
          },
          {
            "value": 9,
            "suit": "\u2666"
          },
          {
            "value": 12,
            "suit": "\u2663"
          }
        ],
        "room": [
          {
            "value": 2,
            "suit": "\u2663"
          },
          {
            "value": 11,
            "suit": "\u2663"
          }
        ],
        "discard": [],
        "equipped_weapon": {
          "value": 7,
          "suit": "\u2666"
        },
        "weapon_monsters": [
          {
            "value": 12,
            "suit": "\u2660"
          }
        ],
        "used_potion": false,
        "health": 15,
        "number_avoided": 0,
        "last_room_avoided": false,
        "exit": false,
        "score": -181,
        "can_avoid": false,
        "can_use_potion": true,
        "game_over": false
      },
      "mcts_stats": [
        {
          "action": 0,
          "visits": 10041,
          "avg_value": 0.045530755096764984,
          "total_value": 457.17431192661724,
          "ucb1": 0.0934107143828888
        },
        {
          "action": 1,
          "visits": 89959,
          "avg_value": 0.12721631291563992,
          "total_value": 11444.25229357805,
          "ucb1": 0.14321262786931166
        }
      ],
      "selected_action": 1
    },
    {
      "turn": 3,
      "game_state": {
        "dungeon": [
          {
            "value": 8,
            "suit": "\u2665"
          },
          {
            "value": 6,
            "suit": "\u2663"
          },
          {
            "value": 13,
            "suit": "\u2663"
          },
          {
            "value": 11,
            "suit": "\u2660"
          },
          {
            "value": 8,
            "suit": "\u2663"
          },
          {
            "value": 14,
            "suit": "\u2663"
          },
          {
            "value": 3,
            "suit": "\u2663"
          },
          {
            "value": 8,
            "suit": "\u2660"
          },
          {
            "value": 14,
            "suit": "\u2660"
          },
          {
            "value": 6,
            "suit": "\u2660"
          },
          {
            "value": 7,
            "suit": "\u2665"
          },
          {
            "value": 6,
            "suit": "\u2666"
          },
          {
            "value": 10,
            "suit": "\u2665"
          },
          {
            "value": 4,
            "suit": "\u2665"
          },
          {
            "value": 5,
            "suit": "\u2666"
          },
          {
            "value": 5,
            "suit": "\u2665"
          },
          {
            "value": 13,
            "suit": "\u2660"
          },
          {
            "value": 6,
            "suit": "\u2665"
          },
          {
            "value": 10,
            "suit": "\u2660"
          },
          {
            "value": 5,
            "suit": "\u2663"
          },
          {
            "value": 9,
            "suit": "\u2663"
          },
          {
            "value": 4,
            "suit": "\u2666"
          },
          {
            "value": 2,
            "suit": "\u2660"
          },
          {
            "value": 7,
            "suit": "\u2663"
          },
          {
            "value": 3,
            "suit": "\u2665"
          },
          {
            "value": 2,
            "suit": "\u2665"
          },
          {
            "value": 10,
            "suit": "\u2666"
          },
          {
            "value": 5,
            "suit": "\u2660"
          },
          {
            "value": 9,
            "suit": "\u2665"
          },
          {
            "value": 3,
            "suit": "\u2660"
          },
          {
            "value": 3,
            "suit": "\u2666"
          },
          {
            "value": 8,
            "suit": "\u2666"
          },
          {
            "value": 4,
            "suit": "\u2663"
          },
          {
            "value": 10,
            "suit": "\u2663"
          },
          {
            "value": 2,
            "suit": "\u2666"
          },
          {
            "value": 9,
            "suit": "\u2666"
          },
          {
            "value": 12,
            "suit": "\u2663"
          }
        ],
        "room": [
          {
            "value": 2,
            "suit": "\u2663"
          },
          {
            "value": 9,
            "suit": "\u2660"
          },
          {
            "value": 7,
            "suit": "\u2660"
          },
          {
            "value": 4,
            "suit": "\u2660"
          }
        ],
        "discard": [],
        "equipped_weapon": {
          "value": 7,
          "suit": "\u2666"
        },
        "weapon_monsters": [
          {
            "value": 12,
            "suit": "\u2660"
          },
          {
            "value": 11,
            "suit": "\u2663"
          }
        ],
        "used_potion": false,
        "health": 11,
        "number_avoided": 0,
        "last_room_avoided": false,
        "exit": false,
        "score": -174,
        "can_avoid": true,
        "can_use_potion": true,
        "game_over": false
      },
      "mcts_stats": [
        {
          "action": 0,
          "visits": 7804,
          "avg_value": 0.07339449541284304,
          "total_value": 572.7706422018271,
          "ucb1": 0.1277049734721664
        },
        {
          "action": 1,
          "visits": 31490,
          "avg_value": 0.14323609359021894,
          "total_value": 4510.504587155994,
          "ucb1": 0.1702729332606315
        },
        {
          "action": 2,
          "visits": 19544,
          "avg_value": 0.12458855482993825,
          "total_value": 2434.958715596313,
          "ucb1": 0.1589076262877523
        },
        {
          "action": 3,
          "visits": 11071,
          "avg_value": 0.09570006438840702,
          "total_value": 1059.495412844054,
          "ucb1": 0.1412983831860442
        },
        {
          "action": 4,
          "visits": 30091,
          "avg_value": 0.1416641691456401,
          "total_value": 4262.816513761456,
          "ucb1": 0.16932237124069963
        }
      ],
      "selected_action": 1
    },
    {
      "turn": 4,
      "game_state": {
        "dungeon": [
          {
            "value": 8,
            "suit": "\u2665"
          },
          {
            "value": 6,
            "suit": "\u2663"
          },
          {
            "value": 13,
            "suit": "\u2663"
          },
          {
            "value": 11,
            "suit": "\u2660"
          },
          {
            "value": 8,
            "suit": "\u2663"
          },
          {
            "value": 14,
            "suit": "\u2663"
          },
          {
            "value": 3,
            "suit": "\u2663"
          },
          {
            "value": 8,
            "suit": "\u2660"
          },
          {
            "value": 14,
            "suit": "\u2660"
          },
          {
            "value": 6,
            "suit": "\u2660"
          },
          {
            "value": 7,
            "suit": "\u2665"
          },
          {
            "value": 6,
            "suit": "\u2666"
          },
          {
            "value": 10,
            "suit": "\u2665"
          },
          {
            "value": 4,
            "suit": "\u2665"
          },
          {
            "value": 5,
            "suit": "\u2666"
          },
          {
            "value": 5,
            "suit": "\u2665"
          },
          {
            "value": 13,
            "suit": "\u2660"
          },
          {
            "value": 6,
            "suit": "\u2665"
          },
          {
            "value": 10,
            "suit": "\u2660"
          },
          {
            "value": 5,
            "suit": "\u2663"
          },
          {
            "value": 9,
            "suit": "\u2663"
          },
          {
            "value": 4,
            "suit": "\u2666"
          },
          {
            "value": 2,
            "suit": "\u2660"
          },
          {
            "value": 7,
            "suit": "\u2663"
          },
          {
            "value": 3,
            "suit": "\u2665"
          },
          {
            "value": 2,
            "suit": "\u2665"
          },
          {
            "value": 10,
            "suit": "\u2666"
          },
          {
            "value": 5,
            "suit": "\u2660"
          },
          {
            "value": 9,
            "suit": "\u2665"
          },
          {
            "value": 3,
            "suit": "\u2660"
          },
          {
            "value": 3,
            "suit": "\u2666"
          },
          {
            "value": 8,
            "suit": "\u2666"
          },
          {
            "value": 4,
            "suit": "\u2663"
          },
          {
            "value": 10,
            "suit": "\u2663"
          },
          {
            "value": 2,
            "suit": "\u2666"
          },
          {
            "value": 9,
            "suit": "\u2666"
          },
          {
            "value": 12,
            "suit": "\u2663"
          }
        ],
        "room": [
          {
            "value": 2,
            "suit": "\u2663"
          },
          {
            "value": 7,
            "suit": "\u2660"
          },
          {
            "value": 4,
            "suit": "\u2660"
          }
        ],
        "discard": [],
        "equipped_weapon": {
          "value": 7,
          "suit": "\u2666"
        },
        "weapon_monsters": [
          {
            "value": 12,
            "suit": "\u2660"
          },
          {
            "value": 11,
            "suit": "\u2663"
          },
          {
            "value": 9,
            "suit": "\u2660"
          }
        ],
        "used_potion": false,
        "health": 9,
        "number_avoided": 0,
        "last_room_avoided": false,
        "exit": false,
        "score": -167,
        "can_avoid": false,
        "can_use_potion": true,
        "game_over": false
      },
      "mcts_stats": [
        {
          "action": 0,
          "visits": 15394,
          "avg_value": 0.1152358299969136,
          "total_value": 1773.940366972488,
          "ucb1": 0.153905148197893
        },
        {
          "action": 1,
          "visits": 59592,
          "avg_value": 0.1639364806063507,
          "total_value": 9769.30275229365,
          "ucb1": 0.18359035948755847
        },
        {
          "action": 2,
          "visits": 25014,
          "avg_value": 0.13658498030093863,
          "total_value": 3416.536697247679,
          "ucb1": 0.1669204471707639
        }
      ],
      "selected_action": 1
    },
    {
      "turn": 5,
      "game_state": {
        "dungeon": [
          {
            "value": 8,
            "suit": "\u2665"
          },
          {
            "value": 6,
            "suit": "\u2663"
          },
          {
            "value": 13,
            "suit": "\u2663"
          },
          {
            "value": 11,
            "suit": "\u2660"
          },
          {
            "value": 8,
            "suit": "\u2663"
          },
          {
            "value": 14,
            "suit": "\u2663"
          },
          {
            "value": 3,
            "suit": "\u2663"
          },
          {
            "value": 8,
            "suit": "\u2660"
          },
          {
            "value": 14,
            "suit": "\u2660"
          },
          {
            "value": 6,
            "suit": "\u2660"
          },
          {
            "value": 7,
            "suit": "\u2665"
          },
          {
            "value": 6,
            "suit": "\u2666"
          },
          {
            "value": 10,
            "suit": "\u2665"
          },
          {
            "value": 4,
            "suit": "\u2665"
          },
          {
            "value": 5,
            "suit": "\u2666"
          },
          {
            "value": 5,
            "suit": "\u2665"
          },
          {
            "value": 13,
            "suit": "\u2660"
          },
          {
            "value": 6,
            "suit": "\u2665"
          },
          {
            "value": 10,
            "suit": "\u2660"
          },
          {
            "value": 5,
            "suit": "\u2663"
          },
          {
            "value": 9,
            "suit": "\u2663"
          },
          {
            "value": 4,
            "suit": "\u2666"
          },
          {
            "value": 2,
            "suit": "\u2660"
          },
          {
            "value": 7,
            "suit": "\u2663"
          },
          {
            "value": 3,
            "suit": "\u2665"
          },
          {
            "value": 2,
            "suit": "\u2665"
          },
          {
            "value": 10,
            "suit": "\u2666"
          },
          {
            "value": 5,
            "suit": "\u2660"
          },
          {
            "value": 9,
            "suit": "\u2665"
          },
          {
            "value": 3,
            "suit": "\u2660"
          },
          {
            "value": 3,
            "suit": "\u2666"
          },
          {
            "value": 8,
            "suit": "\u2666"
          },
          {
            "value": 4,
            "suit": "\u2663"
          },
          {
            "value": 10,
            "suit": "\u2663"
          },
          {
            "value": 2,
            "suit": "\u2666"
          },
          {
            "value": 9,
            "suit": "\u2666"
          },
          {
            "value": 12,
            "suit": "\u2663"
          }
        ],
        "room": [
          {
            "value": 2,
            "suit": "\u2663"
          },
          {
            "value": 4,
            "suit": "\u2660"
          }
        ],
        "discard": [],
        "equipped_weapon": {
          "value": 7,
          "suit": "\u2666"
        },
        "weapon_monsters": [
          {
            "value": 12,
            "suit": "\u2660"
          },
          {
            "value": 11,
            "suit": "\u2663"
          },
          {
            "value": 9,
            "suit": "\u2660"
          },
          {
            "value": 7,
            "suit": "\u2660"
          }
        ],
        "used_potion": false,
        "health": 9,
        "number_avoided": 0,
        "last_room_avoided": false,
        "exit": false,
        "score": -160,
        "can_avoid": false,
        "can_use_potion": true,
        "game_over": false
      },
      "mcts_stats": [
        {
          "action": 0,
          "visits": 34320,
          "avg_value": 0.15443037467120138,
          "total_value": 5300.050458715631,
          "ucb1": 0.18032851718440146
        },
        {
          "action": 1,
          "visits": 65680,
          "avg_value": 0.17280783113007692,
          "total_value": 11350.018348623453,
          "ucb1": 0.1915286863201124
        }
      ],
      "selected_action": 1
    },
    {
      "turn": 6,
      "game_state": {
        "dungeon": [
          {
            "value": 11,
            "suit": "\u2660"
          },
          {
            "value": 8,
            "suit": "\u2663"
          },
          {
            "value": 14,
            "suit": "\u2663"
          },
          {
            "value": 3,
            "suit": "\u2663"
          },
          {
            "value": 8,
            "suit": "\u2660"
          },
          {
            "value": 14,
            "suit": "\u2660"
          },
          {
            "value": 6,
            "suit": "\u2660"
          },
          {
            "value": 7,
            "suit": "\u2665"
          },
          {
            "value": 6,
            "suit": "\u2666"
          },
          {
            "value": 10,
            "suit": "\u2665"
          },
          {
            "value": 4,
            "suit": "\u2665"
          },
          {
            "value": 5,
            "suit": "\u2666"
          },
          {
            "value": 5,
            "suit": "\u2665"
          },
          {
            "value": 13,
            "suit": "\u2660"
          },
          {
            "value": 6,
            "suit": "\u2665"
          },
          {
            "value": 10,
            "suit": "\u2660"
          },
          {
            "value": 5,
            "suit": "\u2663"
          },
          {
            "value": 9,
            "suit": "\u2663"
          },
          {
            "value": 4,
            "suit": "\u2666"
          },
          {
            "value": 2,
            "suit": "\u2660"
          },
          {
            "value": 7,
            "suit": "\u2663"
          },
          {
            "value": 3,
            "suit": "\u2665"
          },
          {
            "value": 2,
            "suit": "\u2665"
          },
          {
            "value": 10,
            "suit": "\u2666"
          },
          {
            "value": 5,
            "suit": "\u2660"
          },
          {
            "value": 9,
            "suit": "\u2665"
          },
          {
            "value": 3,
            "suit": "\u2660"
          },
          {
            "value": 3,
            "suit": "\u2666"
          },
          {
            "value": 8,
            "suit": "\u2666"
          },
          {
            "value": 4,
            "suit": "\u2663"
          },
          {
            "value": 10,
            "suit": "\u2663"
          },
          {
            "value": 2,
            "suit": "\u2666"
          },
          {
            "value": 9,
            "suit": "\u2666"
          },
          {
            "value": 12,
            "suit": "\u2663"
          }
        ],
        "room": [
          {
            "value": 2,
            "suit": "\u2663"
          },
          {
            "value": 8,
            "suit": "\u2665"
          },
          {
            "value": 6,
            "suit": "\u2663"
          },
          {
            "value": 13,
            "suit": "\u2663"
          }
        ],
        "discard": [],
        "equipped_weapon": {
          "value": 7,
          "suit": "\u2666"
        },
        "weapon_monsters": [
          {
            "value": 12,
            "suit": "\u2660"
          },
          {
            "value": 11,
            "suit": "\u2663"
          },
          {
            "value": 9,
            "suit": "\u2660"
          },
          {
            "value": 7,
            "suit": "\u2660"
          },
          {
            "value": 4,
            "suit": "\u2660"
          }
        ],
        "used_potion": false,
        "health": 9,
        "number_avoided": 0,
        "last_room_avoided": false,
        "exit": false,
        "score": -156,
        "can_avoid": true,
        "can_use_potion": true,
        "game_over": false
      },
      "mcts_stats": [
        {
          "action": 0,
          "visits": 23128,
          "avg_value": 0.17892288310130158,
          "total_value": 4138.128440366903,
          "ucb1": 0.21047098367376363
        },
        {
          "action": 1,
          "visits": 30939,
          "avg_value": 0.18986339203718733,
          "total_value": 5874.1834862385385,
          "ucb1": 0.21713992199175053
        },
        {
          "action": 2,
          "visits": 21131,
          "avg_value": 0.17519371296312763,
          "total_value": 3702.0183486238498,
          "ucb1": 0.20819890249070416
        },
        {
          "action": 3,
          "visits": 11840,
          "avg_value": 0.1467889908256853,
          "total_value": 1737.9816513761139,
          "ucb1": 0.19088166151320518
        },
        {
          "action": 4,
          "visits": 12962,
          "avg_value": 0.1517916167088237,
          "total_value": 1967.522935779773,
          "ucb1": 0.19393275355296033
        }
      ],
      "selected_action": 1
    },
    {
      "turn": 7,
      "game_state": {
        "dungeon": [
          {
            "value": 11,
            "suit": "\u2660"
          },
          {
            "value": 8,
            "suit": "\u2663"
          },
          {
            "value": 14,
            "suit": "\u2663"
          },
          {
            "value": 3,
            "suit": "\u2663"
          },
          {
            "value": 8,
            "suit": "\u2660"
          },
          {
            "value": 14,
            "suit": "\u2660"
          },
          {
            "value": 6,
            "suit": "\u2660"
          },
          {
            "value": 7,
            "suit": "\u2665"
          },
          {
            "value": 6,
            "suit": "\u2666"
          },
          {
            "value": 10,
            "suit": "\u2665"
          },
          {
            "value": 4,
            "suit": "\u2665"
          },
          {
            "value": 5,
            "suit": "\u2666"
          },
          {
            "value": 5,
            "suit": "\u2665"
          },
          {
            "value": 13,
            "suit": "\u2660"
          },
          {
            "value": 6,
            "suit": "\u2665"
          },
          {
            "value": 10,
            "suit": "\u2660"
          },
          {
            "value": 5,
            "suit": "\u2663"
          },
          {
            "value": 9,
            "suit": "\u2663"
          },
          {
            "value": 4,
            "suit": "\u2666"
          },
          {
            "value": 2,
            "suit": "\u2660"
          },
          {
            "value": 7,
            "suit": "\u2663"
          },
          {
            "value": 3,
            "suit": "\u2665"
          },
          {
            "value": 2,
            "suit": "\u2665"
          },
          {
            "value": 10,
            "suit": "\u2666"
          },
          {
            "value": 5,
            "suit": "\u2660"
          },
          {
            "value": 9,
            "suit": "\u2665"
          },
          {
            "value": 3,
            "suit": "\u2660"
          },
          {
            "value": 3,
            "suit": "\u2666"
          },
          {
            "value": 8,
            "suit": "\u2666"
          },
          {
            "value": 4,
            "suit": "\u2663"
          },
          {
            "value": 10,
            "suit": "\u2663"
          },
          {
            "value": 2,
            "suit": "\u2666"
          },
          {
            "value": 9,
            "suit": "\u2666"
          },
          {
            "value": 12,
            "suit": "\u2663"
          }
        ],
        "room": [
          {
            "value": 2,
            "suit": "\u2663"
          },
          {
            "value": 6,
            "suit": "\u2663"
          },
          {
            "value": 13,
            "suit": "\u2663"
          }
        ],
        "discard": [
          {
            "value": 8,
            "suit": "\u2665"
          }
        ],
        "equipped_weapon": {
          "value": 7,
          "suit": "\u2666"
        },
        "weapon_monsters": [
          {
            "value": 12,
            "suit": "\u2660"
          },
          {
            "value": 11,
            "suit": "\u2663"
          },
          {
            "value": 9,
            "suit": "\u2660"
          },
          {
            "value": 7,
            "suit": "\u2660"
          },
          {
            "value": 4,
            "suit": "\u2660"
          }
        ],
        "used_potion": true,
        "health": 17,
        "number_avoided": 0,
        "last_room_avoided": false,
        "exit": false,
        "score": -148,
        "can_avoid": false,
        "can_use_potion": false,
        "game_over": false
      },
      "mcts_stats": [
        {
          "action": 0,
          "visits": 36144,
          "avg_value": 0.19266055045872743,
          "total_value": 6963.522935780245,
          "ucb1": 0.21789676141831313
        },
        {
          "action": 1,
          "visits": 31928,
          "avg_value": 0.18853055843537583,
          "total_value": 6019.403669724679,
          "ucb1": 0.21538130705008154
        },
        {
          "action": 2,
          "visits": 31928,
          "avg_value": 0.188530845779147,
          "total_value": 6019.412844036606,
          "ucb1": 0.2153815943938527
        }
      ],
      "selected_action": 0
    },
    {
      "turn": 8,
      "game_state": {
        "dungeon": [
          {
            "value": 11,
            "suit": "\u2660"
          },
          {
            "value": 8,
            "suit": "\u2663"
          },
          {
            "value": 14,
            "suit": "\u2663"
          },
          {
            "value": 3,
            "suit": "\u2663"
          },
          {
            "value": 8,
            "suit": "\u2660"
          },
          {
            "value": 14,
            "suit": "\u2660"
          },
          {
            "value": 6,
            "suit": "\u2660"
          },
          {
            "value": 7,
            "suit": "\u2665"
          },
          {
            "value": 6,
            "suit": "\u2666"
          },
          {
            "value": 10,
            "suit": "\u2665"
          },
          {
            "value": 4,
            "suit": "\u2665"
          },
          {
            "value": 5,
            "suit": "\u2666"
          },
          {
            "value": 5,
            "suit": "\u2665"
          },
          {
            "value": 13,
            "suit": "\u2660"
          },
          {
            "value": 6,
            "suit": "\u2665"
          },
          {
            "value": 10,
            "suit": "\u2660"
          },
          {
            "value": 5,
            "suit": "\u2663"
          },
          {
            "value": 9,
            "suit": "\u2663"
          },
          {
            "value": 4,
            "suit": "\u2666"
          },
          {
            "value": 2,
            "suit": "\u2660"
          },
          {
            "value": 7,
            "suit": "\u2663"
          },
          {
            "value": 3,
            "suit": "\u2665"
          },
          {
            "value": 2,
            "suit": "\u2665"
          },
          {
            "value": 10,
            "suit": "\u2666"
          },
          {
            "value": 5,
            "suit": "\u2660"
          },
          {
            "value": 9,
            "suit": "\u2665"
          },
          {
            "value": 3,
            "suit": "\u2660"
          },
          {
            "value": 3,
            "suit": "\u2666"
          },
          {
            "value": 8,
            "suit": "\u2666"
          },
          {
            "value": 4,
            "suit": "\u2663"
          },
          {
            "value": 10,
            "suit": "\u2663"
          },
          {
            "value": 2,
            "suit": "\u2666"
          },
          {
            "value": 9,
            "suit": "\u2666"
          },
          {
            "value": 12,
            "suit": "\u2663"
          }
        ],
        "room": [
          {
            "value": 6,
            "suit": "\u2663"
          },
          {
            "value": 13,
            "suit": "\u2663"
          }
        ],
        "discard": [
          {
            "value": 8,
            "suit": "\u2665"
          }
        ],
        "equipped_weapon": {
          "value": 7,
          "suit": "\u2666"
        },
        "weapon_monsters": [
          {
            "value": 12,
            "suit": "\u2660"
          },
          {
            "value": 11,
            "suit": "\u2663"
          },
          {
            "value": 9,
            "suit": "\u2660"
          },
          {
            "value": 7,
            "suit": "\u2660"
          },
          {
            "value": 4,
            "suit": "\u2660"
          },
          {
            "value": 2,
            "suit": "\u2663"
          }
        ],
        "used_potion": true,
        "health": 17,
        "number_avoided": 0,
        "last_room_avoided": false,
        "exit": false,
        "score": -146,
        "can_avoid": false,
        "can_use_potion": false,
        "game_over": false
      },
      "mcts_stats": [
        {
          "action": 0,
          "visits": 50000,
          "avg_value": 0.19266055045871788,
          "total_value": 9633.027522935894,
          "ucb1": 0.21411697006822386
        },
        {
          "action": 1,
          "visits": 50000,
          "avg_value": 0.19266055045871788,
          "total_value": 9633.027522935894,
          "ucb1": 0.21411697006822386
        }
      ],
      "selected_action": 0
    },
    {
      "turn": 9,
      "game_state": {
        "dungeon": [
          {
            "value": 3,
            "suit": "\u2663"
          },
          {
            "value": 8,
            "suit": "\u2660"
          },
          {
            "value": 14,
            "suit": "\u2660"
          },
          {
            "value": 6,
            "suit": "\u2660"
          },
          {
            "value": 7,
            "suit": "\u2665"
          },
          {
            "value": 6,
            "suit": "\u2666"
          },
          {
            "value": 10,
            "suit": "\u2665"
          },
          {
            "value": 4,
            "suit": "\u2665"
          },
          {
            "value": 5,
            "suit": "\u2666"
          },
          {
            "value": 5,
            "suit": "\u2665"
          },
          {
            "value": 13,
            "suit": "\u2660"
          },
          {
            "value": 6,
            "suit": "\u2665"
          },
          {
            "value": 10,
            "suit": "\u2660"
          },
          {
            "value": 5,
            "suit": "\u2663"
          },
          {
            "value": 9,
            "suit": "\u2663"
          },
          {
            "value": 4,
            "suit": "\u2666"
          },
          {
            "value": 2,
            "suit": "\u2660"
          },
          {
            "value": 7,
            "suit": "\u2663"
          },
          {
            "value": 3,
            "suit": "\u2665"
          },
          {
            "value": 2,
            "suit": "\u2665"
          },
          {
            "value": 10,
            "suit": "\u2666"
          },
          {
            "value": 5,
            "suit": "\u2660"
          },
          {
            "value": 9,
            "suit": "\u2665"
          },
          {
            "value": 3,
            "suit": "\u2660"
          },
          {
            "value": 3,
            "suit": "\u2666"
          },
          {
            "value": 8,
            "suit": "\u2666"
          },
          {
            "value": 4,
            "suit": "\u2663"
          },
          {
            "value": 10,
            "suit": "\u2663"
          },
          {
            "value": 2,
            "suit": "\u2666"
          },
          {
            "value": 9,
            "suit": "\u2666"
          },
          {
            "value": 12,
            "suit": "\u2663"
          }
        ],
        "room": [
          {
            "value": 13,
            "suit": "\u2663"
          },
          {
            "value": 11,
            "suit": "\u2660"
          },
          {
            "value": 8,
            "suit": "\u2663"
          },
          {
            "value": 14,
            "suit": "\u2663"
          }
        ],
        "discard": [
          {
            "value": 8,
            "suit": "\u2665"
          },
          {
            "value": 6,
            "suit": "\u2663"
          }
        ],
        "equipped_weapon": {
          "value": 7,
          "suit": "\u2666"
        },
        "weapon_monsters": [
          {
            "value": 12,
            "suit": "\u2660"
          },
          {
            "value": 11,
            "suit": "\u2663"
          },
          {
            "value": 9,
            "suit": "\u2660"
          },
          {
            "value": 7,
            "suit": "\u2660"
          },
          {
            "value": 4,
            "suit": "\u2660"
          },
          {
            "value": 2,
            "suit": "\u2663"
          }
        ],
        "used_potion": false,
        "health": 11,
        "number_avoided": 0,
        "last_room_avoided": false,
        "exit": false,
        "score": -146,
        "can_avoid": true,
        "can_use_potion": true,
        "game_over": false
      },
      "mcts_stats": [
        {
          "action": 0,
          "visits": 20000,
          "avg_value": 0.19266055045870942,
          "total_value": 3853.2110091741883,
          "ucb1": 0.22658612865787914
        },
        {
          "action": 1,
          "visits": 20000,
          "avg_value": 0.19266055045870942,
          "total_value": 3853.2110091741883,
          "ucb1": 0.22658612865787914
        },
        {
          "action": 2,
          "visits": 20000,
          "avg_value": 0.19266055045870942,
          "total_value": 3853.2110091741883,
          "ucb1": 0.22658612865787914
        },
        {
          "action": 3,
          "visits": 20000,
          "avg_value": 0.19266055045870942,
          "total_value": 3853.2110091741883,
          "ucb1": 0.22658612865787914
        },
        {
          "action": 4,
          "visits": 20000,
          "avg_value": 0.19266055045870942,
          "total_value": 3853.2110091741883,
          "ucb1": 0.22658612865787914
        }
      ],
      "selected_action": 0
    }
  ]
}