{
  "metadata": {
    "seed": 2720,
    "num_simulations": 100000,
    "timestamp": "2025-12-24T01:08:15.536049",
    "final_score": -165,
    "num_turns": 10,
    "final_state": {
      "dungeon": [
        {
          "value": 9,
          "suit": "\u2666"
        },
        {
          "value": 14,
          "suit": "\u2660"
        },
        {
          "value": 8,
          "suit": "\u2665"
        },
        {
          "value": 13,
          "suit": "\u2663"
        },
        {
          "value": 3,
          "suit": "\u2663"
        },
        {
          "value": 9,
          "suit": "\u2665"
        },
        {
          "value": 10,
          "suit": "\u2665"
        },
        {
          "value": 13,
          "suit": "\u2660"
        },
        {
          "value": 5,
          "suit": "\u2665"
        },
        {
          "value": 7,
          "suit": "\u2665"
        },
        {
          "value": 4,
          "suit": "\u2663"
        },
        {
          "value": 4,
          "suit": "\u2665"
        },
        {
          "value": 11,
          "suit": "\u2663"
        },
        {
          "value": 3,
          "suit": "\u2665"
        },
        {
          "value": 10,
          "suit": "\u2666"
        },
        {
          "value": 10,
          "suit": "\u2660"
        },
        {
          "value": 14,
          "suit": "\u2663"
        },
        {
          "value": 5,
          "suit": "\u2663"
        },
        {
          "value": 2,
          "suit": "\u2660"
        },
        {
          "value": 8,
          "suit": "\u2666"
        },
        {
          "value": 10,
          "suit": "\u2663"
        },
        {
          "value": 7,
          "suit": "\u2666"
        },
        {
          "value": 6,
          "suit": "\u2666"
        },
        {
          "value": 7,
          "suit": "\u2663"
        },
        {
          "value": 4,
          "suit": "\u2660"
        },
        {
          "value": 3,
          "suit": "\u2666"
        },
        {
          "value": 5,
          "suit": "\u2666"
        },
        {
          "value": 8,
          "suit": "\u2660"
        },
        {
          "value": 5,
          "suit": "\u2660"
        },
        {
          "value": 12,
          "suit": "\u2663"
        },
        {
          "value": 8,
          "suit": "\u2663"
        }
      ],
      "room": [
        {
          "value": 12,
          "suit": "\u2660"
        },
        {
          "value": 6,
          "suit": "\u2660"
        },
        {
          "value": 6,
          "suit": "\u2665"
        },
        {
          "value": 2,
          "suit": "\u2663"
        }
      ],
      "discard": [
        {
          "value": 4,
          "suit": "\u2666"
        },
        {
          "value": 11,
          "suit": "\u2660"
        },
        {
          "value": 9,
          "suit": "\u2663"
        },
        {
          "value": 9,
          "suit": "\u2660"
        },
        {
          "value": 6,
          "suit": "\u2663"
        },
        {
          "value": 3,
          "suit": "\u2660"
        },
        {
          "value": 2,
          "suit": "\u2665"
        }
      ],
      "equipped_weapon": {
        "value": 2,
        "suit": "\u2666"
      },
      "weapon_monsters": [
        {
          "value": 7,
          "suit": "\u2660"
        }
      ],
      "used_potion": false,
      "health": -2,
      "number_avoided": 1,
      "last_room_avoided": false,
      "exit": false,
      "score": -165,
      "can_avoid": true,
      "can_use_potion": true,
      "game_over": true
    }
  },
  "events": [
    {
      "turn": 0,
      "game_state": {
        "dungeon": [
          {
            "value": 6,
            "suit": "\u2663"
          },
          {
            "value": 9,
            "suit": "\u2660"
          },
          {
            "value": 8,
            "suit": "\u2660"
          },
          {
            "value": 5,
            "suit": "\u2660"
          },
          {
            "value": 12,
            "suit": "\u2663"
          },
          {
            "value": 8,
            "suit": "\u2663"
          },
          {
            "value": 2,
            "suit": "\u2665"
          },
          {
            "value": 2,
            "suit": "\u2666"
          },
          {
            "value": 7,
            "suit": "\u2660"
          },
          {
            "value": 12,
            "suit": "\u2660"
          },
          {
            "value": 6,
            "suit": "\u2660"
          },
          {
            "value": 6,
            "suit": "\u2665"
          },
          {
            "value": 2,
            "suit": "\u2663"
          },
          {
            "value": 9,
            "suit": "\u2666"
          },
          {
            "value": 14,
            "suit": "\u2660"
          },
          {
            "value": 8,
            "suit": "\u2665"
          },
          {
            "value": 13,
            "suit": "\u2663"
          },
          {
            "value": 3,
            "suit": "\u2663"
          },
          {
            "value": 9,
            "suit": "\u2665"
          },
          {
            "value": 10,
            "suit": "\u2665"
          },
          {
            "value": 13,
            "suit": "\u2660"
          },
          {
            "value": 5,
            "suit": "\u2665"
          },
          {
            "value": 7,
            "suit": "\u2665"
          },
          {
            "value": 4,
            "suit": "\u2663"
          },
          {
            "value": 4,
            "suit": "\u2665"
          },
          {
            "value": 11,
            "suit": "\u2663"
          },
          {
            "value": 3,
            "suit": "\u2665"
          },
          {
            "value": 10,
            "suit": "\u2666"
          },
          {
            "value": 10,
            "suit": "\u2660"
          },
          {
            "value": 14,
            "suit": "\u2663"
          },
          {
            "value": 5,
            "suit": "\u2663"
          },
          {
            "value": 2,
            "suit": "\u2660"
          },
          {
            "value": 8,
            "suit": "\u2666"
          },
          {
            "value": 10,
            "suit": "\u2663"
          },
          {
            "value": 7,
            "suit": "\u2666"
          },
          {
            "value": 6,
            "suit": "\u2666"
          },
          {
            "value": 7,
            "suit": "\u2663"
          },
          {
            "value": 4,
            "suit": "\u2660"
          },
          {
            "value": 3,
            "suit": "\u2666"
          },
          {
            "value": 5,
            "suit": "\u2666"
          }
        ],
        "room": [
          {
            "value": 4,
            "suit": "\u2666"
          },
          {
            "value": 3,
            "suit": "\u2660"
          },
          {
            "value": 9,
            "suit": "\u2663"
          },
          {
            "value": 11,
            "suit": "\u2660"
          }
        ],
        "discard": [],
        "equipped_weapon": null,
        "weapon_monsters": [],
        "used_potion": false,
        "health": 20,
        "number_avoided": 0,
        "last_room_avoided": false,
        "exit": false,
        "score": -188,
        "can_avoid": true,
        "can_use_potion": true,
        "game_over": false
      },
      "mcts_stats": [
        {
          "action": 0,
          "visits": 28649,
          "avg_value": 0.03703893470511984,
          "total_value": 1061.1284403669783,
          "ucb1": 0.06538465662635481
        },
        {
          "action": 1,
          "visits": 23865,
          "avg_value": 0.030093203935747635,
          "total_value": 718.1743119266173,
          "ucb1": 0.061150349431062956
        },
        {
          "action": 2,
          "visits": 17513,
          "avg_value": 0.016782552620150427,
          "total_value": 293.9128440366944,
          "ucb1": 0.05303705780940135
        },
        {
          "action": 3,
          "visits": 17276,
          "avg_value": 0.016143995700669576,
          "total_value": 278.9036697247676,
          "ucb1": 0.05264633169032909
        },
        {
          "action": 4,
          "visits": 12697,
          "avg_value": 0.0005903294356176008,
          "total_value": 7.495412844036678,
          "ucb1": 0.043168960672307743
        }
      ],
      "selected_action": 0
    },
    {
      "turn": 1,
      "game_state": {
        "dungeon": [
          {
            "value": 6,
            "suit": "\u2663"
          },
          {
            "value": 9,
            "suit": "\u2660"
          },
          {
            "value": 8,
            "suit": "\u2660"
          },
          {
            "value": 5,
            "suit": "\u2660"
          },
          {
            "value": 12,
            "suit": "\u2663"
          },
          {
            "value": 8,
            "suit": "\u2663"
          },
          {
            "value": 2,
            "suit": "\u2665"
          },
          {
            "value": 2,
            "suit": "\u2666"
          },
          {
            "value": 7,
            "suit": "\u2660"
          },
          {
            "value": 12,
            "suit": "\u2660"
          },
          {
            "value": 6,
            "suit": "\u2660"
          },
          {
            "value": 6,
            "suit": "\u2665"
          },
          {
            "value": 2,
            "suit": "\u2663"
          },
          {
            "value": 9,
            "suit": "\u2666"
          },
          {
            "value": 14,
            "suit": "\u2660"
          },
          {
            "value": 8,
            "suit": "\u2665"
          },
          {
            "value": 13,
            "suit": "\u2663"
          },
          {
            "value": 3,
            "suit": "\u2663"
          },
          {
            "value": 9,
            "suit": "\u2665"
          },
          {
            "value": 10,
            "suit": "\u2665"
          },
          {
            "value": 13,
            "suit": "\u2660"
          },
          {
            "value": 5,
            "suit": "\u2665"
          },
          {
            "value": 7,
            "suit": "\u2665"
          },
          {
            "value": 4,
            "suit": "\u2663"
          },
          {
            "value": 4,
            "suit": "\u2665"
          },
          {
            "value": 11,
            "suit": "\u2663"
          },
          {
            "value": 3,
            "suit": "\u2665"
          },
          {
            "value": 10,
            "suit": "\u2666"
          },
          {
            "value": 10,
            "suit": "\u2660"
          },
          {
            "value": 14,
            "suit": "\u2663"
          },
          {
            "value": 5,
            "suit": "\u2663"
          },
          {
            "value": 2,
            "suit": "\u2660"
          },
          {
            "value": 8,
            "suit": "\u2666"
          },
          {
            "value": 10,
            "suit": "\u2663"
          },
          {
            "value": 7,
            "suit": "\u2666"
          },
          {
            "value": 6,
            "suit": "\u2666"
          },
          {
            "value": 7,
            "suit": "\u2663"
          },
          {
            "value": 4,
            "suit": "\u2660"
          },
          {
            "value": 3,
            "suit": "\u2666"
          },
          {
            "value": 5,
            "suit": "\u2666"
          }
        ],
        "room": [
          {
            "value": 3,
            "suit": "\u2660"
          },
          {
            "value": 9,
            "suit": "\u2663"
          },
          {
            "value": 11,
            "suit": "\u2660"
          }
        ],
        "discard": [],
        "equipped_weapon": {
          "value": 4,
          "suit": "\u2666"
        },
        "weapon_monsters": [],
        "used_potion": false,
        "health": 20,
        "number_avoided": 0,
        "last_room_avoided": false,
        "exit": false,
        "score": -188,
        "can_avoid": false,
        "can_use_potion": true,
        "game_over": false
      },
      "mcts_stats": [
        {
          "action": 0,
          "visits": 17579,
          "avg_value": 0.014904929829221265,
          "total_value": 262.0137614678806,
          "ucb1": 0.051091312614016234
        },
        {
          "action": 1,
          "visits": 28968,
          "avg_value": 0.035381338218193684,
          "total_value": 1024.9266055046346,
          "ucb1": 0.0635705543906024
        },
        {
          "action": 2,
          "visits": 53453,
          "avg_value": 0.05442807768875836,
          "total_value": 2909.344036697201,
          "ucb1": 0.07517989873825941
        }
      ],
      "selected_action": 2
    },
    {
      "turn": 2,
      "game_state": {
        "dungeon": [
          {
            "value": 6,
            "suit": "\u2663"
          },
          {
            "value": 9,
            "suit": "\u2660"
          },
          {
            "value": 8,
            "suit": "\u2660"
          },
          {
            "value": 5,
            "suit": "\u2660"
          },
          {
            "value": 12,
            "suit": "\u2663"
          },
          {
            "value": 8,
            "suit": "\u2663"
          },
          {
            "value": 2,
            "suit": "\u2665"
          },
          {
            "value": 2,
            "suit": "\u2666"
          },
          {
            "value": 7,
            "suit": "\u2660"
          },
          {
            "value": 12,
            "suit": "\u2660"
          },
          {
            "value": 6,
            "suit": "\u2660"
          },
          {
            "value": 6,
            "suit": "\u2665"
          },
          {
            "value": 2,
            "suit": "\u2663"
          },
          {
            "value": 9,
            "suit": "\u2666"
          },
          {
            "value": 14,
            "suit": "\u2660"
          },
          {
            "value": 8,
            "suit": "\u2665"
          },
          {
            "value": 13,
            "suit": "\u2663"
          },
          {
            "value": 3,
            "suit": "\u2663"
          },
          {
            "value": 9,
            "suit": "\u2665"
          },
          {
            "value": 10,
            "suit": "\u2665"
          },
          {
            "value": 13,
            "suit": "\u2660"
          },
          {
            "value": 5,
            "suit": "\u2665"
          },
          {
            "value": 7,
            "suit": "\u2665"
          },
          {
            "value": 4,
            "suit": "\u2663"
          },
          {
            "value": 4,
            "suit": "\u2665"
          },
          {
            "value": 11,
            "suit": "\u2663"
          },
          {
            "value": 3,
            "suit": "\u2665"
          },
          {
            "value": 10,
            "suit": "\u2666"
          },
          {
            "value": 10,
            "suit": "\u2660"
          },
          {
            "value": 14,
            "suit": "\u2663"
          },
          {
            "value": 5,
            "suit": "\u2663"
          },
          {
            "value": 2,
            "suit": "\u2660"
          },
          {
            "value": 8,
            "suit": "\u2666"
          },
          {
            "value": 10,
            "suit": "\u2663"
          },
          {
            "value": 7,
            "suit": "\u2666"
          },
          {
            "value": 6,
            "suit": "\u2666"
          },
          {
            "value": 7,
            "suit": "\u2663"
          },
          {
            "value": 4,
            "suit": "\u2660"
          },
          {
            "value": 3,
            "suit": "\u2666"
          },
          {
            "value": 5,
            "suit": "\u2666"
          }
        ],
        "room": [
          {
            "value": 3,
            "suit": "\u2660"
          },
          {
            "value": 9,
            "suit": "\u2663"
          }
        ],
        "discard": [],
        "equipped_weapon": {
          "value": 4,
          "suit": "\u2666"
        },
        "weapon_monsters": [
          {
            "value": 11,
            "suit": "\u2660"
          }
        ],
        "used_potion": false,
        "health": 13,
        "number_avoided": 0,
        "last_room_avoided": false,
        "exit": false,
        "score": -184,
        "can_avoid": false,
        "can_use_potion": true,
        "game_over": false
      },
      "mcts_stats": [
        {
          "action": 0,
          "visits": 25737,
          "avg_value": 0.03370063375720579,
          "total_value": 867.3532110092056,
          "ucb1": 0.06360697570482396
        },
        {
          "action": 1,
          "visits": 74263,
          "avg_value": 0.06519965552628613,
          "total_value": 4841.922018348588,
          "ucb1": 0.0828054655497952
        }
      ],
      "selected_action": 1
    },
    {
      "turn": 3,
      "game_state": {
        "dungeon": [
          {
            "value": 5,
            "suit": "\u2660"
          },
          {
            "value": 12,
            "suit": "\u2663"
          },
          {
            "value": 8,
            "suit": "\u2663"
          },
          {
            "value": 2,
            "suit": "\u2665"
          },
          {
            "value": 2,
            "suit": "\u2666"
          },
          {
            "value": 7,
            "suit": "\u2660"
          },
          {
            "value": 12,
            "suit": "\u2660"
          },
          {
            "value": 6,
            "suit": "\u2660"
          },
          {
            "value": 6,
            "suit": "\u2665"
          },
          {
            "value": 2,
            "suit": "\u2663"
          },
          {
            "value": 9,
            "suit": "\u2666"
          },
          {
            "value": 14,
            "suit": "\u2660"
          },
          {
            "value": 8,
            "suit": "\u2665"
          },
          {
            "value": 13,
            "suit": "\u2663"
          },
          {
            "value": 3,
            "suit": "\u2663"
          },
          {
            "value": 9,
            "suit": "\u2665"
          },
          {
            "value": 10,
            "suit": "\u2665"
          },
          {
            "value": 13,
            "suit": "\u2660"
          },
          {
            "value": 5,
            "suit": "\u2665"
          },
          {
            "value": 7,
            "suit": "\u2665"
          },
          {
            "value": 4,
            "suit": "\u2663"
          },
          {
            "value": 4,
            "suit": "\u2665"
          },
          {
            "value": 11,
            "suit": "\u2663"
          },
          {
            "value": 3,
            "suit": "\u2665"
          },
          {
            "value": 10,
            "suit": "\u2666"
          },
          {
            "value": 10,
            "suit": "\u2660"
          },
          {
            "value": 14,
            "suit": "\u2663"
          },
          {
            "value": 5,
            "suit": "\u2663"
          },
          {
            "value": 2,
            "suit": "\u2660"
          },
          {
            "value": 8,
            "suit": "\u2666"
          },
          {
            "value": 10,
            "suit": "\u2663"
          },
          {
            "value": 7,
            "suit": "\u2666"
          },
          {
            "value": 6,
            "suit": "\u2666"
          },
          {
            "value": 7,
            "suit": "\u2663"
          },
          {
            "value": 4,
            "suit": "\u2660"
          },
          {
            "value": 3,
            "suit": "\u2666"
          },
          {
            "value": 5,
            "suit": "\u2666"
          }
        ],
        "room": [
          {
            "value": 3,
            "suit": "\u2660"
          },
          {
            "value": 6,
            "suit": "\u2663"
          },
          {
            "value": 9,
            "suit": "\u2660"
          },
          {
            "value": 8,
            "suit": "\u2660"
          }
        ],
        "discard": [],
        "equipped_weapon": {
          "value": 4,
          "suit": "\u2666"
        },
        "weapon_monsters": [
          {
            "value": 11,
            "suit": "\u2660"
          },
          {
            "value": 9,
            "suit": "\u2663"
          }
        ],
        "used_potion": false,
        "health": 8,
        "number_avoided": 0,
        "last_room_avoided": false,
        "exit": false,
        "score": -180,
        "can_avoid": true,
        "can_use_potion": true,
        "game_over": false
      },
      "mcts_stats": [
        {
          "action": 0,
          "visits": 14609,
          "avg_value": 0.05045871559633103,
          "total_value": 737.1513761468,
          "ucb1": 0.09015336874508836
        },
        {
          "action": 1,
          "visits": 17885,
          "avg_value": 0.06024191252471557,
          "total_value": 1077.426605504538,
          "ucb1": 0.09611739775068887
        },
        {
          "action": 2,
          "visits": 25442,
          "avg_value": 0.07508461411420558,
          "total_value": 1910.3027522936184,
          "ucb1": 0.10516383838681179
        },
        {
          "action": 3,
          "visits": 22542,
          "avg_value": 0.07027900620167414,
          "total_value": 1584.2293577981384,
          "ucb1": 0.10223453681228098
        },
        {
          "action": 4,
          "visits": 19522,
          "avg_value": 0.06418000298886564,
          "total_value": 1252.922018348635,
          "ucb1": 0.09851840666104275
        }
      ],
      "selected_action": 2
    },
    {
      "turn": 4,
      "game_state": {
        "dungeon": [
          {
            "value": 5,
            "suit": "\u2660"
          },
          {
            "value": 12,
            "suit": "\u2663"
          },
          {
            "value": 8,
            "suit": "\u2663"
          },
          {
            "value": 2,
            "suit": "\u2665"
          },
          {
            "value": 2,
            "suit": "\u2666"
          },
          {
            "value": 7,
            "suit": "\u2660"
          },
          {
            "value": 12,
            "suit": "\u2660"
          },
          {
            "value": 6,
            "suit": "\u2660"
          },
          {
            "value": 6,
            "suit": "\u2665"
          },
          {
            "value": 2,
            "suit": "\u2663"
          },
          {
            "value": 9,
            "suit": "\u2666"
          },
          {
            "value": 14,
            "suit": "\u2660"
          },
          {
            "value": 8,
            "suit": "\u2665"
          },
          {
            "value": 13,
            "suit": "\u2663"
          },
          {
            "value": 3,
            "suit": "\u2663"
          },
          {
            "value": 9,
            "suit": "\u2665"
          },
          {
            "value": 10,
            "suit": "\u2665"
          },
          {
            "value": 13,
            "suit": "\u2660"
          },
          {
            "value": 5,
            "suit": "\u2665"
          },
          {
            "value": 7,
            "suit": "\u2665"
          },
          {
            "value": 4,
            "suit": "\u2663"
          },
          {
            "value": 4,
            "suit": "\u2665"
          },
          {
            "value": 11,
            "suit": "\u2663"
          },
          {
            "value": 3,
            "suit": "\u2665"
          },
          {
            "value": 10,
            "suit": "\u2666"
          },
          {
            "value": 10,
            "suit": "\u2660"
          },
          {
            "value": 14,
            "suit": "\u2663"
          },
          {
            "value": 5,
            "suit": "\u2663"
          },
          {
            "value": 2,
            "suit": "\u2660"
          },
          {
            "value": 8,
            "suit": "\u2666"
          },
          {
            "value": 10,
            "suit": "\u2663"
          },
          {
            "value": 7,
            "suit": "\u2666"
          },
          {
            "value": 6,
            "suit": "\u2666"
          },
          {
            "value": 7,
            "suit": "\u2663"
          },
          {
            "value": 4,
            "suit": "\u2660"
          },
          {
            "value": 3,
            "suit": "\u2666"
          },
          {
            "value": 5,
            "suit": "\u2666"
          }
        ],
        "room": [
          {
            "value": 3,
            "suit": "\u2660"
          },
          {
            "value": 6,
            "suit": "\u2663"
          },
          {
            "value": 8,
            "suit": "\u2660"
          }
        ],
        "discard": [],
        "equipped_weapon": {
          "value": 4,
          "suit": "\u2666"
        },
        "weapon_monsters": [
          {
            "value": 11,
            "suit": "\u2660"
          },
          {
            "value": 9,
            "suit": "\u2663"
          },
          {
            "value": 9,
            "suit": "\u2660"
          }
        ],
        "used_potion": false,
        "health": 3,
        "number_avoided": 0,
        "last_room_avoided": false,
        "exit": false,
        "score": -176,
        "can_avoid": false,
        "can_use_potion": true,
        "game_over": false
      },
      "mcts_stats": [
        {
          "action": 0,
          "visits": 27522,
          "avg_value": 0.06880733944953668,
          "total_value": 1893.7155963301484,
          "ucb1": 0.09772760395579543
        },
        {
          "action": 1,
          "visits": 41200,
          "avg_value": 0.08233533000801718,
          "total_value": 3392.215596330308,
          "ucb1": 0.1059724003683107
        },
        {
          "action": 2,
          "visits": 31278,
          "avg_value": 0.07339449541285,
          "total_value": 2295.633027523122,
          "ucb1": 0.10052280720966221
        }
      ],
      "selected_action": 1
    },
    {
      "turn": 5,
      "game_state": {
        "dungeon": [
          {
            "value": 5,
            "suit": "\u2660"
          },
          {
            "value": 12,
            "suit": "\u2663"
          },
          {
            "value": 8,
            "suit": "\u2663"
          },
          {
            "value": 2,
            "suit": "\u2665"
          },
          {
            "value": 2,
            "suit": "\u2666"
          },
          {
            "value": 7,
            "suit": "\u2660"
          },
          {
            "value": 12,
            "suit": "\u2660"
          },
          {
            "value": 6,
            "suit": "\u2660"
          },
          {
            "value": 6,
            "suit": "\u2665"
          },
          {
            "value": 2,
            "suit": "\u2663"
          },
          {
            "value": 9,
            "suit": "\u2666"
          },
          {
            "value": 14,
            "suit": "\u2660"
          },
          {
            "value": 8,
            "suit": "\u2665"
          },
          {
            "value": 13,
            "suit": "\u2663"
          },
          {
            "value": 3,
            "suit": "\u2663"
          },
          {
            "value": 9,
            "suit": "\u2665"
          },
          {
            "value": 10,
            "suit": "\u2665"
          },
          {
            "value": 13,
            "suit": "\u2660"
          },
          {
            "value": 5,
            "suit": "\u2665"
          },
          {
            "value": 7,
            "suit": "\u2665"
          },
          {
            "value": 4,
            "suit": "\u2663"
          },
          {
            "value": 4,
            "suit": "\u2665"
          },
          {
            "value": 11,
            "suit": "\u2663"
          },
          {
            "value": 3,
            "suit": "\u2665"
          },
          {
            "value": 10,
            "suit": "\u2666"
          },
          {
            "value": 10,
            "suit": "\u2660"
          },
          {
            "value": 14,
            "suit": "\u2663"
          },
          {
            "value": 5,
            "suit": "\u2663"
          },
          {
            "value": 2,
            "suit": "\u2660"
          },
          {
            "value": 8,
            "suit": "\u2666"
          },
          {
            "value": 10,
            "suit": "\u2663"
          },
          {
            "value": 7,
            "suit": "\u2666"
          },
          {
            "value": 6,
            "suit": "\u2666"
          },
          {
            "value": 7,
            "suit": "\u2663"
          },
          {
            "value": 4,
            "suit": "\u2660"
          },
          {
            "value": 3,
            "suit": "\u2666"
          },
          {
            "value": 5,
            "suit": "\u2666"
          }
        ],
        "room": [
          {
            "value": 3,
            "suit": "\u2660"
          },
          {
            "value": 8,
            "suit": "\u2660"
          }
        ],
        "discard": [],
        "equipped_weapon": {
          "value": 4,
          "suit": "\u2666"
        },
        "weapon_monsters": [
          {
            "value": 11,
            "suit": "\u2660"
          },
          {
            "value": 9,
            "suit": "\u2663"
          },
          {
            "value": 9,
            "suit": "\u2660"
          },
          {
            "value": 6,
            "suit": "\u2663"
          }
        ],
        "used_potion": false,
        "health": 1,
        "number_avoided": 0,
        "last_room_avoided": false,
        "exit": false,
        "score": -172,
        "can_avoid": false,
        "can_use_potion": true,
        "game_over": false
      },
      "mcts_stats": [
        {
          "action": 0,
          "visits": 63238,
          "avg_value": 0.08861426659326932,
          "total_value": 5603.7889908251655,
          "ucb1": 0.1076931604936702
        },
        {
          "action": 1,
          "visits": 36762,
          "avg_value": 0.0733944954128509,
          "total_value": 2698.128440367225,
          "ucb1": 0.09841768639895244
        }
      ],
      "selected_action": 0
    },
    {
      "turn": 6,
      "game_state": {
        "dungeon": [
          {
            "value": 2,
            "suit": "\u2665"
          },
          {
            "value": 2,
            "suit": "\u2666"
          },
          {
            "value": 7,
            "suit": "\u2660"
          },
          {
            "value": 12,
            "suit": "\u2660"
          },
          {
            "value": 6,
            "suit": "\u2660"
          },
          {
            "value": 6,
            "suit": "\u2665"
          },
          {
            "value": 2,
            "suit": "\u2663"
          },
          {
            "value": 9,
            "suit": "\u2666"
          },
          {
            "value": 14,
            "suit": "\u2660"
          },
          {
            "value": 8,
            "suit": "\u2665"
          },
          {
            "value": 13,
            "suit": "\u2663"
          },
          {
            "value": 3,
            "suit": "\u2663"
          },
          {
            "value": 9,
            "suit": "\u2665"
          },
          {
            "value": 10,
            "suit": "\u2665"
          },
          {
            "value": 13,
            "suit": "\u2660"
          },
          {
            "value": 5,
            "suit": "\u2665"
          },
          {
            "value": 7,
            "suit": "\u2665"
          },
          {
            "value": 4,
            "suit": "\u2663"
          },
          {
            "value": 4,
            "suit": "\u2665"
          },
          {
            "value": 11,
            "suit": "\u2663"
          },
          {
            "value": 3,
            "suit": "\u2665"
          },
          {
            "value": 10,
            "suit": "\u2666"
          },
          {
            "value": 10,
            "suit": "\u2660"
          },
          {
            "value": 14,
            "suit": "\u2663"
          },
          {
            "value": 5,
            "suit": "\u2663"
          },
          {
            "value": 2,
            "suit": "\u2660"
          },
          {
            "value": 8,
            "suit": "\u2666"
          },
          {
            "value": 10,
            "suit": "\u2663"
          },
          {
            "value": 7,
            "suit": "\u2666"
          },
          {
            "value": 6,
            "suit": "\u2666"
          },
          {
            "value": 7,
            "suit": "\u2663"
          },
          {
            "value": 4,
            "suit": "\u2660"
          },
          {
            "value": 3,
            "suit": "\u2666"
          },
          {
            "value": 5,
            "suit": "\u2666"
          }
        ],
        "room": [
          {
            "value": 8,
            "suit": "\u2660"
          },
          {
            "value": 5,
            "suit": "\u2660"
          },
          {
            "value": 12,
            "suit": "\u2663"
          },
          {
            "value": 8,
            "suit": "\u2663"
          }
        ],
        "discard": [],
        "equipped_weapon": {
          "value": 4,
          "suit": "\u2666"
        },
        "weapon_monsters": [
          {
            "value": 11,
            "suit": "\u2660"
          },
          {
            "value": 9,
            "suit": "\u2663"
          },
          {
            "value": 9,
            "suit": "\u2660"
          },
          {
            "value": 6,
            "suit": "\u2663"
          },
          {
            "value": 3,
            "suit": "\u2660"
          }
        ],
        "used_potion": false,
        "health": 1,
        "number_avoided": 0,
        "last_room_avoided": false,
        "exit": false,
        "score": -169,
        "can_avoid": true,
        "can_use_potion": true,
        "game_over": false
      },
      "mcts_stats": [
        {
          "action": 0,
          "visits": 19336,
          "avg_value": 0.08715596330275491,
          "total_value": 1685.2477064220689,
          "ucb1": 0.12165912848030525
        },
        {
          "action": 1,
          "visits": 19336,
          "avg_value": 0.08715596330275491,
          "total_value": 1685.2477064220689,
          "ucb1": 0.12165912848030525
        },
        {
          "action": 2,
          "visits": 19339,
          "avg_value": 0.0871559633027549,
          "total_value": 1685.509174311977,
          "ucb1": 0.12165645219119717
        },
        {
          "action": 3,
          "visits": 19337,
          "avg_value": 0.08715596330275491,
          "total_value": 1685.3348623853717,
          "ucb1": 0.12165823631473494
        },
        {
          "action": 4,
          "visits": 22652,
          "avg_value": 0.09386861763224057,
          "total_value": 2126.3119266055132,
          "ucb1": 0.12574646445830334
        }
      ],
      "selected_action": 4
    },
    {
      "turn": 7,
      "game_state": {
        "dungeon": [
          {
            "value": 6,
            "suit": "\u2660"
          },
          {
            "value": 6,
            "suit": "\u2665"
          },
          {
            "value": 2,
            "suit": "\u2663"
          },
          {
            "value": 9,
            "suit": "\u2666"
          },
          {
            "value": 14,
            "suit": "\u2660"
          },
          {
            "value": 8,
            "suit": "\u2665"
          },
          {
            "value": 13,
            "suit": "\u2663"
          },
          {
            "value": 3,
            "suit": "\u2663"
          },
          {
            "value": 9,
            "suit": "\u2665"
          },
          {
            "value": 10,
            "suit": "\u2665"
          },
          {
            "value": 13,
            "suit": "\u2660"
          },
          {
            "value": 5,
            "suit": "\u2665"
          },
          {
            "value": 7,
            "suit": "\u2665"
          },
          {
            "value": 4,
            "suit": "\u2663"
          },
          {
            "value": 4,
            "suit": "\u2665"
          },
          {
            "value": 11,
            "suit": "\u2663"
          },
          {
            "value": 3,
            "suit": "\u2665"
          },
          {
            "value": 10,
            "suit": "\u2666"
          },
          {
            "value": 10,
            "suit": "\u2660"
          },
          {
            "value": 14,
            "suit": "\u2663"
          },
          {
            "value": 5,
            "suit": "\u2663"
          },
          {
            "value": 2,
            "suit": "\u2660"
          },
          {
            "value": 8,
            "suit": "\u2666"
          },
          {
            "value": 10,
            "suit": "\u2663"
          },
          {
            "value": 7,
            "suit": "\u2666"
          },
          {
            "value": 6,
            "suit": "\u2666"
          },
          {
            "value": 7,
            "suit": "\u2663"
          },
          {
            "value": 4,
            "suit": "\u2660"
          },
          {
            "value": 3,
            "suit": "\u2666"
          },
          {
            "value": 5,
            "suit": "\u2666"
          },
          {
            "value": 8,
            "suit": "\u2660"
          },
          {
            "value": 5,
            "suit": "\u2660"
          },
          {
            "value": 12,
            "suit": "\u2663"
          },
          {
            "value": 8,
            "suit": "\u2663"
          }
        ],
        "room": [
          {
            "value": 2,
            "suit": "\u2665"
          },
          {
            "value": 2,
            "suit": "\u2666"
          },
          {
            "value": 7,
            "suit": "\u2660"
          },
          {
            "value": 12,
            "suit": "\u2660"
          }
        ],
        "discard": [],
        "equipped_weapon": {
          "value": 4,
          "suit": "\u2666"
        },
        "weapon_monsters": [
          {
            "value": 11,
            "suit": "\u2660"
          },
          {
            "value": 9,
            "suit": "\u2663"
          },
          {
            "value": 9,
            "suit": "\u2660"
          },
          {
            "value": 6,
            "suit": "\u2663"
          },
          {
            "value": 3,
            "suit": "\u2660"
          }
        ],
        "used_potion": false,
        "health": 1,
        "number_avoided": 1,
        "last_room_avoided": true,
        "exit": false,
        "score": -169,
        "can_avoid": false,
        "can_use_potion": true,
        "game_over": false
      },
      "mcts_stats": [
        {
          "action": 0,
          "visits": 28976,
          "avg_value": 0.09972283294241786,
          "total_value": 2889.5688073395,
          "ucb1": 0.12790815745798848
        },
        {
          "action": 1,
          "visits": 28976,
          "avg_value": 0.09972283294241786,
          "total_value": 2889.5688073395,
          "ucb1": 0.12790815745798848
        },
        {
          "action": 2,
          "visits": 21024,
          "avg_value": 0.08715596330275552,
          "total_value": 1832.366972477132,
          "ucb1": 0.12024503490044604
        },
        {
          "action": 3,
          "visits": 21024,
          "avg_value": 0.08715596330275552,
          "total_value": 1832.366972477132,
          "ucb1": 0.12024503490044604
        }
      ],
      "selected_action": 1
    },
    {
      "turn": 8,
      "game_state": {
        "dungeon": [
          {
            "value": 6,
            "suit": "\u2660"
          },
          {
            "value": 6,
            "suit": "\u2665"
          },
          {
            "value": 2,
            "suit": "\u2663"
          },
          {
            "value": 9,
            "suit": "\u2666"
          },
          {
            "value": 14,
            "suit": "\u2660"
          },
          {
            "value": 8,
            "suit": "\u2665"
          },
          {
            "value": 13,
            "suit": "\u2663"
          },
          {
            "value": 3,
            "suit": "\u2663"
          },
          {
            "value": 9,
            "suit": "\u2665"
          },
          {
            "value": 10,
            "suit": "\u2665"
          },
          {
            "value": 13,
            "suit": "\u2660"
          },
          {
            "value": 5,
            "suit": "\u2665"
          },
          {
            "value": 7,
            "suit": "\u2665"
          },
          {
            "value": 4,
            "suit": "\u2663"
          },
          {
            "value": 4,
            "suit": "\u2665"
          },
          {
            "value": 11,
            "suit": "\u2663"
          },
          {
            "value": 3,
            "suit": "\u2665"
          },
          {
            "value": 10,
            "suit": "\u2666"
          },
          {
            "value": 10,
            "suit": "\u2660"
          },
          {
            "value": 14,
            "suit": "\u2663"
          },
          {
            "value": 5,
            "suit": "\u2663"
          },
          {
            "value": 2,
            "suit": "\u2660"
          },
          {
            "value": 8,
            "suit": "\u2666"
          },
          {
            "value": 10,
            "suit": "\u2663"
          },
          {
            "value": 7,
            "suit": "\u2666"
          },
          {
            "value": 6,
            "suit": "\u2666"
          },
          {
            "value": 7,
            "suit": "\u2663"
          },
          {
            "value": 4,
            "suit": "\u2660"
          },
          {
            "value": 3,
            "suit": "\u2666"
          },
          {
            "value": 5,
            "suit": "\u2666"
          },
          {
            "value": 8,
            "suit": "\u2660"
          },
          {
            "value": 5,
            "suit": "\u2660"
          },
          {
            "value": 12,
            "suit": "\u2663"
          },
          {
            "value": 8,
            "suit": "\u2663"
          }
        ],
        "room": [
          {
            "value": 2,
            "suit": "\u2665"
          },
          {
            "value": 7,
            "suit": "\u2660"
          },
          {
            "value": 12,
            "suit": "\u2660"
          }
        ],
        "discard": [
          {
            "value": 4,
            "suit": "\u2666"
          },
          {
            "value": 11,
            "suit": "\u2660"
          },
          {
            "value": 9,
            "suit": "\u2663"
          },
          {
            "value": 9,
            "suit": "\u2660"
          },
          {
            "value": 6,
            "suit": "\u2663"
          },
          {
            "value": 3,
            "suit": "\u2660"
          }
        ],
        "equipped_weapon": {
          "value": 2,
          "suit": "\u2666"
        },
        "weapon_monsters": [],
        "used_potion": false,
        "health": 1,
        "number_avoided": 1,
        "last_room_avoided": true,
        "exit": false,
        "score": -169,
        "can_avoid": false,
        "can_use_potion": true,
        "game_over": false
      },
      "mcts_stats": [
        {
          "action": 0,
          "visits": 39760,
          "avg_value": 0.10550458715596411,
          "total_value": 4194.862385321133,
          "ucb1": 0.12956588605486405
        },
        {
          "action": 1,
          "visits": 30120,
          "avg_value": 0.09633027522936105,
          "total_value": 2901.4678899083547,
          "ucb1": 0.12397515924640942
        },
        {
          "action": 2,
          "visits": 30120,
          "avg_value": 0.09633027522936105,
          "total_value": 2901.4678899083547,
          "ucb1": 0.12397515924640942
        }
      ],
      "selected_action": 0
    },
    {
      "turn": 9,
      "game_state": {
        "dungeon": [
          {
            "value": 6,
            "suit": "\u2660"
          },
          {
            "value": 6,
            "suit": "\u2665"
          },
          {
            "value": 2,
            "suit": "\u2663"
          },
          {
            "value": 9,
            "suit": "\u2666"
          },
          {
            "value": 14,
            "suit": "\u2660"
          },
          {
            "value": 8,
            "suit": "\u2665"
          },
          {
            "value": 13,
            "suit": "\u2663"
          },
          {
            "value": 3,
            "suit": "\u2663"
          },
          {
            "value": 9,
            "suit": "\u2665"
          },
          {
            "value": 10,
            "suit": "\u2665"
          },
          {
            "value": 13,
            "suit": "\u2660"
          },
          {
            "value": 5,
            "suit": "\u2665"
          },
          {
            "value": 7,
            "suit": "\u2665"
          },
          {
            "value": 4,
            "suit": "\u2663"
          },
          {
            "value": 4,
            "suit": "\u2665"
          },
          {
            "value": 11,
            "suit": "\u2663"
          },
          {
            "value": 3,
            "suit": "\u2665"
          },
          {
            "value": 10,
            "suit": "\u2666"
          },
          {
            "value": 10,
            "suit": "\u2660"
          },
          {
            "value": 14,
            "suit": "\u2663"
          },
          {
            "value": 5,
            "suit": "\u2663"
          },
          {
            "value": 2,
            "suit": "\u2660"
          },
          {
            "value": 8,
            "suit": "\u2666"
          },
          {
            "value": 10,
            "suit": "\u2663"
          },
          {
            "value": 7,
            "suit": "\u2666"
          },
          {
            "value": 6,
            "suit": "\u2666"
          },
          {
            "value": 7,
            "suit": "\u2663"
          },
          {
            "value": 4,
            "suit": "\u2660"
          },
          {
            "value": 3,
            "suit": "\u2666"
          },
          {
            "value": 5,
            "suit": "\u2666"
          },
          {
            "value": 8,
            "suit": "\u2660"
          },
          {
            "value": 5,
            "suit": "\u2660"
          },
          {
            "value": 12,
            "suit": "\u2663"
          },
          {
            "value": 8,
            "suit": "\u2663"
          }
        ],
        "room": [
          {
            "value": 7,
            "suit": "\u2660"
          },
          {
            "value": 12,
            "suit": "\u2660"
          }
        ],
        "discard": [
          {
            "value": 4,
            "suit": "\u2666"
          },
          {
            "value": 11,
            "suit": "\u2660"
          },
          {
            "value": 9,
            "suit": "\u2663"
          },
          {
            "value": 9,
            "suit": "\u2660"
          },
          {
            "value": 6,
            "suit": "\u2663"
          },
          {
            "value": 3,
            "suit": "\u2660"
          },
          {
            "value": 2,
            "suit": "\u2665"
          }
        ],
        "equipped_weapon": {
          "value": 2,
          "suit": "\u2666"
        },
        "weapon_monsters": [],
        "used_potion": true,
        "health": 3,
        "number_avoided": 1,
        "last_room_avoided": true,
        "exit": false,
        "score": -167,
        "can_avoid": false,
        "can_use_potion": false,
        "game_over": false
      },
      "mcts_stats": [
        {
          "action": 0,
          "visits": 50000,
          "avg_value": 0.10550458715597548,
          "total_value": 5275.229357798774,
          "ucb1": 0.12696100676548144
        },
        {
          "action": 1,
          "visits": 50000,
          "avg_value": 0.10550458715597548,
          "total_value": 5275.229357798774,
          "ucb1": 0.12696100676548144
        }
      ],
      "selected_action": 0
    }
  ]
}