{
  "metadata": {
    "seed": 343,
    "num_simulations": 100000,
    "timestamp": "2025-12-21T07:40:17.688909",
    "final_score": -174,
    "num_turns": 7,
    "final_state": {
      "dungeon": [
        {
          "value": 2,
          "suit": "\u2663"
        },
        {
          "value": 7,
          "suit": "\u2666"
        },
        {
          "value": 3,
          "suit": "\u2660"
        },
        {
          "value": 6,
          "suit": "\u2666"
        },
        {
          "value": 5,
          "suit": "\u2663"
        },
        {
          "value": 10,
          "suit": "\u2660"
        },
        {
          "value": 8,
          "suit": "\u2666"
        },
        {
          "value": 10,
          "suit": "\u2666"
        },
        {
          "value": 2,
          "suit": "\u2666"
        },
        {
          "value": 10,
          "suit": "\u2665"
        },
        {
          "value": 4,
          "suit": "\u2665"
        },
        {
          "value": 13,
          "suit": "\u2660"
        },
        {
          "value": 8,
          "suit": "\u2665"
        },
        {
          "value": 6,
          "suit": "\u2665"
        },
        {
          "value": 6,
          "suit": "\u2663"
        },
        {
          "value": 9,
          "suit": "\u2660"
        },
        {
          "value": 9,
          "suit": "\u2663"
        },
        {
          "value": 12,
          "suit": "\u2660"
        },
        {
          "value": 3,
          "suit": "\u2663"
        },
        {
          "value": 9,
          "suit": "\u2666"
        },
        {
          "value": 3,
          "suit": "\u2665"
        },
        {
          "value": 10,
          "suit": "\u2663"
        },
        {
          "value": 4,
          "suit": "\u2663"
        },
        {
          "value": 4,
          "suit": "\u2660"
        },
        {
          "value": 7,
          "suit": "\u2665"
        },
        {
          "value": 7,
          "suit": "\u2660"
        },
        {
          "value": 13,
          "suit": "\u2663"
        },
        {
          "value": 3,
          "suit": "\u2666"
        },
        {
          "value": 2,
          "suit": "\u2660"
        },
        {
          "value": 5,
          "suit": "\u2666"
        },
        {
          "value": 6,
          "suit": "\u2660"
        },
        {
          "value": 5,
          "suit": "\u2660"
        },
        {
          "value": 8,
          "suit": "\u2660"
        },
        {
          "value": 11,
          "suit": "\u2663"
        }
      ],
      "room": [
        {
          "value": 14,
          "suit": "\u2663"
        },
        {
          "value": 7,
          "suit": "\u2663"
        },
        {
          "value": 4,
          "suit": "\u2666"
        },
        {
          "value": 11,
          "suit": "\u2660"
        }
      ],
      "discard": [
        {
          "value": 8,
          "suit": "\u2663"
        },
        {
          "value": 5,
          "suit": "\u2665"
        },
        {
          "value": 12,
          "suit": "\u2663"
        },
        {
          "value": 9,
          "suit": "\u2665"
        },
        {
          "value": 2,
          "suit": "\u2665"
        },
        {
          "value": 14,
          "suit": "\u2660"
        }
      ],
      "equipped_weapon": null,
      "weapon_monsters": [],
      "used_potion": false,
      "health": 0,
      "number_avoided": 1,
      "last_room_avoided": false,
      "exit": false,
      "score": -174,
      "can_avoid": true,
      "can_use_potion": true,
      "game_over": true
    }
  },
  "events": [
    {
      "turn": 0,
      "game_state": {
        "dungeon": [
          {
            "value": 14,
            "suit": "\u2663"
          },
          {
            "value": 5,
            "suit": "\u2665"
          },
          {
            "value": 12,
            "suit": "\u2663"
          },
          {
            "value": 8,
            "suit": "\u2663"
          },
          {
            "value": 9,
            "suit": "\u2665"
          },
          {
            "value": 14,
            "suit": "\u2660"
          },
          {
            "value": 2,
            "suit": "\u2665"
          },
          {
            "value": 7,
            "suit": "\u2663"
          },
          {
            "value": 4,
            "suit": "\u2666"
          },
          {
            "value": 11,
            "suit": "\u2660"
          },
          {
            "value": 2,
            "suit": "\u2663"
          },
          {
            "value": 7,
            "suit": "\u2666"
          },
          {
            "value": 3,
            "suit": "\u2660"
          },
          {
            "value": 6,
            "suit": "\u2666"
          },
          {
            "value": 5,
            "suit": "\u2663"
          },
          {
            "value": 10,
            "suit": "\u2660"
          },
          {
            "value": 8,
            "suit": "\u2666"
          },
          {
            "value": 10,
            "suit": "\u2666"
          },
          {
            "value": 2,
            "suit": "\u2666"
          },
          {
            "value": 10,
            "suit": "\u2665"
          },
          {
            "value": 4,
            "suit": "\u2665"
          },
          {
            "value": 13,
            "suit": "\u2660"
          },
          {
            "value": 8,
            "suit": "\u2665"
          },
          {
            "value": 6,
            "suit": "\u2665"
          },
          {
            "value": 6,
            "suit": "\u2663"
          },
          {
            "value": 9,
            "suit": "\u2660"
          },
          {
            "value": 9,
            "suit": "\u2663"
          },
          {
            "value": 12,
            "suit": "\u2660"
          },
          {
            "value": 3,
            "suit": "\u2663"
          },
          {
            "value": 9,
            "suit": "\u2666"
          },
          {
            "value": 3,
            "suit": "\u2665"
          },
          {
            "value": 10,
            "suit": "\u2663"
          },
          {
            "value": 4,
            "suit": "\u2663"
          },
          {
            "value": 4,
            "suit": "\u2660"
          },
          {
            "value": 7,
            "suit": "\u2665"
          },
          {
            "value": 7,
            "suit": "\u2660"
          },
          {
            "value": 13,
            "suit": "\u2663"
          },
          {
            "value": 3,
            "suit": "\u2666"
          },
          {
            "value": 2,
            "suit": "\u2660"
          },
          {
            "value": 5,
            "suit": "\u2666"
          }
        ],
        "room": [
          {
            "value": 6,
            "suit": "\u2660"
          },
          {
            "value": 5,
            "suit": "\u2660"
          },
          {
            "value": 8,
            "suit": "\u2660"
          },
          {
            "value": 11,
            "suit": "\u2663"
          }
        ],
        "discard": [],
        "equipped_weapon": null,
        "weapon_monsters": [],
        "used_potion": false,
        "health": 20,
        "number_avoided": 0,
        "last_room_avoided": false,
        "exit": false,
        "score": -188,
        "can_avoid": true,
        "can_use_potion": true,
        "game_over": false
      },
      "mcts_stats": [
        {
          "action": 0,
          "visits": 19550,
          "avg_value": 0.0028381707689058935,
          "total_value": 55.48623853211022,
          "ucb1": 0.03715197546891346
        },
        {
          "action": 1,
          "visits": 19552,
          "avg_value": 0.002844684229492942,
          "total_value": 55.619266055046005,
          "ucb1": 0.03715673388233162
        },
        {
          "action": 2,
          "visits": 19547,
          "avg_value": 0.0028329742051972657,
          "total_value": 55.37614678899095,
          "ucb1": 0.03714941198098725
        },
        {
          "action": 3,
          "visits": 18345,
          "avg_value": 0.0,
          "total_value": 0.0,
          "ucb1": 0.03542284166748031
        },
        {
          "action": 4,
          "visits": 23006,
          "avg_value": 0.009706283243222605,
          "total_value": 223.30275229357926,
          "ucb1": 0.041337922439342166
        }
      ],
      "selected_action": 4
    },
    {
      "turn": 1,
      "game_state": {
        "dungeon": [
          {
            "value": 9,
            "suit": "\u2665"
          },
          {
            "value": 14,
            "suit": "\u2660"
          },
          {
            "value": 2,
            "suit": "\u2665"
          },
          {
            "value": 7,
            "suit": "\u2663"
          },
          {
            "value": 4,
            "suit": "\u2666"
          },
          {
            "value": 11,
            "suit": "\u2660"
          },
          {
            "value": 2,
            "suit": "\u2663"
          },
          {
            "value": 7,
            "suit": "\u2666"
          },
          {
            "value": 3,
            "suit": "\u2660"
          },
          {
            "value": 6,
            "suit": "\u2666"
          },
          {
            "value": 5,
            "suit": "\u2663"
          },
          {
            "value": 10,
            "suit": "\u2660"
          },
          {
            "value": 8,
            "suit": "\u2666"
          },
          {
            "value": 10,
            "suit": "\u2666"
          },
          {
            "value": 2,
            "suit": "\u2666"
          },
          {
            "value": 10,
            "suit": "\u2665"
          },
          {
            "value": 4,
            "suit": "\u2665"
          },
          {
            "value": 13,
            "suit": "\u2660"
          },
          {
            "value": 8,
            "suit": "\u2665"
          },
          {
            "value": 6,
            "suit": "\u2665"
          },
          {
            "value": 6,
            "suit": "\u2663"
          },
          {
            "value": 9,
            "suit": "\u2660"
          },
          {
            "value": 9,
            "suit": "\u2663"
          },
          {
            "value": 12,
            "suit": "\u2660"
          },
          {
            "value": 3,
            "suit": "\u2663"
          },
          {
            "value": 9,
            "suit": "\u2666"
          },
          {
            "value": 3,
            "suit": "\u2665"
          },
          {
            "value": 10,
            "suit": "\u2663"
          },
          {
            "value": 4,
            "suit": "\u2663"
          },
          {
            "value": 4,
            "suit": "\u2660"
          },
          {
            "value": 7,
            "suit": "\u2665"
          },
          {
            "value": 7,
            "suit": "\u2660"
          },
          {
            "value": 13,
            "suit": "\u2663"
          },
          {
            "value": 3,
            "suit": "\u2666"
          },
          {
            "value": 2,
            "suit": "\u2660"
          },
          {
            "value": 5,
            "suit": "\u2666"
          },
          {
            "value": 6,
            "suit": "\u2660"
          },
          {
            "value": 5,
            "suit": "\u2660"
          },
          {
            "value": 8,
            "suit": "\u2660"
          },
          {
            "value": 11,
            "suit": "\u2663"
          }
        ],
        "room": [
          {
            "value": 14,
            "suit": "\u2663"
          },
          {
            "value": 5,
            "suit": "\u2665"
          },
          {
            "value": 12,
            "suit": "\u2663"
          },
          {
            "value": 8,
            "suit": "\u2663"
          }
        ],
        "discard": [],
        "equipped_weapon": null,
        "weapon_monsters": [],
        "used_potion": false,
        "health": 20,
        "number_avoided": 1,
        "last_room_avoided": true,
        "exit": false,
        "score": -188,
        "can_avoid": false,
        "can_use_potion": true,
        "game_over": false
      },
      "mcts_stats": [
        {
          "action": 0,
          "visits": 25406,
          "avg_value": 0.01623975265540836,
          "total_value": 412.5871559633048,
          "ucb1": 0.04634028033563915
        },
        {
          "action": 1,
          "visits": 17336,
          "avg_value": 0.0,
          "total_value": 0.0,
          "ucb1": 0.03643911383726307
        },
        {
          "action": 2,
          "visits": 26409,
          "avg_value": 0.017723489455394963,
          "total_value": 468.0596330275256,
          "ucb1": 0.047246883136835026
        },
        {
          "action": 3,
          "visits": 30849,
          "avg_value": 0.023379937969529082,
          "total_value": 721.2477064220027,
          "ucb1": 0.050696227718708256
        }
      ],
      "selected_action": 3
    },
    {
      "turn": 2,
      "game_state": {
        "dungeon": [
          {
            "value": 9,
            "suit": "\u2665"
          },
          {
            "value": 14,
            "suit": "\u2660"
          },
          {
            "value": 2,
            "suit": "\u2665"
          },
          {
            "value": 7,
            "suit": "\u2663"
          },
          {
            "value": 4,
            "suit": "\u2666"
          },
          {
            "value": 11,
            "suit": "\u2660"
          },
          {
            "value": 2,
            "suit": "\u2663"
          },
          {
            "value": 7,
            "suit": "\u2666"
          },
          {
            "value": 3,
            "suit": "\u2660"
          },
          {
            "value": 6,
            "suit": "\u2666"
          },
          {
            "value": 5,
            "suit": "\u2663"
          },
          {
            "value": 10,
            "suit": "\u2660"
          },
          {
            "value": 8,
            "suit": "\u2666"
          },
          {
            "value": 10,
            "suit": "\u2666"
          },
          {
            "value": 2,
            "suit": "\u2666"
          },
          {
            "value": 10,
            "suit": "\u2665"
          },
          {
            "value": 4,
            "suit": "\u2665"
          },
          {
            "value": 13,
            "suit": "\u2660"
          },
          {
            "value": 8,
            "suit": "\u2665"
          },
          {
            "value": 6,
            "suit": "\u2665"
          },
          {
            "value": 6,
            "suit": "\u2663"
          },
          {
            "value": 9,
            "suit": "\u2660"
          },
          {
            "value": 9,
            "suit": "\u2663"
          },
          {
            "value": 12,
            "suit": "\u2660"
          },
          {
            "value": 3,
            "suit": "\u2663"
          },
          {
            "value": 9,
            "suit": "\u2666"
          },
          {
            "value": 3,
            "suit": "\u2665"
          },
          {
            "value": 10,
            "suit": "\u2663"
          },
          {
            "value": 4,
            "suit": "\u2663"
          },
          {
            "value": 4,
            "suit": "\u2660"
          },
          {
            "value": 7,
            "suit": "\u2665"
          },
          {
            "value": 7,
            "suit": "\u2660"
          },
          {
            "value": 13,
            "suit": "\u2663"
          },
          {
            "value": 3,
            "suit": "\u2666"
          },
          {
            "value": 2,
            "suit": "\u2660"
          },
          {
            "value": 5,
            "suit": "\u2666"
          },
          {
            "value": 6,
            "suit": "\u2660"
          },
          {
            "value": 5,
            "suit": "\u2660"
          },
          {
            "value": 8,
            "suit": "\u2660"
          },
          {
            "value": 11,
            "suit": "\u2663"
          }
        ],
        "room": [
          {
            "value": 14,
            "suit": "\u2663"
          },
          {
            "value": 5,
            "suit": "\u2665"
          },
          {
            "value": 12,
            "suit": "\u2663"
          }
        ],
        "discard": [
          {
            "value": 8,
            "suit": "\u2663"
          }
        ],
        "equipped_weapon": null,
        "weapon_monsters": [],
        "used_potion": false,
        "health": 12,
        "number_avoided": 1,
        "last_room_avoided": true,
        "exit": false,
        "score": -188,
        "can_avoid": false,
        "can_use_potion": true,
        "game_over": false
      },
      "mcts_stats": [
        {
          "action": 0,
          "visits": 17099,
          "avg_value": 0.0,
          "total_value": 0.0,
          "ucb1": 0.03669077623308038
        },
        {
          "action": 1,
          "visits": 65802,
          "avg_value": 0.04606452105831132,
          "total_value": 3031.137614679001,
          "ucb1": 0.06476801352418393
        },
        {
          "action": 2,
          "visits": 17099,
          "avg_value": 0.0,
          "total_value": 0.0,
          "ucb1": 0.03669077623308038
        }
      ],
      "selected_action": 1
    },
    {
      "turn": 3,
      "game_state": {
        "dungeon": [
          {
            "value": 9,
            "suit": "\u2665"
          },
          {
            "value": 14,
            "suit": "\u2660"
          },
          {
            "value": 2,
            "suit": "\u2665"
          },
          {
            "value": 7,
            "suit": "\u2663"
          },
          {
            "value": 4,
            "suit": "\u2666"
          },
          {
            "value": 11,
            "suit": "\u2660"
          },
          {
            "value": 2,
            "suit": "\u2663"
          },
          {
            "value": 7,
            "suit": "\u2666"
          },
          {
            "value": 3,
            "suit": "\u2660"
          },
          {
            "value": 6,
            "suit": "\u2666"
          },
          {
            "value": 5,
            "suit": "\u2663"
          },
          {
            "value": 10,
            "suit": "\u2660"
          },
          {
            "value": 8,
            "suit": "\u2666"
          },
          {
            "value": 10,
            "suit": "\u2666"
          },
          {
            "value": 2,
            "suit": "\u2666"
          },
          {
            "value": 10,
            "suit": "\u2665"
          },
          {
            "value": 4,
            "suit": "\u2665"
          },
          {
            "value": 13,
            "suit": "\u2660"
          },
          {
            "value": 8,
            "suit": "\u2665"
          },
          {
            "value": 6,
            "suit": "\u2665"
          },
          {
            "value": 6,
            "suit": "\u2663"
          },
          {
            "value": 9,
            "suit": "\u2660"
          },
          {
            "value": 9,
            "suit": "\u2663"
          },
          {
            "value": 12,
            "suit": "\u2660"
          },
          {
            "value": 3,
            "suit": "\u2663"
          },
          {
            "value": 9,
            "suit": "\u2666"
          },
          {
            "value": 3,
            "suit": "\u2665"
          },
          {
            "value": 10,
            "suit": "\u2663"
          },
          {
            "value": 4,
            "suit": "\u2663"
          },
          {
            "value": 4,
            "suit": "\u2660"
          },
          {
            "value": 7,
            "suit": "\u2665"
          },
          {
            "value": 7,
            "suit": "\u2660"
          },
          {
            "value": 13,
            "suit": "\u2663"
          },
          {
            "value": 3,
            "suit": "\u2666"
          },
          {
            "value": 2,
            "suit": "\u2660"
          },
          {
            "value": 5,
            "suit": "\u2666"
          },
          {
            "value": 6,
            "suit": "\u2660"
          },
          {
            "value": 5,
            "suit": "\u2660"
          },
          {
            "value": 8,
            "suit": "\u2660"
          },
          {
            "value": 11,
            "suit": "\u2663"
          }
        ],
        "room": [
          {
            "value": 14,
            "suit": "\u2663"
          },
          {
            "value": 12,
            "suit": "\u2663"
          }
        ],
        "discard": [
          {
            "value": 8,
            "suit": "\u2663"
          },
          {
            "value": 5,
            "suit": "\u2665"
          }
        ],
        "equipped_weapon": null,
        "weapon_monsters": [],
        "used_potion": true,
        "health": 17,
        "number_avoided": 1,
        "last_room_avoided": true,
        "exit": false,
        "score": -183,
        "can_avoid": false,
        "can_use_potion": false,
        "game_over": false
      },
      "mcts_stats": [
        {
          "action": 0,
          "visits": 46432,
          "avg_value": 0.0441753828425835,
          "total_value": 2051.1513761468373,
          "ucb1": 0.06644093966784922
        },
        {
          "action": 1,
          "visits": 53568,
          "avg_value": 0.04810331102780913,
          "total_value": 2576.7981651376795,
          "ucb1": 0.0688328450625573
        }
      ],
      "selected_action": 1
    },
    {
      "turn": 4,
      "game_state": {
        "dungeon": [
          {
            "value": 7,
            "suit": "\u2663"
          },
          {
            "value": 4,
            "suit": "\u2666"
          },
          {
            "value": 11,
            "suit": "\u2660"
          },
          {
            "value": 2,
            "suit": "\u2663"
          },
          {
            "value": 7,
            "suit": "\u2666"
          },
          {
            "value": 3,
            "suit": "\u2660"
          },
          {
            "value": 6,
            "suit": "\u2666"
          },
          {
            "value": 5,
            "suit": "\u2663"
          },
          {
            "value": 10,
            "suit": "\u2660"
          },
          {
            "value": 8,
            "suit": "\u2666"
          },
          {
            "value": 10,
            "suit": "\u2666"
          },
          {
            "value": 2,
            "suit": "\u2666"
          },
          {
            "value": 10,
            "suit": "\u2665"
          },
          {
            "value": 4,
            "suit": "\u2665"
          },
          {
            "value": 13,
            "suit": "\u2660"
          },
          {
            "value": 8,
            "suit": "\u2665"
          },
          {
            "value": 6,
            "suit": "\u2665"
          },
          {
            "value": 6,
            "suit": "\u2663"
          },
          {
            "value": 9,
            "suit": "\u2660"
          },
          {
            "value": 9,
            "suit": "\u2663"
          },
          {
            "value": 12,
            "suit": "\u2660"
          },
          {
            "value": 3,
            "suit": "\u2663"
          },
          {
            "value": 9,
            "suit": "\u2666"
          },
          {
            "value": 3,
            "suit": "\u2665"
          },
          {
            "value": 10,
            "suit": "\u2663"
          },
          {
            "value": 4,
            "suit": "\u2663"
          },
          {
            "value": 4,
            "suit": "\u2660"
          },
          {
            "value": 7,
            "suit": "\u2665"
          },
          {
            "value": 7,
            "suit": "\u2660"
          },
          {
            "value": 13,
            "suit": "\u2663"
          },
          {
            "value": 3,
            "suit": "\u2666"
          },
          {
            "value": 2,
            "suit": "\u2660"
          },
          {
            "value": 5,
            "suit": "\u2666"
          },
          {
            "value": 6,
            "suit": "\u2660"
          },
          {
            "value": 5,
            "suit": "\u2660"
          },
          {
            "value": 8,
            "suit": "\u2660"
          },
          {
            "value": 11,
            "suit": "\u2663"
          }
        ],
        "room": [
          {
            "value": 14,
            "suit": "\u2663"
          },
          {
            "value": 9,
            "suit": "\u2665"
          },
          {
            "value": 14,
            "suit": "\u2660"
          },
          {
            "value": 2,
            "suit": "\u2665"
          }
        ],
        "discard": [
          {
            "value": 8,
            "suit": "\u2663"
          },
          {
            "value": 5,
            "suit": "\u2665"
          },
          {
            "value": 12,
            "suit": "\u2663"
          }
        ],
        "equipped_weapon": null,
        "weapon_monsters": [],
        "used_potion": false,
        "health": 5,
        "number_avoided": 1,
        "last_room_avoided": false,
        "exit": false,
        "score": -183,
        "can_avoid": true,
        "can_use_potion": true,
        "game_over": false
      },
      "mcts_stats": [
        {
          "action": 0,
          "visits": 12413,
          "avg_value": 0.022935779816513943,
          "total_value": 284.70183486238756,
          "ucb1": 0.0659987398025059
        },
        {
          "action": 1,
          "visits": 31716,
          "avg_value": 0.06422018348624148,
          "total_value": 2036.8073394496348,
          "ucb1": 0.09116052218126133
        },
        {
          "action": 2,
          "visits": 12413,
          "avg_value": 0.022935779816513943,
          "total_value": 284.70183486238756,
          "ucb1": 0.0659987398025059
        },
        {
          "action": 3,
          "visits": 14769,
          "avg_value": 0.03211009174312048,
          "total_value": 474.2339449541464,
          "ucb1": 0.07158914330748736
        },
        {
          "action": 4,
          "visits": 28689,
          "avg_value": 0.06067025017740122,
          "total_value": 1740.5688073394635,
          "ucb1": 0.08899620451582732
        }
      ],
      "selected_action": 1
    },
    {
      "turn": 5,
      "game_state": {
        "dungeon": [
          {
            "value": 7,
            "suit": "\u2663"
          },
          {
            "value": 4,
            "suit": "\u2666"
          },
          {
            "value": 11,
            "suit": "\u2660"
          },
          {
            "value": 2,
            "suit": "\u2663"
          },
          {
            "value": 7,
            "suit": "\u2666"
          },
          {
            "value": 3,
            "suit": "\u2660"
          },
          {
            "value": 6,
            "suit": "\u2666"
          },
          {
            "value": 5,
            "suit": "\u2663"
          },
          {
            "value": 10,
            "suit": "\u2660"
          },
          {
            "value": 8,
            "suit": "\u2666"
          },
          {
            "value": 10,
            "suit": "\u2666"
          },
          {
            "value": 2,
            "suit": "\u2666"
          },
          {
            "value": 10,
            "suit": "\u2665"
          },
          {
            "value": 4,
            "suit": "\u2665"
          },
          {
            "value": 13,
            "suit": "\u2660"
          },
          {
            "value": 8,
            "suit": "\u2665"
          },
          {
            "value": 6,
            "suit": "\u2665"
          },
          {
            "value": 6,
            "suit": "\u2663"
          },
          {
            "value": 9,
            "suit": "\u2660"
          },
          {
            "value": 9,
            "suit": "\u2663"
          },
          {
            "value": 12,
            "suit": "\u2660"
          },
          {
            "value": 3,
            "suit": "\u2663"
          },
          {
            "value": 9,
            "suit": "\u2666"
          },
          {
            "value": 3,
            "suit": "\u2665"
          },
          {
            "value": 10,
            "suit": "\u2663"
          },
          {
            "value": 4,
            "suit": "\u2663"
          },
          {
            "value": 4,
            "suit": "\u2660"
          },
          {
            "value": 7,
            "suit": "\u2665"
          },
          {
            "value": 7,
            "suit": "\u2660"
          },
          {
            "value": 13,
            "suit": "\u2663"
          },
          {
            "value": 3,
            "suit": "\u2666"
          },
          {
            "value": 2,
            "suit": "\u2660"
          },
          {
            "value": 5,
            "suit": "\u2666"
          },
          {
            "value": 6,
            "suit": "\u2660"
          },
          {
            "value": 5,
            "suit": "\u2660"
          },
          {
            "value": 8,
            "suit": "\u2660"
          },
          {
            "value": 11,
            "suit": "\u2663"
          }
        ],
        "room": [
          {
            "value": 14,
            "suit": "\u2663"
          },
          {
            "value": 14,
            "suit": "\u2660"
          },
          {
            "value": 2,
            "suit": "\u2665"
          }
        ],
        "discard": [
          {
            "value": 8,
            "suit": "\u2663"
          },
          {
            "value": 5,
            "suit": "\u2665"
          },
          {
            "value": 12,
            "suit": "\u2663"
          },
          {
            "value": 9,
            "suit": "\u2665"
          }
        ],
        "equipped_weapon": null,
        "weapon_monsters": [],
        "used_potion": true,
        "health": 14,
        "number_avoided": 1,
        "last_room_avoided": false,
        "exit": false,
        "score": -174,
        "can_avoid": false,
        "can_use_potion": false,
        "game_over": false
      },
      "mcts_stats": [
        {
          "action": 0,
          "visits": 33334,
          "avg_value": 0.06422018348624026,
          "total_value": 2140.7155963303326,
          "ucb1": 0.09049856057895159
        },
        {
          "action": 1,
          "visits": 33332,
          "avg_value": 0.06422018348624026,
          "total_value": 2140.58715596336,
          "ucb1": 0.09049934894997383
        },
        {
          "action": 2,
          "visits": 33334,
          "avg_value": 0.06422018348624026,
          "total_value": 2140.7155963303326,
          "ucb1": 0.09049856057895159
        }
      ],
      "selected_action": 2
    },
    {
      "turn": 6,
      "game_state": {
        "dungeon": [
          {
            "value": 7,
            "suit": "\u2663"
          },
          {
            "value": 4,
            "suit": "\u2666"
          },
          {
            "value": 11,
            "suit": "\u2660"
          },
          {
            "value": 2,
            "suit": "\u2663"
          },
          {
            "value": 7,
            "suit": "\u2666"
          },
          {
            "value": 3,
            "suit": "\u2660"
          },
          {
            "value": 6,
            "suit": "\u2666"
          },
          {
            "value": 5,
            "suit": "\u2663"
          },
          {
            "value": 10,
            "suit": "\u2660"
          },
          {
            "value": 8,
            "suit": "\u2666"
          },
          {
            "value": 10,
            "suit": "\u2666"
          },
          {
            "value": 2,
            "suit": "\u2666"
          },
          {
            "value": 10,
            "suit": "\u2665"
          },
          {
            "value": 4,
            "suit": "\u2665"
          },
          {
            "value": 13,
            "suit": "\u2660"
          },
          {
            "value": 8,
            "suit": "\u2665"
          },
          {
            "value": 6,
            "suit": "\u2665"
          },
          {
            "value": 6,
            "suit": "\u2663"
          },
          {
            "value": 9,
            "suit": "\u2660"
          },
          {
            "value": 9,
            "suit": "\u2663"
          },
          {
            "value": 12,
            "suit": "\u2660"
          },
          {
            "value": 3,
            "suit": "\u2663"
          },
          {
            "value": 9,
            "suit": "\u2666"
          },
          {
            "value": 3,
            "suit": "\u2665"
          },
          {
            "value": 10,
            "suit": "\u2663"
          },
          {
            "value": 4,
            "suit": "\u2663"
          },
          {
            "value": 4,
            "suit": "\u2660"
          },
          {
            "value": 7,
            "suit": "\u2665"
          },
          {
            "value": 7,
            "suit": "\u2660"
          },
          {
            "value": 13,
            "suit": "\u2663"
          },
          {
            "value": 3,
            "suit": "\u2666"
          },
          {
            "value": 2,
            "suit": "\u2660"
          },
          {
            "value": 5,
            "suit": "\u2666"
          },
          {
            "value": 6,
            "suit": "\u2660"
          },
          {
            "value": 5,
            "suit": "\u2660"
          },
          {
            "value": 8,
            "suit": "\u2660"
          },
          {
            "value": 11,
            "suit": "\u2663"
          }
        ],
        "room": [
          {
            "value": 14,
            "suit": "\u2663"
          },
          {
            "value": 14,
            "suit": "\u2660"
          }
        ],
        "discard": [
          {
            "value": 8,
            "suit": "\u2663"
          },
          {
            "value": 5,
            "suit": "\u2665"
          },
          {
            "value": 12,
            "suit": "\u2663"
          },
          {
            "value": 9,
            "suit": "\u2665"
          },
          {
            "value": 2,
            "suit": "\u2665"
          }
        ],
        "equipped_weapon": null,
        "weapon_monsters": [],
        "used_potion": true,
        "health": 14,
        "number_avoided": 1,
        "last_room_avoided": false,
        "exit": false,
        "score": -174,
        "can_avoid": false,
        "can_use_potion": false,
        "game_over": false
      },
      "mcts_stats": [
        {
          "action": 0,
          "visits": 50000,
          "avg_value": 0.06422018348623133,
          "total_value": 3211.0091743115668,
          "ucb1": 0.0856766030957373
        },
        {
          "action": 1,
          "visits": 50000,
          "avg_value": 0.06422018348623133,
          "total_value": 3211.0091743115668,
          "ucb1": 0.0856766030957373
        }
      ],
      "selected_action": 1
    }
  ]
}