{
  "metadata": {
    "seed": 683,
    "num_simulations": 100000,
    "timestamp": "2025-12-21T17:01:09.246746",
    "final_score": -170,
    "num_turns": 9,
    "final_state": {
      "dungeon": [
        {
          "value": 7,
          "suit": "\u2666"
        },
        {
          "value": 8,
          "suit": "\u2660"
        },
        {
          "value": 2,
          "suit": "\u2666"
        },
        {
          "value": 14,
          "suit": "\u2660"
        },
        {
          "value": 12,
          "suit": "\u2660"
        },
        {
          "value": 7,
          "suit": "\u2663"
        },
        {
          "value": 13,
          "suit": "\u2660"
        },
        {
          "value": 9,
          "suit": "\u2665"
        },
        {
          "value": 2,
          "suit": "\u2663"
        },
        {
          "value": 8,
          "suit": "\u2666"
        },
        {
          "value": 6,
          "suit": "\u2663"
        },
        {
          "value": 6,
          "suit": "\u2665"
        },
        {
          "value": 9,
          "suit": "\u2660"
        },
        {
          "value": 5,
          "suit": "\u2660"
        },
        {
          "value": 3,
          "suit": "\u2665"
        },
        {
          "value": 6,
          "suit": "\u2666"
        },
        {
          "value": 4,
          "suit": "\u2660"
        },
        {
          "value": 13,
          "suit": "\u2663"
        },
        {
          "value": 11,
          "suit": "\u2663"
        },
        {
          "value": 4,
          "suit": "\u2666"
        },
        {
          "value": 3,
          "suit": "\u2660"
        },
        {
          "value": 3,
          "suit": "\u2666"
        },
        {
          "value": 5,
          "suit": "\u2665"
        },
        {
          "value": 6,
          "suit": "\u2660"
        },
        {
          "value": 8,
          "suit": "\u2665"
        },
        {
          "value": 10,
          "suit": "\u2665"
        },
        {
          "value": 5,
          "suit": "\u2666"
        },
        {
          "value": 10,
          "suit": "\u2666"
        },
        {
          "value": 4,
          "suit": "\u2665"
        },
        {
          "value": 9,
          "suit": "\u2663"
        },
        {
          "value": 10,
          "suit": "\u2663"
        },
        {
          "value": 4,
          "suit": "\u2663"
        },
        {
          "value": 10,
          "suit": "\u2660"
        },
        {
          "value": 7,
          "suit": "\u2660"
        }
      ],
      "room": [
        {
          "value": 14,
          "suit": "\u2663"
        },
        {
          "value": 3,
          "suit": "\u2663"
        }
      ],
      "discard": [
        {
          "value": 11,
          "suit": "\u2660"
        },
        {
          "value": 7,
          "suit": "\u2665"
        },
        {
          "value": 2,
          "suit": "\u2660"
        },
        {
          "value": 2,
          "suit": "\u2665"
        },
        {
          "value": 5,
          "suit": "\u2663"
        },
        {
          "value": 8,
          "suit": "\u2663"
        }
      ],
      "equipped_weapon": {
        "value": 9,
        "suit": "\u2666"
      },
      "weapon_monsters": [
        {
          "value": 12,
          "suit": "\u2663"
        }
      ],
      "used_potion": false,
      "health": 0,
      "number_avoided": 1,
      "last_room_avoided": true,
      "exit": false,
      "score": -170,
      "can_avoid": false,
      "can_use_potion": true,
      "game_over": true
    }
  },
  "events": [
    {
      "turn": 0,
      "game_state": {
        "dungeon": [
          {
            "value": 2,
            "suit": "\u2665"
          },
          {
            "value": 8,
            "suit": "\u2663"
          },
          {
            "value": 10,
            "suit": "\u2663"
          },
          {
            "value": 4,
            "suit": "\u2663"
          },
          {
            "value": 10,
            "suit": "\u2660"
          },
          {
            "value": 7,
            "suit": "\u2660"
          },
          {
            "value": 14,
            "suit": "\u2663"
          },
          {
            "value": 12,
            "suit": "\u2663"
          },
          {
            "value": 3,
            "suit": "\u2663"
          },
          {
            "value": 9,
            "suit": "\u2666"
          },
          {
            "value": 7,
            "suit": "\u2666"
          },
          {
            "value": 8,
            "suit": "\u2660"
          },
          {
            "value": 2,
            "suit": "\u2666"
          },
          {
            "value": 14,
            "suit": "\u2660"
          },
          {
            "value": 12,
            "suit": "\u2660"
          },
          {
            "value": 7,
            "suit": "\u2663"
          },
          {
            "value": 13,
            "suit": "\u2660"
          },
          {
            "value": 9,
            "suit": "\u2665"
          },
          {
            "value": 2,
            "suit": "\u2663"
          },
          {
            "value": 8,
            "suit": "\u2666"
          },
          {
            "value": 6,
            "suit": "\u2663"
          },
          {
            "value": 6,
            "suit": "\u2665"
          },
          {
            "value": 9,
            "suit": "\u2660"
          },
          {
            "value": 5,
            "suit": "\u2660"
          },
          {
            "value": 3,
            "suit": "\u2665"
          },
          {
            "value": 6,
            "suit": "\u2666"
          },
          {
            "value": 4,
            "suit": "\u2660"
          },
          {
            "value": 13,
            "suit": "\u2663"
          },
          {
            "value": 11,
            "suit": "\u2663"
          },
          {
            "value": 4,
            "suit": "\u2666"
          },
          {
            "value": 3,
            "suit": "\u2660"
          },
          {
            "value": 3,
            "suit": "\u2666"
          },
          {
            "value": 5,
            "suit": "\u2665"
          },
          {
            "value": 6,
            "suit": "\u2660"
          },
          {
            "value": 8,
            "suit": "\u2665"
          },
          {
            "value": 10,
            "suit": "\u2665"
          },
          {
            "value": 5,
            "suit": "\u2666"
          },
          {
            "value": 10,
            "suit": "\u2666"
          },
          {
            "value": 4,
            "suit": "\u2665"
          },
          {
            "value": 9,
            "suit": "\u2663"
          }
        ],
        "room": [
          {
            "value": 5,
            "suit": "\u2663"
          },
          {
            "value": 7,
            "suit": "\u2665"
          },
          {
            "value": 11,
            "suit": "\u2660"
          },
          {
            "value": 2,
            "suit": "\u2660"
          }
        ],
        "discard": [],
        "equipped_weapon": null,
        "weapon_monsters": [],
        "used_potion": false,
        "health": 20,
        "number_avoided": 0,
        "last_room_avoided": false,
        "exit": false,
        "score": -188,
        "can_avoid": true,
        "can_use_potion": true,
        "game_over": false
      },
      "mcts_stats": [
        {
          "action": 0,
          "visits": 23079,
          "avg_value": 0.025566552221309793,
          "total_value": 590.0504587156087,
          "ucb1": 0.05714812558894053
        },
        {
          "action": 1,
          "visits": 14213,
          "avg_value": 0.003373316972380223,
          "total_value": 47.94495412844011,
          "ucb1": 0.04361715366248859
        },
        {
          "action": 2,
          "visits": 25652,
          "avg_value": 0.029726029552929783,
          "total_value": 762.5321100917548,
          "ucb1": 0.059681879077611036
        },
        {
          "action": 3,
          "visits": 20967,
          "avg_value": 0.021588096278862882,
          "total_value": 452.63761467891806,
          "ucb1": 0.054722114625448084
        },
        {
          "action": 4,
          "visits": 16089,
          "avg_value": 0.009576603993497216,
          "total_value": 154.07798165137672,
          "ucb1": 0.04740149890813775
        }
      ],
      "selected_action": 2
    },
    {
      "turn": 1,
      "game_state": {
        "dungeon": [
          {
            "value": 2,
            "suit": "\u2665"
          },
          {
            "value": 8,
            "suit": "\u2663"
          },
          {
            "value": 10,
            "suit": "\u2663"
          },
          {
            "value": 4,
            "suit": "\u2663"
          },
          {
            "value": 10,
            "suit": "\u2660"
          },
          {
            "value": 7,
            "suit": "\u2660"
          },
          {
            "value": 14,
            "suit": "\u2663"
          },
          {
            "value": 12,
            "suit": "\u2663"
          },
          {
            "value": 3,
            "suit": "\u2663"
          },
          {
            "value": 9,
            "suit": "\u2666"
          },
          {
            "value": 7,
            "suit": "\u2666"
          },
          {
            "value": 8,
            "suit": "\u2660"
          },
          {
            "value": 2,
            "suit": "\u2666"
          },
          {
            "value": 14,
            "suit": "\u2660"
          },
          {
            "value": 12,
            "suit": "\u2660"
          },
          {
            "value": 7,
            "suit": "\u2663"
          },
          {
            "value": 13,
            "suit": "\u2660"
          },
          {
            "value": 9,
            "suit": "\u2665"
          },
          {
            "value": 2,
            "suit": "\u2663"
          },
          {
            "value": 8,
            "suit": "\u2666"
          },
          {
            "value": 6,
            "suit": "\u2663"
          },
          {
            "value": 6,
            "suit": "\u2665"
          },
          {
            "value": 9,
            "suit": "\u2660"
          },
          {
            "value": 5,
            "suit": "\u2660"
          },
          {
            "value": 3,
            "suit": "\u2665"
          },
          {
            "value": 6,
            "suit": "\u2666"
          },
          {
            "value": 4,
            "suit": "\u2660"
          },
          {
            "value": 13,
            "suit": "\u2663"
          },
          {
            "value": 11,
            "suit": "\u2663"
          },
          {
            "value": 4,
            "suit": "\u2666"
          },
          {
            "value": 3,
            "suit": "\u2660"
          },
          {
            "value": 3,
            "suit": "\u2666"
          },
          {
            "value": 5,
            "suit": "\u2665"
          },
          {
            "value": 6,
            "suit": "\u2660"
          },
          {
            "value": 8,
            "suit": "\u2665"
          },
          {
            "value": 10,
            "suit": "\u2665"
          },
          {
            "value": 5,
            "suit": "\u2666"
          },
          {
            "value": 10,
            "suit": "\u2666"
          },
          {
            "value": 4,
            "suit": "\u2665"
          },
          {
            "value": 9,
            "suit": "\u2663"
          }
        ],
        "room": [
          {
            "value": 5,
            "suit": "\u2663"
          },
          {
            "value": 7,
            "suit": "\u2665"
          },
          {
            "value": 2,
            "suit": "\u2660"
          }
        ],
        "discard": [
          {
            "value": 11,
            "suit": "\u2660"
          }
        ],
        "equipped_weapon": null,
        "weapon_monsters": [],
        "used_potion": false,
        "health": 9,
        "number_avoided": 0,
        "last_room_avoided": false,
        "exit": false,
        "score": -188,
        "can_avoid": false,
        "can_use_potion": true,
        "game_over": false
      },
      "mcts_stats": [
        {
          "action": 0,
          "visits": 29849,
          "avg_value": 0.027354811265633657,
          "total_value": 816.513761467899,
          "ucb1": 0.05512490610778262
        },
        {
          "action": 1,
          "visits": 40304,
          "avg_value": 0.03726768304008546,
          "total_value": 1502.0366972476043,
          "ucb1": 0.06116604754887369
        },
        {
          "action": 2,
          "visits": 29847,
          "avg_value": 0.02734988195146962,
          "total_value": 816.3119266055138,
          "ucb1": 0.055120907192976985
        }
      ],
      "selected_action": 1
    },
    {
      "turn": 2,
      "game_state": {
        "dungeon": [
          {
            "value": 2,
            "suit": "\u2665"
          },
          {
            "value": 8,
            "suit": "\u2663"
          },
          {
            "value": 10,
            "suit": "\u2663"
          },
          {
            "value": 4,
            "suit": "\u2663"
          },
          {
            "value": 10,
            "suit": "\u2660"
          },
          {
            "value": 7,
            "suit": "\u2660"
          },
          {
            "value": 14,
            "suit": "\u2663"
          },
          {
            "value": 12,
            "suit": "\u2663"
          },
          {
            "value": 3,
            "suit": "\u2663"
          },
          {
            "value": 9,
            "suit": "\u2666"
          },
          {
            "value": 7,
            "suit": "\u2666"
          },
          {
            "value": 8,
            "suit": "\u2660"
          },
          {
            "value": 2,
            "suit": "\u2666"
          },
          {
            "value": 14,
            "suit": "\u2660"
          },
          {
            "value": 12,
            "suit": "\u2660"
          },
          {
            "value": 7,
            "suit": "\u2663"
          },
          {
            "value": 13,
            "suit": "\u2660"
          },
          {
            "value": 9,
            "suit": "\u2665"
          },
          {
            "value": 2,
            "suit": "\u2663"
          },
          {
            "value": 8,
            "suit": "\u2666"
          },
          {
            "value": 6,
            "suit": "\u2663"
          },
          {
            "value": 6,
            "suit": "\u2665"
          },
          {
            "value": 9,
            "suit": "\u2660"
          },
          {
            "value": 5,
            "suit": "\u2660"
          },
          {
            "value": 3,
            "suit": "\u2665"
          },
          {
            "value": 6,
            "suit": "\u2666"
          },
          {
            "value": 4,
            "suit": "\u2660"
          },
          {
            "value": 13,
            "suit": "\u2663"
          },
          {
            "value": 11,
            "suit": "\u2663"
          },
          {
            "value": 4,
            "suit": "\u2666"
          },
          {
            "value": 3,
            "suit": "\u2660"
          },
          {
            "value": 3,
            "suit": "\u2666"
          },
          {
            "value": 5,
            "suit": "\u2665"
          },
          {
            "value": 6,
            "suit": "\u2660"
          },
          {
            "value": 8,
            "suit": "\u2665"
          },
          {
            "value": 10,
            "suit": "\u2665"
          },
          {
            "value": 5,
            "suit": "\u2666"
          },
          {
            "value": 10,
            "suit": "\u2666"
          },
          {
            "value": 4,
            "suit": "\u2665"
          },
          {
            "value": 9,
            "suit": "\u2663"
          }
        ],
        "room": [
          {
            "value": 5,
            "suit": "\u2663"
          },
          {
            "value": 2,
            "suit": "\u2660"
          }
        ],
        "discard": [
          {
            "value": 11,
            "suit": "\u2660"
          },
          {
            "value": 7,
            "suit": "\u2665"
          }
        ],
        "equipped_weapon": null,
        "weapon_monsters": [],
        "used_potion": true,
        "health": 16,
        "number_avoided": 0,
        "last_room_avoided": false,
        "exit": false,
        "score": -181,
        "can_avoid": false,
        "can_use_potion": false,
        "game_over": false
      },
      "mcts_stats": [
        {
          "action": 0,
          "visits": 49996,
          "avg_value": 0.0373418864334799,
          "total_value": 1866.944954128261,
          "ucb1": 0.05879916435126909
        },
        {
          "action": 1,
          "visits": 50004,
          "avg_value": 0.03734682876745648,
          "total_value": 1867.4908256878937,
          "ucb1": 0.05880239017167004
        }
      ],
      "selected_action": 1
    },
    {
      "turn": 3,
      "game_state": {
        "dungeon": [
          {
            "value": 4,
            "suit": "\u2663"
          },
          {
            "value": 10,
            "suit": "\u2660"
          },
          {
            "value": 7,
            "suit": "\u2660"
          },
          {
            "value": 14,
            "suit": "\u2663"
          },
          {
            "value": 12,
            "suit": "\u2663"
          },
          {
            "value": 3,
            "suit": "\u2663"
          },
          {
            "value": 9,
            "suit": "\u2666"
          },
          {
            "value": 7,
            "suit": "\u2666"
          },
          {
            "value": 8,
            "suit": "\u2660"
          },
          {
            "value": 2,
            "suit": "\u2666"
          },
          {
            "value": 14,
            "suit": "\u2660"
          },
          {
            "value": 12,
            "suit": "\u2660"
          },
          {
            "value": 7,
            "suit": "\u2663"
          },
          {
            "value": 13,
            "suit": "\u2660"
          },
          {
            "value": 9,
            "suit": "\u2665"
          },
          {
            "value": 2,
            "suit": "\u2663"
          },
          {
            "value": 8,
            "suit": "\u2666"
          },
          {
            "value": 6,
            "suit": "\u2663"
          },
          {
            "value": 6,
            "suit": "\u2665"
          },
          {
            "value": 9,
            "suit": "\u2660"
          },
          {
            "value": 5,
            "suit": "\u2660"
          },
          {
            "value": 3,
            "suit": "\u2665"
          },
          {
            "value": 6,
            "suit": "\u2666"
          },
          {
            "value": 4,
            "suit": "\u2660"
          },
          {
            "value": 13,
            "suit": "\u2663"
          },
          {
            "value": 11,
            "suit": "\u2663"
          },
          {
            "value": 4,
            "suit": "\u2666"
          },
          {
            "value": 3,
            "suit": "\u2660"
          },
          {
            "value": 3,
            "suit": "\u2666"
          },
          {
            "value": 5,
            "suit": "\u2665"
          },
          {
            "value": 6,
            "suit": "\u2660"
          },
          {
            "value": 8,
            "suit": "\u2665"
          },
          {
            "value": 10,
            "suit": "\u2665"
          },
          {
            "value": 5,
            "suit": "\u2666"
          },
          {
            "value": 10,
            "suit": "\u2666"
          },
          {
            "value": 4,
            "suit": "\u2665"
          },
          {
            "value": 9,
            "suit": "\u2663"
          }
        ],
        "room": [
          {
            "value": 5,
            "suit": "\u2663"
          },
          {
            "value": 2,
            "suit": "\u2665"
          },
          {
            "value": 8,
            "suit": "\u2663"
          },
          {
            "value": 10,
            "suit": "\u2663"
          }
        ],
        "discard": [
          {
            "value": 11,
            "suit": "\u2660"
          },
          {
            "value": 7,
            "suit": "\u2665"
          },
          {
            "value": 2,
            "suit": "\u2660"
          }
        ],
        "equipped_weapon": null,
        "weapon_monsters": [],
        "used_potion": false,
        "health": 14,
        "number_avoided": 0,
        "last_room_avoided": false,
        "exit": false,
        "score": -181,
        "can_avoid": true,
        "can_use_potion": true,
        "game_over": false
      },
      "mcts_stats": [
        {
          "action": 0,
          "visits": 20275,
          "avg_value": 0.03799884614079393,
          "total_value": 770.4266055045969,
          "ucb1": 0.07169356402747264
        },
        {
          "action": 1,
          "visits": 22563,
          "avg_value": 0.04249447113830414,
          "total_value": 958.8027522935563,
          "ucb1": 0.07443512734478866
        },
        {
          "action": 2,
          "visits": 20116,
          "avg_value": 0.03766343282356876,
          "total_value": 757.6376146789091,
          "ucb1": 0.07149105275904583
        },
        {
          "action": 3,
          "visits": 19280,
          "avg_value": 0.03580551220069371,
          "total_value": 690.3302752293747,
          "ucb1": 0.07035874937644371
        },
        {
          "action": 4,
          "visits": 17766,
          "avg_value": 0.032110091743120565,
          "total_value": 570.46788990828,
          "ucb1": 0.06810552680692869
        }
      ],
      "selected_action": 1
    },
    {
      "turn": 4,
      "game_state": {
        "dungeon": [
          {
            "value": 4,
            "suit": "\u2663"
          },
          {
            "value": 10,
            "suit": "\u2660"
          },
          {
            "value": 7,
            "suit": "\u2660"
          },
          {
            "value": 14,
            "suit": "\u2663"
          },
          {
            "value": 12,
            "suit": "\u2663"
          },
          {
            "value": 3,
            "suit": "\u2663"
          },
          {
            "value": 9,
            "suit": "\u2666"
          },
          {
            "value": 7,
            "suit": "\u2666"
          },
          {
            "value": 8,
            "suit": "\u2660"
          },
          {
            "value": 2,
            "suit": "\u2666"
          },
          {
            "value": 14,
            "suit": "\u2660"
          },
          {
            "value": 12,
            "suit": "\u2660"
          },
          {
            "value": 7,
            "suit": "\u2663"
          },
          {
            "value": 13,
            "suit": "\u2660"
          },
          {
            "value": 9,
            "suit": "\u2665"
          },
          {
            "value": 2,
            "suit": "\u2663"
          },
          {
            "value": 8,
            "suit": "\u2666"
          },
          {
            "value": 6,
            "suit": "\u2663"
          },
          {
            "value": 6,
            "suit": "\u2665"
          },
          {
            "value": 9,
            "suit": "\u2660"
          },
          {
            "value": 5,
            "suit": "\u2660"
          },
          {
            "value": 3,
            "suit": "\u2665"
          },
          {
            "value": 6,
            "suit": "\u2666"
          },
          {
            "value": 4,
            "suit": "\u2660"
          },
          {
            "value": 13,
            "suit": "\u2663"
          },
          {
            "value": 11,
            "suit": "\u2663"
          },
          {
            "value": 4,
            "suit": "\u2666"
          },
          {
            "value": 3,
            "suit": "\u2660"
          },
          {
            "value": 3,
            "suit": "\u2666"
          },
          {
            "value": 5,
            "suit": "\u2665"
          },
          {
            "value": 6,
            "suit": "\u2660"
          },
          {
            "value": 8,
            "suit": "\u2665"
          },
          {
            "value": 10,
            "suit": "\u2665"
          },
          {
            "value": 5,
            "suit": "\u2666"
          },
          {
            "value": 10,
            "suit": "\u2666"
          },
          {
            "value": 4,
            "suit": "\u2665"
          },
          {
            "value": 9,
            "suit": "\u2663"
          }
        ],
        "room": [
          {
            "value": 5,
            "suit": "\u2663"
          },
          {
            "value": 8,
            "suit": "\u2663"
          },
          {
            "value": 10,
            "suit": "\u2663"
          }
        ],
        "discard": [
          {
            "value": 11,
            "suit": "\u2660"
          },
          {
            "value": 7,
            "suit": "\u2665"
          },
          {
            "value": 2,
            "suit": "\u2660"
          },
          {
            "value": 2,
            "suit": "\u2665"
          }
        ],
        "equipped_weapon": null,
        "weapon_monsters": [],
        "used_potion": true,
        "health": 16,
        "number_avoided": 0,
        "last_room_avoided": false,
        "exit": false,
        "score": -179,
        "can_avoid": false,
        "can_use_potion": false,
        "game_over": false
      },
      "mcts_stats": [
        {
          "action": 0,
          "visits": 33999,
          "avg_value": 0.04333532745566252,
          "total_value": 1473.35779816507,
          "ucb1": 0.0693554408123688
        },
        {
          "action": 1,
          "visits": 33001,
          "avg_value": 0.042333579549575256,
          "total_value": 1397.050458715533,
          "ucb1": 0.0687442061997197
        },
        {
          "action": 2,
          "visits": 33000,
          "avg_value": 0.0423323603002483,
          "total_value": 1396.967889908194,
          "ucb1": 0.06874338710837112
        }
      ],
      "selected_action": 0
    },
    {
      "turn": 5,
      "game_state": {
        "dungeon": [
          {
            "value": 4,
            "suit": "\u2663"
          },
          {
            "value": 10,
            "suit": "\u2660"
          },
          {
            "value": 7,
            "suit": "\u2660"
          },
          {
            "value": 14,
            "suit": "\u2663"
          },
          {
            "value": 12,
            "suit": "\u2663"
          },
          {
            "value": 3,
            "suit": "\u2663"
          },
          {
            "value": 9,
            "suit": "\u2666"
          },
          {
            "value": 7,
            "suit": "\u2666"
          },
          {
            "value": 8,
            "suit": "\u2660"
          },
          {
            "value": 2,
            "suit": "\u2666"
          },
          {
            "value": 14,
            "suit": "\u2660"
          },
          {
            "value": 12,
            "suit": "\u2660"
          },
          {
            "value": 7,
            "suit": "\u2663"
          },
          {
            "value": 13,
            "suit": "\u2660"
          },
          {
            "value": 9,
            "suit": "\u2665"
          },
          {
            "value": 2,
            "suit": "\u2663"
          },
          {
            "value": 8,
            "suit": "\u2666"
          },
          {
            "value": 6,
            "suit": "\u2663"
          },
          {
            "value": 6,
            "suit": "\u2665"
          },
          {
            "value": 9,
            "suit": "\u2660"
          },
          {
            "value": 5,
            "suit": "\u2660"
          },
          {
            "value": 3,
            "suit": "\u2665"
          },
          {
            "value": 6,
            "suit": "\u2666"
          },
          {
            "value": 4,
            "suit": "\u2660"
          },
          {
            "value": 13,
            "suit": "\u2663"
          },
          {
            "value": 11,
            "suit": "\u2663"
          },
          {
            "value": 4,
            "suit": "\u2666"
          },
          {
            "value": 3,
            "suit": "\u2660"
          },
          {
            "value": 3,
            "suit": "\u2666"
          },
          {
            "value": 5,
            "suit": "\u2665"
          },
          {
            "value": 6,
            "suit": "\u2660"
          },
          {
            "value": 8,
            "suit": "\u2665"
          },
          {
            "value": 10,
            "suit": "\u2665"
          },
          {
            "value": 5,
            "suit": "\u2666"
          },
          {
            "value": 10,
            "suit": "\u2666"
          },
          {
            "value": 4,
            "suit": "\u2665"
          },
          {
            "value": 9,
            "suit": "\u2663"
          }
        ],
        "room": [
          {
            "value": 8,
            "suit": "\u2663"
          },
          {
            "value": 10,
            "suit": "\u2663"
          }
        ],
        "discard": [
          {
            "value": 11,
            "suit": "\u2660"
          },
          {
            "value": 7,
            "suit": "\u2665"
          },
          {
            "value": 2,
            "suit": "\u2660"
          },
          {
            "value": 2,
            "suit": "\u2665"
          },
          {
            "value": 5,
            "suit": "\u2663"
          }
        ],
        "equipped_weapon": null,
        "weapon_monsters": [],
        "used_potion": true,
        "health": 11,
        "number_avoided": 0,
        "last_room_avoided": false,
        "exit": false,
        "score": -179,
        "can_avoid": false,
        "can_use_potion": false,
        "game_over": false
      },
      "mcts_stats": [
        {
          "action": 0,
          "visits": 50001,
          "avg_value": 0.043742427903734435,
          "total_value": 2187.1651376146256,
          "ucb1": 0.06519863295226272
        },
        {
          "action": 1,
          "visits": 49999,
          "avg_value": 0.04374170052208276,
          "total_value": 2187.041284403616,
          "ucb1": 0.06519833469900334
        }
      ],
      "selected_action": 0
    },
    {
      "turn": 6,
      "game_state": {
        "dungeon": [
          {
            "value": 14,
            "suit": "\u2663"
          },
          {
            "value": 12,
            "suit": "\u2663"
          },
          {
            "value": 3,
            "suit": "\u2663"
          },
          {
            "value": 9,
            "suit": "\u2666"
          },
          {
            "value": 7,
            "suit": "\u2666"
          },
          {
            "value": 8,
            "suit": "\u2660"
          },
          {
            "value": 2,
            "suit": "\u2666"
          },
          {
            "value": 14,
            "suit": "\u2660"
          },
          {
            "value": 12,
            "suit": "\u2660"
          },
          {
            "value": 7,
            "suit": "\u2663"
          },
          {
            "value": 13,
            "suit": "\u2660"
          },
          {
            "value": 9,
            "suit": "\u2665"
          },
          {
            "value": 2,
            "suit": "\u2663"
          },
          {
            "value": 8,
            "suit": "\u2666"
          },
          {
            "value": 6,
            "suit": "\u2663"
          },
          {
            "value": 6,
            "suit": "\u2665"
          },
          {
            "value": 9,
            "suit": "\u2660"
          },
          {
            "value": 5,
            "suit": "\u2660"
          },
          {
            "value": 3,
            "suit": "\u2665"
          },
          {
            "value": 6,
            "suit": "\u2666"
          },
          {
            "value": 4,
            "suit": "\u2660"
          },
          {
            "value": 13,
            "suit": "\u2663"
          },
          {
            "value": 11,
            "suit": "\u2663"
          },
          {
            "value": 4,
            "suit": "\u2666"
          },
          {
            "value": 3,
            "suit": "\u2660"
          },
          {
            "value": 3,
            "suit": "\u2666"
          },
          {
            "value": 5,
            "suit": "\u2665"
          },
          {
            "value": 6,
            "suit": "\u2660"
          },
          {
            "value": 8,
            "suit": "\u2665"
          },
          {
            "value": 10,
            "suit": "\u2665"
          },
          {
            "value": 5,
            "suit": "\u2666"
          },
          {
            "value": 10,
            "suit": "\u2666"
          },
          {
            "value": 4,
            "suit": "\u2665"
          },
          {
            "value": 9,
            "suit": "\u2663"
          }
        ],
        "room": [
          {
            "value": 10,
            "suit": "\u2663"
          },
          {
            "value": 4,
            "suit": "\u2663"
          },
          {
            "value": 10,
            "suit": "\u2660"
          },
          {
            "value": 7,
            "suit": "\u2660"
          }
        ],
        "discard": [
          {
            "value": 11,
            "suit": "\u2660"
          },
          {
            "value": 7,
            "suit": "\u2665"
          },
          {
            "value": 2,
            "suit": "\u2660"
          },
          {
            "value": 2,
            "suit": "\u2665"
          },
          {
            "value": 5,
            "suit": "\u2663"
          },
          {
            "value": 8,
            "suit": "\u2663"
          }
        ],
        "equipped_weapon": null,
        "weapon_monsters": [],
        "used_potion": false,
        "health": 3,
        "number_avoided": 0,
        "last_room_avoided": false,
        "exit": false,
        "score": -179,
        "can_avoid": true,
        "can_use_potion": true,
        "game_over": false
      },
      "mcts_stats": [
        {
          "action": 0,
          "visits": 18765,
          "avg_value": 0.0412844036697244,
          "total_value": 774.7018348623783,
          "ucb1": 0.07630858329891135
        },
        {
          "action": 1,
          "visits": 18765,
          "avg_value": 0.0412844036697244,
          "total_value": 774.7018348623783,
          "ucb1": 0.07630858329891135
        },
        {
          "action": 2,
          "visits": 18765,
          "avg_value": 0.0412844036697244,
          "total_value": 774.7018348623783,
          "ucb1": 0.07630858329891135
        },
        {
          "action": 3,
          "visits": 18768,
          "avg_value": 0.0412844036697244,
          "total_value": 774.8256880733875,
          "ucb1": 0.0763057839399468
        },
        {
          "action": 4,
          "visits": 24937,
          "avg_value": 0.05317675772303875,
          "total_value": 1326.0688073394174,
          "ucb1": 0.08355902313707
        }
      ],
      "selected_action": 4
    },
    {
      "turn": 7,
      "game_state": {
        "dungeon": [
          {
            "value": 7,
            "suit": "\u2666"
          },
          {
            "value": 8,
            "suit": "\u2660"
          },
          {
            "value": 2,
            "suit": "\u2666"
          },
          {
            "value": 14,
            "suit": "\u2660"
          },
          {
            "value": 12,
            "suit": "\u2660"
          },
          {
            "value": 7,
            "suit": "\u2663"
          },
          {
            "value": 13,
            "suit": "\u2660"
          },
          {
            "value": 9,
            "suit": "\u2665"
          },
          {
            "value": 2,
            "suit": "\u2663"
          },
          {
            "value": 8,
            "suit": "\u2666"
          },
          {
            "value": 6,
            "suit": "\u2663"
          },
          {
            "value": 6,
            "suit": "\u2665"
          },
          {
            "value": 9,
            "suit": "\u2660"
          },
          {
            "value": 5,
            "suit": "\u2660"
          },
          {
            "value": 3,
            "suit": "\u2665"
          },
          {
            "value": 6,
            "suit": "\u2666"
          },
          {
            "value": 4,
            "suit": "\u2660"
          },
          {
            "value": 13,
            "suit": "\u2663"
          },
          {
            "value": 11,
            "suit": "\u2663"
          },
          {
            "value": 4,
            "suit": "\u2666"
          },
          {
            "value": 3,
            "suit": "\u2660"
          },
          {
            "value": 3,
            "suit": "\u2666"
          },
          {
            "value": 5,
            "suit": "\u2665"
          },
          {
            "value": 6,
            "suit": "\u2660"
          },
          {
            "value": 8,
            "suit": "\u2665"
          },
          {
            "value": 10,
            "suit": "\u2665"
          },
          {
            "value": 5,
            "suit": "\u2666"
          },
          {
            "value": 10,
            "suit": "\u2666"
          },
          {
            "value": 4,
            "suit": "\u2665"
          },
          {
            "value": 9,
            "suit": "\u2663"
          },
          {
            "value": 10,
            "suit": "\u2663"
          },
          {
            "value": 4,
            "suit": "\u2663"
          },
          {
            "value": 10,
            "suit": "\u2660"
          },
          {
            "value": 7,
            "suit": "\u2660"
          }
        ],
        "room": [
          {
            "value": 14,
            "suit": "\u2663"
          },
          {
            "value": 12,
            "suit": "\u2663"
          },
          {
            "value": 3,
            "suit": "\u2663"
          },
          {
            "value": 9,
            "suit": "\u2666"
          }
        ],
        "discard": [
          {
            "value": 11,
            "suit": "\u2660"
          },
          {
            "value": 7,
            "suit": "\u2665"
          },
          {
            "value": 2,
            "suit": "\u2660"
          },
          {
            "value": 2,
            "suit": "\u2665"
          },
          {
            "value": 5,
            "suit": "\u2663"
          },
          {
            "value": 8,
            "suit": "\u2663"
          }
        ],
        "equipped_weapon": null,
        "weapon_monsters": [],
        "used_potion": false,
        "health": 3,
        "number_avoided": 1,
        "last_room_avoided": true,
        "exit": false,
        "score": -179,
        "can_avoid": false,
        "can_use_potion": true,
        "game_over": false
      },
      "mcts_stats": [
        {
          "action": 0,
          "visits": 17816,
          "avg_value": 0.04128440366972459,
          "total_value": 735.5229357798133,
          "ucb1": 0.07722929326098447
        },
        {
          "action": 1,
          "visits": 17816,
          "avg_value": 0.04128440366972459,
          "total_value": 735.5229357798133,
          "ucb1": 0.07722929326098447
        },
        {
          "action": 2,
          "visits": 17816,
          "avg_value": 0.04128440366972459,
          "total_value": 735.5229357798133,
          "ucb1": 0.07722929326098447
        },
        {
          "action": 3,
          "visits": 46552,
          "avg_value": 0.07638572471387944,
          "total_value": 3555.908256880516,
          "ucb1": 0.09862256536259625
        }
      ],
      "selected_action": 3
    },
    {
      "turn": 8,
      "game_state": {
        "dungeon": [
          {
            "value": 7,
            "suit": "\u2666"
          },
          {
            "value": 8,
            "suit": "\u2660"
          },
          {
            "value": 2,
            "suit": "\u2666"
          },
          {
            "value": 14,
            "suit": "\u2660"
          },
          {
            "value": 12,
            "suit": "\u2660"
          },
          {
            "value": 7,
            "suit": "\u2663"
          },
          {
            "value": 13,
            "suit": "\u2660"
          },
          {
            "value": 9,
            "suit": "\u2665"
          },
          {
            "value": 2,
            "suit": "\u2663"
          },
          {
            "value": 8,
            "suit": "\u2666"
          },
          {
            "value": 6,
            "suit": "\u2663"
          },
          {
            "value": 6,
            "suit": "\u2665"
          },
          {
            "value": 9,
            "suit": "\u2660"
          },
          {
            "value": 5,
            "suit": "\u2660"
          },
          {
            "value": 3,
            "suit": "\u2665"
          },
          {
            "value": 6,
            "suit": "\u2666"
          },
          {
            "value": 4,
            "suit": "\u2660"
          },
          {
            "value": 13,
            "suit": "\u2663"
          },
          {
            "value": 11,
            "suit": "\u2663"
          },
          {
            "value": 4,
            "suit": "\u2666"
          },
          {
            "value": 3,
            "suit": "\u2660"
          },
          {
            "value": 3,
            "suit": "\u2666"
          },
          {
            "value": 5,
            "suit": "\u2665"
          },
          {
            "value": 6,
            "suit": "\u2660"
          },
          {
            "value": 8,
            "suit": "\u2665"
          },
          {
            "value": 10,
            "suit": "\u2665"
          },
          {
            "value": 5,
            "suit": "\u2666"
          },
          {
            "value": 10,
            "suit": "\u2666"
          },
          {
            "value": 4,
            "suit": "\u2665"
          },
          {
            "value": 9,
            "suit": "\u2663"
          },
          {
            "value": 10,
            "suit": "\u2663"
          },
          {
            "value": 4,
            "suit": "\u2663"
          },
          {
            "value": 10,
            "suit": "\u2660"
          },
          {
            "value": 7,
            "suit": "\u2660"
          }
        ],
        "room": [
          {
            "value": 14,
            "suit": "\u2663"
          },
          {
            "value": 12,
            "suit": "\u2663"
          },
          {
            "value": 3,
            "suit": "\u2663"
          }
        ],
        "discard": [
          {
            "value": 11,
            "suit": "\u2660"
          },
          {
            "value": 7,
            "suit": "\u2665"
          },
          {
            "value": 2,
            "suit": "\u2660"
          },
          {
            "value": 2,
            "suit": "\u2665"
          },
          {
            "value": 5,
            "suit": "\u2663"
          },
          {
            "value": 8,
            "suit": "\u2663"
          }
        ],
        "equipped_weapon": {
          "value": 9,
          "suit": "\u2666"
        },
        "weapon_monsters": [],
        "used_potion": false,
        "health": 3,
        "number_avoided": 1,
        "last_room_avoided": true,
        "exit": false,
        "score": -179,
        "can_avoid": false,
        "can_use_potion": true,
        "game_over": false
      },
      "mcts_stats": [
        {
          "action": 0,
          "visits": 40395,
          "avg_value": 0.08256880733944501,
          "total_value": 3335.366972476881,
          "ucb1": 0.10644023810214208
        },
        {
          "action": 1,
          "visits": 40397,
          "avg_value": 0.08256880733944502,
          "total_value": 3335.5321100915603,
          "ucb1": 0.10643964717394866
        },
        {
          "action": 2,
          "visits": 19208,
          "avg_value": 0.05504587155963061,
          "total_value": 1057.3211009173847,
          "ucb1": 0.08966380849755891
        }
      ],
      "selected_action": 1
    }
  ]
}