{
  "metadata": {
    "seed": 725,
    "num_simulations": 100000,
    "timestamp": "2025-12-21T18:04:35.584020",
    "final_score": -155,
    "num_turns": 13,
    "final_state": {
      "dungeon": [
        {
          "value": 5,
          "suit": "\u2666"
        },
        {
          "value": 9,
          "suit": "\u2666"
        },
        {
          "value": 6,
          "suit": "\u2665"
        },
        {
          "value": 3,
          "suit": "\u2666"
        },
        {
          "value": 3,
          "suit": "\u2663"
        },
        {
          "value": 10,
          "suit": "\u2666"
        },
        {
          "value": 4,
          "suit": "\u2665"
        },
        {
          "value": 11,
          "suit": "\u2660"
        },
        {
          "value": 8,
          "suit": "\u2665"
        },
        {
          "value": 12,
          "suit": "\u2660"
        },
        {
          "value": 3,
          "suit": "\u2660"
        },
        {
          "value": 10,
          "suit": "\u2663"
        },
        {
          "value": 8,
          "suit": "\u2666"
        },
        {
          "value": 5,
          "suit": "\u2663"
        },
        {
          "value": 6,
          "suit": "\u2666"
        },
        {
          "value": 10,
          "suit": "\u2665"
        },
        {
          "value": 10,
          "suit": "\u2660"
        },
        {
          "value": 4,
          "suit": "\u2663"
        },
        {
          "value": 5,
          "suit": "\u2660"
        },
        {
          "value": 6,
          "suit": "\u2660"
        },
        {
          "value": 2,
          "suit": "\u2665"
        },
        {
          "value": 5,
          "suit": "\u2665"
        },
        {
          "value": 2,
          "suit": "\u2660"
        },
        {
          "value": 7,
          "suit": "\u2665"
        },
        {
          "value": 13,
          "suit": "\u2660"
        },
        {
          "value": 4,
          "suit": "\u2660"
        },
        {
          "value": 9,
          "suit": "\u2660"
        },
        {
          "value": 14,
          "suit": "\u2663"
        }
      ],
      "room": [
        {
          "value": 9,
          "suit": "\u2663"
        },
        {
          "value": 7,
          "suit": "\u2663"
        },
        {
          "value": 13,
          "suit": "\u2663"
        },
        {
          "value": 8,
          "suit": "\u2663"
        }
      ],
      "discard": [
        {
          "value": 3,
          "suit": "\u2665"
        },
        {
          "value": 7,
          "suit": "\u2660"
        },
        {
          "value": 2,
          "suit": "\u2666"
        },
        {
          "value": 11,
          "suit": "\u2663"
        },
        {
          "value": 6,
          "suit": "\u2663"
        },
        {
          "value": 2,
          "suit": "\u2663"
        },
        {
          "value": 7,
          "suit": "\u2666"
        },
        {
          "value": 8,
          "suit": "\u2660"
        },
        {
          "value": 9,
          "suit": "\u2665"
        }
      ],
      "equipped_weapon": {
        "value": 4,
        "suit": "\u2666"
      },
      "weapon_monsters": [
        {
          "value": 14,
          "suit": "\u2660"
        },
        {
          "value": 12,
          "suit": "\u2663"
        }
      ],
      "used_potion": false,
      "health": -7,
      "number_avoided": 1,
      "last_room_avoided": false,
      "exit": false,
      "score": -155,
      "can_avoid": true,
      "can_use_potion": true,
      "game_over": true
    }
  },
  "events": [
    {
      "turn": 0,
      "game_state": {
        "dungeon": [
          {
            "value": 3,
            "suit": "\u2665"
          },
          {
            "value": 13,
            "suit": "\u2660"
          },
          {
            "value": 7,
            "suit": "\u2660"
          },
          {
            "value": 4,
            "suit": "\u2660"
          },
          {
            "value": 9,
            "suit": "\u2660"
          },
          {
            "value": 14,
            "suit": "\u2663"
          },
          {
            "value": 8,
            "suit": "\u2660"
          },
          {
            "value": 4,
            "suit": "\u2666"
          },
          {
            "value": 12,
            "suit": "\u2663"
          },
          {
            "value": 7,
            "suit": "\u2666"
          },
          {
            "value": 14,
            "suit": "\u2660"
          },
          {
            "value": 9,
            "suit": "\u2663"
          },
          {
            "value": 9,
            "suit": "\u2665"
          },
          {
            "value": 7,
            "suit": "\u2663"
          },
          {
            "value": 13,
            "suit": "\u2663"
          },
          {
            "value": 8,
            "suit": "\u2663"
          },
          {
            "value": 5,
            "suit": "\u2666"
          },
          {
            "value": 9,
            "suit": "\u2666"
          },
          {
            "value": 6,
            "suit": "\u2665"
          },
          {
            "value": 3,
            "suit": "\u2666"
          },
          {
            "value": 3,
            "suit": "\u2663"
          },
          {
            "value": 10,
            "suit": "\u2666"
          },
          {
            "value": 4,
            "suit": "\u2665"
          },
          {
            "value": 11,
            "suit": "\u2660"
          },
          {
            "value": 8,
            "suit": "\u2665"
          },
          {
            "value": 12,
            "suit": "\u2660"
          },
          {
            "value": 3,
            "suit": "\u2660"
          },
          {
            "value": 10,
            "suit": "\u2663"
          },
          {
            "value": 8,
            "suit": "\u2666"
          },
          {
            "value": 5,
            "suit": "\u2663"
          },
          {
            "value": 6,
            "suit": "\u2666"
          },
          {
            "value": 10,
            "suit": "\u2665"
          },
          {
            "value": 10,
            "suit": "\u2660"
          },
          {
            "value": 4,
            "suit": "\u2663"
          },
          {
            "value": 5,
            "suit": "\u2660"
          },
          {
            "value": 6,
            "suit": "\u2660"
          },
          {
            "value": 2,
            "suit": "\u2665"
          },
          {
            "value": 5,
            "suit": "\u2665"
          },
          {
            "value": 2,
            "suit": "\u2660"
          },
          {
            "value": 7,
            "suit": "\u2665"
          }
        ],
        "room": [
          {
            "value": 2,
            "suit": "\u2666"
          },
          {
            "value": 2,
            "suit": "\u2663"
          },
          {
            "value": 11,
            "suit": "\u2663"
          },
          {
            "value": 6,
            "suit": "\u2663"
          }
        ],
        "discard": [],
        "equipped_weapon": null,
        "weapon_monsters": [],
        "used_potion": false,
        "health": 20,
        "number_avoided": 0,
        "last_room_avoided": false,
        "exit": false,
        "score": -188,
        "can_avoid": true,
        "can_use_potion": true,
        "game_over": false
      },
      "mcts_stats": [
        {
          "action": 0,
          "visits": 22994,
          "avg_value": 0.02017837920223397,
          "total_value": 463.9816513761679,
          "ucb1": 0.05181827120691143
        },
        {
          "action": 1,
          "visits": 20263,
          "avg_value": 0.01489473062258854,
          "total_value": 301.8119266055116,
          "ucb1": 0.04859942424753576
        },
        {
          "action": 2,
          "visits": 19140,
          "avg_value": 0.012395866287040267,
          "total_value": 237.2568807339507,
          "ucb1": 0.04707524347041138
        },
        {
          "action": 3,
          "visits": 19770,
          "avg_value": 0.013827131275726197,
          "total_value": 273.3623853211069,
          "ucb1": 0.0479494803340553
        },
        {
          "action": 4,
          "visits": 17833,
          "avg_value": 0.009199263091773421,
          "total_value": 164.05045871559543,
          "ucb1": 0.04512701566675951
        }
      ],
      "selected_action": 0
    },
    {
      "turn": 1,
      "game_state": {
        "dungeon": [
          {
            "value": 3,
            "suit": "\u2665"
          },
          {
            "value": 13,
            "suit": "\u2660"
          },
          {
            "value": 7,
            "suit": "\u2660"
          },
          {
            "value": 4,
            "suit": "\u2660"
          },
          {
            "value": 9,
            "suit": "\u2660"
          },
          {
            "value": 14,
            "suit": "\u2663"
          },
          {
            "value": 8,
            "suit": "\u2660"
          },
          {
            "value": 4,
            "suit": "\u2666"
          },
          {
            "value": 12,
            "suit": "\u2663"
          },
          {
            "value": 7,
            "suit": "\u2666"
          },
          {
            "value": 14,
            "suit": "\u2660"
          },
          {
            "value": 9,
            "suit": "\u2663"
          },
          {
            "value": 9,
            "suit": "\u2665"
          },
          {
            "value": 7,
            "suit": "\u2663"
          },
          {
            "value": 13,
            "suit": "\u2663"
          },
          {
            "value": 8,
            "suit": "\u2663"
          },
          {
            "value": 5,
            "suit": "\u2666"
          },
          {
            "value": 9,
            "suit": "\u2666"
          },
          {
            "value": 6,
            "suit": "\u2665"
          },
          {
            "value": 3,
            "suit": "\u2666"
          },
          {
            "value": 3,
            "suit": "\u2663"
          },
          {
            "value": 10,
            "suit": "\u2666"
          },
          {
            "value": 4,
            "suit": "\u2665"
          },
          {
            "value": 11,
            "suit": "\u2660"
          },
          {
            "value": 8,
            "suit": "\u2665"
          },
          {
            "value": 12,
            "suit": "\u2660"
          },
          {
            "value": 3,
            "suit": "\u2660"
          },
          {
            "value": 10,
            "suit": "\u2663"
          },
          {
            "value": 8,
            "suit": "\u2666"
          },
          {
            "value": 5,
            "suit": "\u2663"
          },
          {
            "value": 6,
            "suit": "\u2666"
          },
          {
            "value": 10,
            "suit": "\u2665"
          },
          {
            "value": 10,
            "suit": "\u2660"
          },
          {
            "value": 4,
            "suit": "\u2663"
          },
          {
            "value": 5,
            "suit": "\u2660"
          },
          {
            "value": 6,
            "suit": "\u2660"
          },
          {
            "value": 2,
            "suit": "\u2665"
          },
          {
            "value": 5,
            "suit": "\u2665"
          },
          {
            "value": 2,
            "suit": "\u2660"
          },
          {
            "value": 7,
            "suit": "\u2665"
          }
        ],
        "room": [
          {
            "value": 2,
            "suit": "\u2663"
          },
          {
            "value": 11,
            "suit": "\u2663"
          },
          {
            "value": 6,
            "suit": "\u2663"
          }
        ],
        "discard": [],
        "equipped_weapon": {
          "value": 2,
          "suit": "\u2666"
        },
        "weapon_monsters": [],
        "used_potion": false,
        "health": 20,
        "number_avoided": 0,
        "last_room_avoided": false,
        "exit": false,
        "score": -188,
        "can_avoid": false,
        "can_use_potion": true,
        "game_over": false
      },
      "mcts_stats": [
        {
          "action": 0,
          "visits": 28170,
          "avg_value": 0.014793211595392963,
          "total_value": 416.72477064221977,
          "ucb1": 0.043378911654800116
        },
        {
          "action": 1,
          "visits": 37966,
          "avg_value": 0.024940349815649892,
          "total_value": 946.8853211009638,
          "ucb1": 0.04956356918629869
        },
        {
          "action": 2,
          "visits": 33864,
          "avg_value": 0.021232257686981934,
          "total_value": 719.0091743119563,
          "ucb1": 0.04730418449416588
        }
      ],
      "selected_action": 1
    },
    {
      "turn": 2,
      "game_state": {
        "dungeon": [
          {
            "value": 3,
            "suit": "\u2665"
          },
          {
            "value": 13,
            "suit": "\u2660"
          },
          {
            "value": 7,
            "suit": "\u2660"
          },
          {
            "value": 4,
            "suit": "\u2660"
          },
          {
            "value": 9,
            "suit": "\u2660"
          },
          {
            "value": 14,
            "suit": "\u2663"
          },
          {
            "value": 8,
            "suit": "\u2660"
          },
          {
            "value": 4,
            "suit": "\u2666"
          },
          {
            "value": 12,
            "suit": "\u2663"
          },
          {
            "value": 7,
            "suit": "\u2666"
          },
          {
            "value": 14,
            "suit": "\u2660"
          },
          {
            "value": 9,
            "suit": "\u2663"
          },
          {
            "value": 9,
            "suit": "\u2665"
          },
          {
            "value": 7,
            "suit": "\u2663"
          },
          {
            "value": 13,
            "suit": "\u2663"
          },
          {
            "value": 8,
            "suit": "\u2663"
          },
          {
            "value": 5,
            "suit": "\u2666"
          },
          {
            "value": 9,
            "suit": "\u2666"
          },
          {
            "value": 6,
            "suit": "\u2665"
          },
          {
            "value": 3,
            "suit": "\u2666"
          },
          {
            "value": 3,
            "suit": "\u2663"
          },
          {
            "value": 10,
            "suit": "\u2666"
          },
          {
            "value": 4,
            "suit": "\u2665"
          },
          {
            "value": 11,
            "suit": "\u2660"
          },
          {
            "value": 8,
            "suit": "\u2665"
          },
          {
            "value": 12,
            "suit": "\u2660"
          },
          {
            "value": 3,
            "suit": "\u2660"
          },
          {
            "value": 10,
            "suit": "\u2663"
          },
          {
            "value": 8,
            "suit": "\u2666"
          },
          {
            "value": 5,
            "suit": "\u2663"
          },
          {
            "value": 6,
            "suit": "\u2666"
          },
          {
            "value": 10,
            "suit": "\u2665"
          },
          {
            "value": 10,
            "suit": "\u2660"
          },
          {
            "value": 4,
            "suit": "\u2663"
          },
          {
            "value": 5,
            "suit": "\u2660"
          },
          {
            "value": 6,
            "suit": "\u2660"
          },
          {
            "value": 2,
            "suit": "\u2665"
          },
          {
            "value": 5,
            "suit": "\u2665"
          },
          {
            "value": 2,
            "suit": "\u2660"
          },
          {
            "value": 7,
            "suit": "\u2665"
          }
        ],
        "room": [
          {
            "value": 2,
            "suit": "\u2663"
          },
          {
            "value": 6,
            "suit": "\u2663"
          }
        ],
        "discard": [],
        "equipped_weapon": {
          "value": 2,
          "suit": "\u2666"
        },
        "weapon_monsters": [
          {
            "value": 11,
            "suit": "\u2663"
          }
        ],
        "used_potion": false,
        "health": 11,
        "number_avoided": 0,
        "last_room_avoided": false,
        "exit": false,
        "score": -186,
        "can_avoid": false,
        "can_use_potion": true,
        "game_over": false
      },
      "mcts_stats": [
        {
          "action": 0,
          "visits": 47287,
          "avg_value": 0.024025844137778828,
          "total_value": 1136.1100917431474,
          "ucb1": 0.046089190095789156
        },
        {
          "action": 1,
          "visits": 52713,
          "avg_value": 0.027013164762550976,
          "total_value": 1423.9449541283495,
          "ucb1": 0.047910138131150797
        }
      ],
      "selected_action": 1
    },
    {
      "turn": 3,
      "game_state": {
        "dungeon": [
          {
            "value": 4,
            "suit": "\u2660"
          },
          {
            "value": 9,
            "suit": "\u2660"
          },
          {
            "value": 14,
            "suit": "\u2663"
          },
          {
            "value": 8,
            "suit": "\u2660"
          },
          {
            "value": 4,
            "suit": "\u2666"
          },
          {
            "value": 12,
            "suit": "\u2663"
          },
          {
            "value": 7,
            "suit": "\u2666"
          },
          {
            "value": 14,
            "suit": "\u2660"
          },
          {
            "value": 9,
            "suit": "\u2663"
          },
          {
            "value": 9,
            "suit": "\u2665"
          },
          {
            "value": 7,
            "suit": "\u2663"
          },
          {
            "value": 13,
            "suit": "\u2663"
          },
          {
            "value": 8,
            "suit": "\u2663"
          },
          {
            "value": 5,
            "suit": "\u2666"
          },
          {
            "value": 9,
            "suit": "\u2666"
          },
          {
            "value": 6,
            "suit": "\u2665"
          },
          {
            "value": 3,
            "suit": "\u2666"
          },
          {
            "value": 3,
            "suit": "\u2663"
          },
          {
            "value": 10,
            "suit": "\u2666"
          },
          {
            "value": 4,
            "suit": "\u2665"
          },
          {
            "value": 11,
            "suit": "\u2660"
          },
          {
            "value": 8,
            "suit": "\u2665"
          },
          {
            "value": 12,
            "suit": "\u2660"
          },
          {
            "value": 3,
            "suit": "\u2660"
          },
          {
            "value": 10,
            "suit": "\u2663"
          },
          {
            "value": 8,
            "suit": "\u2666"
          },
          {
            "value": 5,
            "suit": "\u2663"
          },
          {
            "value": 6,
            "suit": "\u2666"
          },
          {
            "value": 10,
            "suit": "\u2665"
          },
          {
            "value": 10,
            "suit": "\u2660"
          },
          {
            "value": 4,
            "suit": "\u2663"
          },
          {
            "value": 5,
            "suit": "\u2660"
          },
          {
            "value": 6,
            "suit": "\u2660"
          },
          {
            "value": 2,
            "suit": "\u2665"
          },
          {
            "value": 5,
            "suit": "\u2665"
          },
          {
            "value": 2,
            "suit": "\u2660"
          },
          {
            "value": 7,
            "suit": "\u2665"
          }
        ],
        "room": [
          {
            "value": 2,
            "suit": "\u2663"
          },
          {
            "value": 3,
            "suit": "\u2665"
          },
          {
            "value": 13,
            "suit": "\u2660"
          },
          {
            "value": 7,
            "suit": "\u2660"
          }
        ],
        "discard": [],
        "equipped_weapon": {
          "value": 2,
          "suit": "\u2666"
        },
        "weapon_monsters": [
          {
            "value": 11,
            "suit": "\u2663"
          },
          {
            "value": 6,
            "suit": "\u2663"
          }
        ],
        "used_potion": false,
        "health": 7,
        "number_avoided": 0,
        "last_room_avoided": false,
        "exit": false,
        "score": -184,
        "can_avoid": true,
        "can_use_potion": true,
        "game_over": false
      },
      "mcts_stats": [
        {
          "action": 0,
          "visits": 23308,
          "avg_value": 0.03353221243090021,
          "total_value": 781.5688073394222,
          "ucb1": 0.06495825911105632
        },
        {
          "action": 1,
          "visits": 26310,
          "avg_value": 0.03826343630461089,
          "total_value": 1006.7110091743125,
          "ucb1": 0.06784232355545393
        },
        {
          "action": 2,
          "visits": 16497,
          "avg_value": 0.018348623853211146,
          "total_value": 302.69724770642426,
          "ucb1": 0.055702852154764684
        },
        {
          "action": 3,
          "visits": 16496,
          "avg_value": 0.018348623853211152,
          "total_value": 302.67889908257115,
          "ucb1": 0.05570398435839613
        },
        {
          "action": 4,
          "visits": 17389,
          "avg_value": 0.02083569650960431,
          "total_value": 362.31192660550937,
          "ucb1": 0.05721923651099683
        }
      ],
      "selected_action": 1
    },
    {
      "turn": 4,
      "game_state": {
        "dungeon": [
          {
            "value": 4,
            "suit": "\u2660"
          },
          {
            "value": 9,
            "suit": "\u2660"
          },
          {
            "value": 14,
            "suit": "\u2663"
          },
          {
            "value": 8,
            "suit": "\u2660"
          },
          {
            "value": 4,
            "suit": "\u2666"
          },
          {
            "value": 12,
            "suit": "\u2663"
          },
          {
            "value": 7,
            "suit": "\u2666"
          },
          {
            "value": 14,
            "suit": "\u2660"
          },
          {
            "value": 9,
            "suit": "\u2663"
          },
          {
            "value": 9,
            "suit": "\u2665"
          },
          {
            "value": 7,
            "suit": "\u2663"
          },
          {
            "value": 13,
            "suit": "\u2663"
          },
          {
            "value": 8,
            "suit": "\u2663"
          },
          {
            "value": 5,
            "suit": "\u2666"
          },
          {
            "value": 9,
            "suit": "\u2666"
          },
          {
            "value": 6,
            "suit": "\u2665"
          },
          {
            "value": 3,
            "suit": "\u2666"
          },
          {
            "value": 3,
            "suit": "\u2663"
          },
          {
            "value": 10,
            "suit": "\u2666"
          },
          {
            "value": 4,
            "suit": "\u2665"
          },
          {
            "value": 11,
            "suit": "\u2660"
          },
          {
            "value": 8,
            "suit": "\u2665"
          },
          {
            "value": 12,
            "suit": "\u2660"
          },
          {
            "value": 3,
            "suit": "\u2660"
          },
          {
            "value": 10,
            "suit": "\u2663"
          },
          {
            "value": 8,
            "suit": "\u2666"
          },
          {
            "value": 5,
            "suit": "\u2663"
          },
          {
            "value": 6,
            "suit": "\u2666"
          },
          {
            "value": 10,
            "suit": "\u2665"
          },
          {
            "value": 10,
            "suit": "\u2660"
          },
          {
            "value": 4,
            "suit": "\u2663"
          },
          {
            "value": 5,
            "suit": "\u2660"
          },
          {
            "value": 6,
            "suit": "\u2660"
          },
          {
            "value": 2,
            "suit": "\u2665"
          },
          {
            "value": 5,
            "suit": "\u2665"
          },
          {
            "value": 2,
            "suit": "\u2660"
          },
          {
            "value": 7,
            "suit": "\u2665"
          }
        ],
        "room": [
          {
            "value": 2,
            "suit": "\u2663"
          },
          {
            "value": 13,
            "suit": "\u2660"
          },
          {
            "value": 7,
            "suit": "\u2660"
          }
        ],
        "discard": [
          {
            "value": 3,
            "suit": "\u2665"
          }
        ],
        "equipped_weapon": {
          "value": 2,
          "suit": "\u2666"
        },
        "weapon_monsters": [
          {
            "value": 11,
            "suit": "\u2663"
          },
          {
            "value": 6,
            "suit": "\u2663"
          }
        ],
        "used_potion": true,
        "health": 10,
        "number_avoided": 0,
        "last_room_avoided": false,
        "exit": false,
        "score": -181,
        "can_avoid": false,
        "can_use_potion": false,
        "game_over": false
      },
      "mcts_stats": [
        {
          "action": 0,
          "visits": 38289,
          "avg_value": 0.04326367718613041,
          "total_value": 1656.5229357797473,
          "ucb1": 0.06778281778510073
        },
        {
          "action": 1,
          "visits": 27607,
          "avg_value": 0.032110091743120704,
          "total_value": 886.4633027523333,
          "ucb1": 0.0609858002024554
        },
        {
          "action": 2,
          "visits": 34104,
          "avg_value": 0.0395269623192508,
          "total_value": 1348.0275229357292,
          "ucb1": 0.06550698920421485
        }
      ],
      "selected_action": 0
    },
    {
      "turn": 5,
      "game_state": {
        "dungeon": [
          {
            "value": 4,
            "suit": "\u2660"
          },
          {
            "value": 9,
            "suit": "\u2660"
          },
          {
            "value": 14,
            "suit": "\u2663"
          },
          {
            "value": 8,
            "suit": "\u2660"
          },
          {
            "value": 4,
            "suit": "\u2666"
          },
          {
            "value": 12,
            "suit": "\u2663"
          },
          {
            "value": 7,
            "suit": "\u2666"
          },
          {
            "value": 14,
            "suit": "\u2660"
          },
          {
            "value": 9,
            "suit": "\u2663"
          },
          {
            "value": 9,
            "suit": "\u2665"
          },
          {
            "value": 7,
            "suit": "\u2663"
          },
          {
            "value": 13,
            "suit": "\u2663"
          },
          {
            "value": 8,
            "suit": "\u2663"
          },
          {
            "value": 5,
            "suit": "\u2666"
          },
          {
            "value": 9,
            "suit": "\u2666"
          },
          {
            "value": 6,
            "suit": "\u2665"
          },
          {
            "value": 3,
            "suit": "\u2666"
          },
          {
            "value": 3,
            "suit": "\u2663"
          },
          {
            "value": 10,
            "suit": "\u2666"
          },
          {
            "value": 4,
            "suit": "\u2665"
          },
          {
            "value": 11,
            "suit": "\u2660"
          },
          {
            "value": 8,
            "suit": "\u2665"
          },
          {
            "value": 12,
            "suit": "\u2660"
          },
          {
            "value": 3,
            "suit": "\u2660"
          },
          {
            "value": 10,
            "suit": "\u2663"
          },
          {
            "value": 8,
            "suit": "\u2666"
          },
          {
            "value": 5,
            "suit": "\u2663"
          },
          {
            "value": 6,
            "suit": "\u2666"
          },
          {
            "value": 10,
            "suit": "\u2665"
          },
          {
            "value": 10,
            "suit": "\u2660"
          },
          {
            "value": 4,
            "suit": "\u2663"
          },
          {
            "value": 5,
            "suit": "\u2660"
          },
          {
            "value": 6,
            "suit": "\u2660"
          },
          {
            "value": 2,
            "suit": "\u2665"
          },
          {
            "value": 5,
            "suit": "\u2665"
          },
          {
            "value": 2,
            "suit": "\u2660"
          },
          {
            "value": 7,
            "suit": "\u2665"
          }
        ],
        "room": [
          {
            "value": 13,
            "suit": "\u2660"
          },
          {
            "value": 7,
            "suit": "\u2660"
          }
        ],
        "discard": [
          {
            "value": 3,
            "suit": "\u2665"
          }
        ],
        "equipped_weapon": {
          "value": 2,
          "suit": "\u2666"
        },
        "weapon_monsters": [
          {
            "value": 11,
            "suit": "\u2663"
          },
          {
            "value": 6,
            "suit": "\u2663"
          },
          {
            "value": 2,
            "suit": "\u2663"
          }
        ],
        "used_potion": true,
        "health": 10,
        "number_avoided": 0,
        "last_room_avoided": false,
        "exit": false,
        "score": -179,
        "can_avoid": false,
        "can_use_potion": false,
        "game_over": false
      },
      "mcts_stats": [
        {
          "action": 0,
          "visits": 45877,
          "avg_value": 0.0412844036697223,
          "total_value": 1894.0045871558502,
          "ucb1": 0.06368423512980288
        },
        {
          "action": 1,
          "visits": 54123,
          "avg_value": 0.04583392873216121,
          "total_value": 2480.669724770761,
          "ucb1": 0.06645690420967953
        }
      ],
      "selected_action": 1
    },
    {
      "turn": 6,
      "game_state": {
        "dungeon": [
          {
            "value": 8,
            "suit": "\u2660"
          },
          {
            "value": 4,
            "suit": "\u2666"
          },
          {
            "value": 12,
            "suit": "\u2663"
          },
          {
            "value": 7,
            "suit": "\u2666"
          },
          {
            "value": 14,
            "suit": "\u2660"
          },
          {
            "value": 9,
            "suit": "\u2663"
          },
          {
            "value": 9,
            "suit": "\u2665"
          },
          {
            "value": 7,
            "suit": "\u2663"
          },
          {
            "value": 13,
            "suit": "\u2663"
          },
          {
            "value": 8,
            "suit": "\u2663"
          },
          {
            "value": 5,
            "suit": "\u2666"
          },
          {
            "value": 9,
            "suit": "\u2666"
          },
          {
            "value": 6,
            "suit": "\u2665"
          },
          {
            "value": 3,
            "suit": "\u2666"
          },
          {
            "value": 3,
            "suit": "\u2663"
          },
          {
            "value": 10,
            "suit": "\u2666"
          },
          {
            "value": 4,
            "suit": "\u2665"
          },
          {
            "value": 11,
            "suit": "\u2660"
          },
          {
            "value": 8,
            "suit": "\u2665"
          },
          {
            "value": 12,
            "suit": "\u2660"
          },
          {
            "value": 3,
            "suit": "\u2660"
          },
          {
            "value": 10,
            "suit": "\u2663"
          },
          {
            "value": 8,
            "suit": "\u2666"
          },
          {
            "value": 5,
            "suit": "\u2663"
          },
          {
            "value": 6,
            "suit": "\u2666"
          },
          {
            "value": 10,
            "suit": "\u2665"
          },
          {
            "value": 10,
            "suit": "\u2660"
          },
          {
            "value": 4,
            "suit": "\u2663"
          },
          {
            "value": 5,
            "suit": "\u2660"
          },
          {
            "value": 6,
            "suit": "\u2660"
          },
          {
            "value": 2,
            "suit": "\u2665"
          },
          {
            "value": 5,
            "suit": "\u2665"
          },
          {
            "value": 2,
            "suit": "\u2660"
          },
          {
            "value": 7,
            "suit": "\u2665"
          }
        ],
        "room": [
          {
            "value": 13,
            "suit": "\u2660"
          },
          {
            "value": 4,
            "suit": "\u2660"
          },
          {
            "value": 9,
            "suit": "\u2660"
          },
          {
            "value": 14,
            "suit": "\u2663"
          }
        ],
        "discard": [
          {
            "value": 3,
            "suit": "\u2665"
          },
          {
            "value": 7,
            "suit": "\u2660"
          }
        ],
        "equipped_weapon": {
          "value": 2,
          "suit": "\u2666"
        },
        "weapon_monsters": [
          {
            "value": 11,
            "suit": "\u2663"
          },
          {
            "value": 6,
            "suit": "\u2663"
          },
          {
            "value": 2,
            "suit": "\u2663"
          }
        ],
        "used_potion": false,
        "health": 3,
        "number_avoided": 0,
        "last_room_avoided": false,
        "exit": false,
        "score": -179,
        "can_avoid": true,
        "can_use_potion": true,
        "game_over": false
      },
      "mcts_stats": [
        {
          "action": 0,
          "visits": 17874,
          "avg_value": 0.04128440366972458,
          "total_value": 737.9174311926571,
          "ucb1": 0.07717092642620041
        },
        {
          "action": 1,
          "visits": 17872,
          "avg_value": 0.04128440366972457,
          "total_value": 737.8348623853176,
          "ucb1": 0.07717293434466646
        },
        {
          "action": 2,
          "visits": 17872,
          "avg_value": 0.04128440366972457,
          "total_value": 737.8348623853176,
          "ucb1": 0.07717293434466646
        },
        {
          "action": 3,
          "visits": 17872,
          "avg_value": 0.04128440366972457,
          "total_value": 737.8348623853176,
          "ucb1": 0.07717293434466646
        },
        {
          "action": 4,
          "visits": 28510,
          "avg_value": 0.06041900636828057,
          "total_value": 1722.545871559679,
          "ucb1": 0.08883374380338852
        }
      ],
      "selected_action": 4
    },
    {
      "turn": 7,
      "game_state": {
        "dungeon": [
          {
            "value": 14,
            "suit": "\u2660"
          },
          {
            "value": 9,
            "suit": "\u2663"
          },
          {
            "value": 9,
            "suit": "\u2665"
          },
          {
            "value": 7,
            "suit": "\u2663"
          },
          {
            "value": 13,
            "suit": "\u2663"
          },
          {
            "value": 8,
            "suit": "\u2663"
          },
          {
            "value": 5,
            "suit": "\u2666"
          },
          {
            "value": 9,
            "suit": "\u2666"
          },
          {
            "value": 6,
            "suit": "\u2665"
          },
          {
            "value": 3,
            "suit": "\u2666"
          },
          {
            "value": 3,
            "suit": "\u2663"
          },
          {
            "value": 10,
            "suit": "\u2666"
          },
          {
            "value": 4,
            "suit": "\u2665"
          },
          {
            "value": 11,
            "suit": "\u2660"
          },
          {
            "value": 8,
            "suit": "\u2665"
          },
          {
            "value": 12,
            "suit": "\u2660"
          },
          {
            "value": 3,
            "suit": "\u2660"
          },
          {
            "value": 10,
            "suit": "\u2663"
          },
          {
            "value": 8,
            "suit": "\u2666"
          },
          {
            "value": 5,
            "suit": "\u2663"
          },
          {
            "value": 6,
            "suit": "\u2666"
          },
          {
            "value": 10,
            "suit": "\u2665"
          },
          {
            "value": 10,
            "suit": "\u2660"
          },
          {
            "value": 4,
            "suit": "\u2663"
          },
          {
            "value": 5,
            "suit": "\u2660"
          },
          {
            "value": 6,
            "suit": "\u2660"
          },
          {
            "value": 2,
            "suit": "\u2665"
          },
          {
            "value": 5,
            "suit": "\u2665"
          },
          {
            "value": 2,
            "suit": "\u2660"
          },
          {
            "value": 7,
            "suit": "\u2665"
          },
          {
            "value": 13,
            "suit": "\u2660"
          },
          {
            "value": 4,
            "suit": "\u2660"
          },
          {
            "value": 9,
            "suit": "\u2660"
          },
          {
            "value": 14,
            "suit": "\u2663"
          }
        ],
        "room": [
          {
            "value": 8,
            "suit": "\u2660"
          },
          {
            "value": 4,
            "suit": "\u2666"
          },
          {
            "value": 12,
            "suit": "\u2663"
          },
          {
            "value": 7,
            "suit": "\u2666"
          }
        ],
        "discard": [
          {
            "value": 3,
            "suit": "\u2665"
          },
          {
            "value": 7,
            "suit": "\u2660"
          }
        ],
        "equipped_weapon": {
          "value": 2,
          "suit": "\u2666"
        },
        "weapon_monsters": [
          {
            "value": 11,
            "suit": "\u2663"
          },
          {
            "value": 6,
            "suit": "\u2663"
          },
          {
            "value": 2,
            "suit": "\u2663"
          }
        ],
        "used_potion": false,
        "health": 3,
        "number_avoided": 1,
        "last_room_avoided": true,
        "exit": false,
        "score": -179,
        "can_avoid": false,
        "can_use_potion": true,
        "game_over": false
      },
      "mcts_stats": [
        {
          "action": 0,
          "visits": 13795,
          "avg_value": 0.041284403669725675,
          "total_value": 569.5183486238657,
          "ucb1": 0.08213340125022468
        },
        {
          "action": 1,
          "visits": 32691,
          "avg_value": 0.07794601044700476,
          "total_value": 2548.1330275230325,
          "ucb1": 0.1044815640841997
        },
        {
          "action": 2,
          "visits": 13793,
          "avg_value": 0.04128440366972567,
          "total_value": 569.4357798165262,
          "ucb1": 0.08213636271741097
        },
        {
          "action": 3,
          "visits": 39721,
          "avg_value": 0.08425141508813065,
          "total_value": 3346.5504587156374,
          "ucb1": 0.10832452336281075
        }
      ],
      "selected_action": 3
    },
    {
      "turn": 8,
      "game_state": {
        "dungeon": [
          {
            "value": 14,
            "suit": "\u2660"
          },
          {
            "value": 9,
            "suit": "\u2663"
          },
          {
            "value": 9,
            "suit": "\u2665"
          },
          {
            "value": 7,
            "suit": "\u2663"
          },
          {
            "value": 13,
            "suit": "\u2663"
          },
          {
            "value": 8,
            "suit": "\u2663"
          },
          {
            "value": 5,
            "suit": "\u2666"
          },
          {
            "value": 9,
            "suit": "\u2666"
          },
          {
            "value": 6,
            "suit": "\u2665"
          },
          {
            "value": 3,
            "suit": "\u2666"
          },
          {
            "value": 3,
            "suit": "\u2663"
          },
          {
            "value": 10,
            "suit": "\u2666"
          },
          {
            "value": 4,
            "suit": "\u2665"
          },
          {
            "value": 11,
            "suit": "\u2660"
          },
          {
            "value": 8,
            "suit": "\u2665"
          },
          {
            "value": 12,
            "suit": "\u2660"
          },
          {
            "value": 3,
            "suit": "\u2660"
          },
          {
            "value": 10,
            "suit": "\u2663"
          },
          {
            "value": 8,
            "suit": "\u2666"
          },
          {
            "value": 5,
            "suit": "\u2663"
          },
          {
            "value": 6,
            "suit": "\u2666"
          },
          {
            "value": 10,
            "suit": "\u2665"
          },
          {
            "value": 10,
            "suit": "\u2660"
          },
          {
            "value": 4,
            "suit": "\u2663"
          },
          {
            "value": 5,
            "suit": "\u2660"
          },
          {
            "value": 6,
            "suit": "\u2660"
          },
          {
            "value": 2,
            "suit": "\u2665"
          },
          {
            "value": 5,
            "suit": "\u2665"
          },
          {
            "value": 2,
            "suit": "\u2660"
          },
          {
            "value": 7,
            "suit": "\u2665"
          },
          {
            "value": 13,
            "suit": "\u2660"
          },
          {
            "value": 4,
            "suit": "\u2660"
          },
          {
            "value": 9,
            "suit": "\u2660"
          },
          {
            "value": 14,
            "suit": "\u2663"
          }
        ],
        "room": [
          {
            "value": 8,
            "suit": "\u2660"
          },
          {
            "value": 4,
            "suit": "\u2666"
          },
          {
            "value": 12,
            "suit": "\u2663"
          }
        ],
        "discard": [
          {
            "value": 3,
            "suit": "\u2665"
          },
          {
            "value": 7,
            "suit": "\u2660"
          },
          {
            "value": 2,
            "suit": "\u2666"
          },
          {
            "value": 11,
            "suit": "\u2663"
          },
          {
            "value": 6,
            "suit": "\u2663"
          },
          {
            "value": 2,
            "suit": "\u2663"
          }
        ],
        "equipped_weapon": {
          "value": 7,
          "suit": "\u2666"
        },
        "weapon_monsters": [],
        "used_potion": false,
        "health": 3,
        "number_avoided": 1,
        "last_room_avoided": true,
        "exit": false,
        "score": -179,
        "can_avoid": false,
        "can_use_potion": true,
        "game_over": false
      },
      "mcts_stats": [
        {
          "action": 0,
          "visits": 61068,
          "avg_value": 0.1056654846484854,
          "total_value": 6452.7798165137065,
          "ucb1": 0.12508039580420224
        },
        {
          "action": 1,
          "visits": 16469,
          "avg_value": 0.05963302752293505,
          "total_value": 982.0963302752173,
          "ucb1": 0.09701899649519623
        },
        {
          "action": 2,
          "visits": 22463,
          "avg_value": 0.07339449541284764,
          "total_value": 1648.6605504587965,
          "ucb1": 0.10540616881881132
        }
      ],
      "selected_action": 0
    },
    {
      "turn": 9,
      "game_state": {
        "dungeon": [
          {
            "value": 14,
            "suit": "\u2660"
          },
          {
            "value": 9,
            "suit": "\u2663"
          },
          {
            "value": 9,
            "suit": "\u2665"
          },
          {
            "value": 7,
            "suit": "\u2663"
          },
          {
            "value": 13,
            "suit": "\u2663"
          },
          {
            "value": 8,
            "suit": "\u2663"
          },
          {
            "value": 5,
            "suit": "\u2666"
          },
          {
            "value": 9,
            "suit": "\u2666"
          },
          {
            "value": 6,
            "suit": "\u2665"
          },
          {
            "value": 3,
            "suit": "\u2666"
          },
          {
            "value": 3,
            "suit": "\u2663"
          },
          {
            "value": 10,
            "suit": "\u2666"
          },
          {
            "value": 4,
            "suit": "\u2665"
          },
          {
            "value": 11,
            "suit": "\u2660"
          },
          {
            "value": 8,
            "suit": "\u2665"
          },
          {
            "value": 12,
            "suit": "\u2660"
          },
          {
            "value": 3,
            "suit": "\u2660"
          },
          {
            "value": 10,
            "suit": "\u2663"
          },
          {
            "value": 8,
            "suit": "\u2666"
          },
          {
            "value": 5,
            "suit": "\u2663"
          },
          {
            "value": 6,
            "suit": "\u2666"
          },
          {
            "value": 10,
            "suit": "\u2665"
          },
          {
            "value": 10,
            "suit": "\u2660"
          },
          {
            "value": 4,
            "suit": "\u2663"
          },
          {
            "value": 5,
            "suit": "\u2660"
          },
          {
            "value": 6,
            "suit": "\u2660"
          },
          {
            "value": 2,
            "suit": "\u2665"
          },
          {
            "value": 5,
            "suit": "\u2665"
          },
          {
            "value": 2,
            "suit": "\u2660"
          },
          {
            "value": 7,
            "suit": "\u2665"
          },
          {
            "value": 13,
            "suit": "\u2660"
          },
          {
            "value": 4,
            "suit": "\u2660"
          },
          {
            "value": 9,
            "suit": "\u2660"
          },
          {
            "value": 14,
            "suit": "\u2663"
          }
        ],
        "room": [
          {
            "value": 4,
            "suit": "\u2666"
          },
          {
            "value": 12,
            "suit": "\u2663"
          }
        ],
        "discard": [
          {
            "value": 3,
            "suit": "\u2665"
          },
          {
            "value": 7,
            "suit": "\u2660"
          },
          {
            "value": 2,
            "suit": "\u2666"
          },
          {
            "value": 11,
            "suit": "\u2663"
          },
          {
            "value": 6,
            "suit": "\u2663"
          },
          {
            "value": 2,
            "suit": "\u2663"
          }
        ],
        "equipped_weapon": {
          "value": 7,
          "suit": "\u2666"
        },
        "weapon_monsters": [
          {
            "value": 8,
            "suit": "\u2660"
          }
        ],
        "used_potion": false,
        "health": 2,
        "number_avoided": 1,
        "last_room_avoided": true,
        "exit": false,
        "score": -172,
        "can_avoid": false,
        "can_use_potion": true,
        "game_over": false
      },
      "mcts_stats": [
        {
          "action": 0,
          "visits": 79821,
          "avg_value": 0.11641161778378656,
          "total_value": 9292.091743119627,
          "ucb1": 0.13339341590915257
        },
        {
          "action": 1,
          "visits": 20179,
          "avg_value": 0.07339449541284666,
          "total_value": 1481.0275229358328,
          "ucb1": 0.10716926817940806
        }
      ],
      "selected_action": 0
    },
    {
      "turn": 10,
      "game_state": {
        "dungeon": [
          {
            "value": 7,
            "suit": "\u2663"
          },
          {
            "value": 13,
            "suit": "\u2663"
          },
          {
            "value": 8,
            "suit": "\u2663"
          },
          {
            "value": 5,
            "suit": "\u2666"
          },
          {
            "value": 9,
            "suit": "\u2666"
          },
          {
            "value": 6,
            "suit": "\u2665"
          },
          {
            "value": 3,
            "suit": "\u2666"
          },
          {
            "value": 3,
            "suit": "\u2663"
          },
          {
            "value": 10,
            "suit": "\u2666"
          },
          {
            "value": 4,
            "suit": "\u2665"
          },
          {
            "value": 11,
            "suit": "\u2660"
          },
          {
            "value": 8,
            "suit": "\u2665"
          },
          {
            "value": 12,
            "suit": "\u2660"
          },
          {
            "value": 3,
            "suit": "\u2660"
          },
          {
            "value": 10,
            "suit": "\u2663"
          },
          {
            "value": 8,
            "suit": "\u2666"
          },
          {
            "value": 5,
            "suit": "\u2663"
          },
          {
            "value": 6,
            "suit": "\u2666"
          },
          {
            "value": 10,
            "suit": "\u2665"
          },
          {
            "value": 10,
            "suit": "\u2660"
          },
          {
            "value": 4,
            "suit": "\u2663"
          },
          {
            "value": 5,
            "suit": "\u2660"
          },
          {
            "value": 6,
            "suit": "\u2660"
          },
          {
            "value": 2,
            "suit": "\u2665"
          },
          {
            "value": 5,
            "suit": "\u2665"
          },
          {
            "value": 2,
            "suit": "\u2660"
          },
          {
            "value": 7,
            "suit": "\u2665"
          },
          {
            "value": 13,
            "suit": "\u2660"
          },
          {
            "value": 4,
            "suit": "\u2660"
          },
          {
            "value": 9,
            "suit": "\u2660"
          },
          {
            "value": 14,
            "suit": "\u2663"
          }
        ],
        "room": [
          {
            "value": 12,
            "suit": "\u2663"
          },
          {
            "value": 14,
            "suit": "\u2660"
          },
          {
            "value": 9,
            "suit": "\u2663"
          },
          {
            "value": 9,
            "suit": "\u2665"
          }
        ],
        "discard": [
          {
            "value": 3,
            "suit": "\u2665"
          },
          {
            "value": 7,
            "suit": "\u2660"
          },
          {
            "value": 2,
            "suit": "\u2666"
          },
          {
            "value": 11,
            "suit": "\u2663"
          },
          {
            "value": 6,
            "suit": "\u2663"
          },
          {
            "value": 2,
            "suit": "\u2663"
          },
          {
            "value": 7,
            "suit": "\u2666"
          },
          {
            "value": 8,
            "suit": "\u2660"
          }
        ],
        "equipped_weapon": {
          "value": 4,
          "suit": "\u2666"
        },
        "weapon_monsters": [],
        "used_potion": false,
        "health": 2,
        "number_avoided": 1,
        "last_room_avoided": false,
        "exit": false,
        "score": -172,
        "can_avoid": true,
        "can_use_potion": true,
        "game_over": false
      },
      "mcts_stats": [
        {
          "action": 0,
          "visits": 11386,
          "avg_value": 0.09174311926605576,
          "total_value": 1044.5871559633108,
          "ucb1": 0.13670626275239142
        },
        {
          "action": 1,
          "visits": 11387,
          "avg_value": 0.09174311926605576,
          "total_value": 1044.678899082577,
          "ucb1": 0.13670428838993032
        },
        {
          "action": 2,
          "visits": 11386,
          "avg_value": 0.09174311926605576,
          "total_value": 1044.5871559633108,
          "ucb1": 0.13670626275239142
        },
        {
          "action": 3,
          "visits": 37770,
          "avg_value": 0.14366700429688817,
          "total_value": 5426.302752293466,
          "ucb1": 0.16835402967890467
        },
        {
          "action": 4,
          "visits": 28071,
          "avg_value": 0.13357822350206563,
          "total_value": 3749.6743119264843,
          "ucb1": 0.16221428681036376
        }
      ],
      "selected_action": 3
    },
    {
      "turn": 11,
      "game_state": {
        "dungeon": [
          {
            "value": 7,
            "suit": "\u2663"
          },
          {
            "value": 13,
            "suit": "\u2663"
          },
          {
            "value": 8,
            "suit": "\u2663"
          },
          {
            "value": 5,
            "suit": "\u2666"
          },
          {
            "value": 9,
            "suit": "\u2666"
          },
          {
            "value": 6,
            "suit": "\u2665"
          },
          {
            "value": 3,
            "suit": "\u2666"
          },
          {
            "value": 3,
            "suit": "\u2663"
          },
          {
            "value": 10,
            "suit": "\u2666"
          },
          {
            "value": 4,
            "suit": "\u2665"
          },
          {
            "value": 11,
            "suit": "\u2660"
          },
          {
            "value": 8,
            "suit": "\u2665"
          },
          {
            "value": 12,
            "suit": "\u2660"
          },
          {
            "value": 3,
            "suit": "\u2660"
          },
          {
            "value": 10,
            "suit": "\u2663"
          },
          {
            "value": 8,
            "suit": "\u2666"
          },
          {
            "value": 5,
            "suit": "\u2663"
          },
          {
            "value": 6,
            "suit": "\u2666"
          },
          {
            "value": 10,
            "suit": "\u2665"
          },
          {
            "value": 10,
            "suit": "\u2660"
          },
          {
            "value": 4,
            "suit": "\u2663"
          },
          {
            "value": 5,
            "suit": "\u2660"
          },
          {
            "value": 6,
            "suit": "\u2660"
          },
          {
            "value": 2,
            "suit": "\u2665"
          },
          {
            "value": 5,
            "suit": "\u2665"
          },
          {
            "value": 2,
            "suit": "\u2660"
          },
          {
            "value": 7,
            "suit": "\u2665"
          },
          {
            "value": 13,
            "suit": "\u2660"
          },
          {
            "value": 4,
            "suit": "\u2660"
          },
          {
            "value": 9,
            "suit": "\u2660"
          },
          {
            "value": 14,
            "suit": "\u2663"
          }
        ],
        "room": [
          {
            "value": 12,
            "suit": "\u2663"
          },
          {
            "value": 14,
            "suit": "\u2660"
          },
          {
            "value": 9,
            "suit": "\u2663"
          }
        ],
        "discard": [
          {
            "value": 3,
            "suit": "\u2665"
          },
          {
            "value": 7,
            "suit": "\u2660"
          },
          {
            "value": 2,
            "suit": "\u2666"
          },
          {
            "value": 11,
            "suit": "\u2663"
          },
          {
            "value": 6,
            "suit": "\u2663"
          },
          {
            "value": 2,
            "suit": "\u2663"
          },
          {
            "value": 7,
            "suit": "\u2666"
          },
          {
            "value": 8,
            "suit": "\u2660"
          },
          {
            "value": 9,
            "suit": "\u2665"
          }
        ],
        "equipped_weapon": {
          "value": 4,
          "suit": "\u2666"
        },
        "weapon_monsters": [],
        "used_potion": true,
        "health": 11,
        "number_avoided": 1,
        "last_room_avoided": false,
        "exit": false,
        "score": -163,
        "can_avoid": false,
        "can_use_potion": false,
        "game_over": false
      },
      "mcts_stats": [
        {
          "action": 0,
          "visits": 33352,
          "avg_value": 0.14403933797073667,
          "total_value": 4804.00000000001,
          "ucb1": 0.17031062291566657
        },
        {
          "action": 1,
          "visits": 42016,
          "avg_value": 0.15137614678898242,
          "total_value": 6360.220183485885,
          "ucb1": 0.174782561944739
        },
        {
          "action": 2,
          "visits": 24632,
          "avg_value": 0.133027522935777,
          "total_value": 3276.7339449540586,
          "ucb1": 0.1635973103097133
        }
      ],
      "selected_action": 1
    },
    {
      "turn": 12,
      "game_state": {
        "dungeon": [
          {
            "value": 7,
            "suit": "\u2663"
          },
          {
            "value": 13,
            "suit": "\u2663"
          },
          {
            "value": 8,
            "suit": "\u2663"
          },
          {
            "value": 5,
            "suit": "\u2666"
          },
          {
            "value": 9,
            "suit": "\u2666"
          },
          {
            "value": 6,
            "suit": "\u2665"
          },
          {
            "value": 3,
            "suit": "\u2666"
          },
          {
            "value": 3,
            "suit": "\u2663"
          },
          {
            "value": 10,
            "suit": "\u2666"
          },
          {
            "value": 4,
            "suit": "\u2665"
          },
          {
            "value": 11,
            "suit": "\u2660"
          },
          {
            "value": 8,
            "suit": "\u2665"
          },
          {
            "value": 12,
            "suit": "\u2660"
          },
          {
            "value": 3,
            "suit": "\u2660"
          },
          {
            "value": 10,
            "suit": "\u2663"
          },
          {
            "value": 8,
            "suit": "\u2666"
          },
          {
            "value": 5,
            "suit": "\u2663"
          },
          {
            "value": 6,
            "suit": "\u2666"
          },
          {
            "value": 10,
            "suit": "\u2665"
          },
          {
            "value": 10,
            "suit": "\u2660"
          },
          {
            "value": 4,
            "suit": "\u2663"
          },
          {
            "value": 5,
            "suit": "\u2660"
          },
          {
            "value": 6,
            "suit": "\u2660"
          },
          {
            "value": 2,
            "suit": "\u2665"
          },
          {
            "value": 5,
            "suit": "\u2665"
          },
          {
            "value": 2,
            "suit": "\u2660"
          },
          {
            "value": 7,
            "suit": "\u2665"
          },
          {
            "value": 13,
            "suit": "\u2660"
          },
          {
            "value": 4,
            "suit": "\u2660"
          },
          {
            "value": 9,
            "suit": "\u2660"
          },
          {
            "value": 14,
            "suit": "\u2663"
          }
        ],
        "room": [
          {
            "value": 12,
            "suit": "\u2663"
          },
          {
            "value": 9,
            "suit": "\u2663"
          }
        ],
        "discard": [
          {
            "value": 3,
            "suit": "\u2665"
          },
          {
            "value": 7,
            "suit": "\u2660"
          },
          {
            "value": 2,
            "suit": "\u2666"
          },
          {
            "value": 11,
            "suit": "\u2663"
          },
          {
            "value": 6,
            "suit": "\u2663"
          },
          {
            "value": 2,
            "suit": "\u2663"
          },
          {
            "value": 7,
            "suit": "\u2666"
          },
          {
            "value": 8,
            "suit": "\u2660"
          },
          {
            "value": 9,
            "suit": "\u2665"
          }
        ],
        "equipped_weapon": {
          "value": 4,
          "suit": "\u2666"
        },
        "weapon_monsters": [
          {
            "value": 14,
            "suit": "\u2660"
          }
        ],
        "used_potion": true,
        "health": 1,
        "number_avoided": 1,
        "last_room_avoided": false,
        "exit": false,
        "score": -159,
        "can_avoid": false,
        "can_use_potion": false,
        "game_over": false
      },
      "mcts_stats": [
        {
          "action": 0,
          "visits": 50000,
          "avg_value": 0.1513761467889769,
          "total_value": 7568.807339448846,
          "ucb1": 0.17283256639848288
        },
        {
          "action": 1,
          "visits": 50000,
          "avg_value": 0.1513761467889769,
          "total_value": 7568.807339448846,
          "ucb1": 0.17283256639848288
        }
      ],
      "selected_action": 0
    }
  ]
}